Sale_Id,Category,Price,Quantity,Sales,Discount_%,Net_Sales,Date,Country,City,Store_Type,Gender,Rating
SL-00001,Arabic coffee,6.11,95,580.45,10,522.4,2020-12-22,UAE,Abu Dhabi,Hypermarket,Male,1.4
SL-00002,Laban,4.69,4,18.76,0,18.76,2022-03-25,UAE,Abu Dhabi,Hypermarket,Female,1.1
SL-00003,Arabic coffee,11.5,70,805.0,15,684.25,2020-01-27,UAE,Abu Dhabi,Online,Female,4.2
SL-00004,Arabic tea,6.03,90,542.7,15,461.29,2023-10-10,UAE,Sharjah,Convenience Store,Male,4.8
SL-00005,Camel milk,9.11,13,118.43,10,106.59,2025-02-24,UAE,Umm Al Quwain,Convenience Store,Female,4.2
SL-00006,Laban,3.5,49,171.5,0,171.5,2024-01-21,UAE,Ras Al Khaimah,Convenience Store,Female,3.5
SL-00007,Laban,3.77,9,33.93,0,33.93,2022-08-11,UAE,Fujairah,Hypermarket,Female,4.9
SL-00008,Arabic tea,2.51,36,90.36,15,76.81,2022-12-29,UAE,Fujairah,Convenience Store,Male,2.4
SL-00009,Arabic coffee,14.37,83,1192.71,0,1192.71,2025-03-08,UAE,Ras Al Khaimah,Hypermarket,Female,2.0
SL-00010,Juice,5.62,82,460.84,25,345.63,2020-08-17,UAE,Ras Al Khaimah,Hypermarket,Female,4.4
SL-00011,Soft drinks,5.29,41,216.89,15,184.36,2023-07-12,UAE,Sharjah,Supermarket,Male,4.8
SL-00012,Soft drinks,4.62,51,235.62,25,176.71,2022-12-12,UAE,Ajman,Hypermarket,Male,2.0
SL-00013,Arabic coffee,10.85,75,813.75,15,691.69,2025-07-14,UAE,Sharjah,Hypermarket,Other,1.6
SL-00014,Camel milk,17.07,15,256.05,5,243.25,2020-09-17,UAE,Fujairah,Hypermarket,Female,2.7
SL-00015,Juice,6.29,60,377.4,20,301.92,2021-04-14,UAE,Sharjah,Cafe,Female,1.0
SL-00016,Arabic coffee,13.85,97,1343.45,10,1209.11,2025-02-01,UAE,Umm Al Quwain,Convenience Store,Male,2.7
SL-00017,Camel milk,19.45,93,1808.85,10,1627.97,2023-05-07,UAE,Ras Al Khaimah,Hypermarket,Female,1.4
SL-00018,Arabic tea,5.19,78,404.82,5,384.58,2025-12-12,UAE,Abu Dhabi,Convenience Store,Female,3.2
SL-00019,Camel milk,15.19,63,956.97,0,956.97,2023-06-13,UAE,Dubai,Convenience Store,Female,4.3
SL-00020,Soft drinks,2.23,73,162.79,0,162.79,2025-12-21,UAE,Dubai,Online,Female,4.9
SL-00021,Arabic tea,2.63,85,223.55,15,190.02,2024-09-29,UAE,Ras Al Khaimah,Hypermarket,Male,4.5
SL-00022,Soft drinks,5.72,97,554.84,25,416.13,2024-03-09,UAE,Fujairah,Hypermarket,Female,2.6
SL-00023,Juice,9.4,58,545.2,0,545.2,2022-07-31,UAE,Abu Dhabi,Hypermarket,Male,1.1
SL-00024,Laban,3.88,10,38.8,25,29.1,2023-09-15,UAE,Fujairah,Supermarket,Male,4.6
SL-00025,Camel milk,14.17,36,510.12,25,382.59,2025-04-20,UAE,Ajman,Hypermarket,Female,3.9
SL-00026,Soft drinks,5.14,53,272.42,5,258.8,2024-08-10,UAE,Dubai,Supermarket,Female,2.4
SL-00027,Juice,9.18,7,64.26,25,48.19,2021-03-23,UAE,Fujairah,Supermarket,Male,3.9
SL-00028,Soft drinks,2.77,69,191.13,15,162.46,2020-11-04,UAE,Abu Dhabi,Online,Male,2.9
SL-00029,Juice,8.85,71,628.35,0,628.35,2022-08-26,UAE,Dubai,Cafe,Female,4.9
SL-00030,Soft drinks,3.63,62,225.06,5,213.81,2020-01-09,UAE,Umm Al Quwain,Online,Female,1.7
SL-00031,Juice,5.59,59,329.81,10,296.83,2022-02-16,UAE,Ajman,Cafe,Female,2.9
SL-00032,Masala chai,4.09,8,32.72,20,26.18,2020-07-24,UAE,Fujairah,Cafe,Male,2.3
SL-00033,Laban,4.91,68,333.88,5,317.19,2020-10-05,UAE,Dubai,Cafe,Male,1.7
SL-00034,Arabic coffee,13.62,52,708.24,0,708.24,2020-12-01,UAE,Ras Al Khaimah,Hypermarket,Female,1.2
SL-00035,Juice,7.94,73,579.62,20,463.7,2022-09-04,UAE,Sharjah,Convenience Store,Male,3.9
SL-00036,Masala chai,4.98,86,428.28,25,321.21,2020-10-24,UAE,Sharjah,Online,Male,4.0
SL-00037,Camel milk,13.5,73,985.5,0,985.5,2023-11-30,UAE,Dubai,Cafe,Male,2.1
SL-00038,Camel milk,18.55,48,890.4,10,801.36,2025-12-06,UAE,Abu Dhabi,Online,Female,3.8
SL-00039,Camel milk,16.01,71,1136.71,10,1023.04,2021-04-17,UAE,Fujairah,Supermarket,Female,1.5
SL-00040,Camel milk,16.91,20,338.2,10,304.38,2022-12-17,UAE,Sharjah,Cafe,Male,2.4
SL-00041,Laban,4.95,7,34.65,0,34.65,2023-09-28,UAE,Fujairah,Online,Female,1.2
SL-00042,Arabic tea,2.65,34,90.1,5,85.6,2020-02-09,UAE,Fujairah,Online,Female,2.7
SL-00043,Camel milk,8.9,89,792.1,5,752.5,2021-08-29,UAE,Ras Al Khaimah,Supermarket,Female,3.3
SL-00044,Juice,4.76,40,190.4,10,171.36,2022-10-19,UAE,Umm Al Quwain,Supermarket,Female,1.8
SL-00045,Arabic coffee,6.03,100,603.0,20,482.4,2022-08-27,UAE,Umm Al Quwain,Online,Female,4.0
SL-00046,Arabic tea,2.81,23,64.63,15,54.94,2024-08-13,UAE,Dubai,Hypermarket,Female,2.3
SL-00047,Arabic tea,5.35,95,508.25,30,355.78,2024-04-15,UAE,Abu Dhabi,Convenience Store,Male,3.8
SL-00048,Arabic tea,2.19,61,133.59,5,126.91,2022-07-21,UAE,Abu Dhabi,Online,Male,4.3
SL-00049,Soft drinks,2.09,25,52.25,15,44.41,2023-02-17,UAE,Sharjah,Convenience Store,Female,4.9
SL-00050,Masala chai,6.21,52,322.92,25,242.19,2022-12-05,UAE,Umm Al Quwain,Cafe,Male,1.1
SL-00051,Soft drinks,4.32,34,146.88,0,146.88,2023-07-08,UAE,Dubai,Cafe,Male,3.9
SL-00052,Juice,7.64,66,504.24,0,504.24,2024-11-21,UAE,Ajman,Cafe,Male,1.2
SL-00053,Camel milk,14.24,69,982.56,25,736.92,2023-09-14,UAE,Fujairah,Hypermarket,Male,1.3
SL-00054,Laban,4.26,16,68.16,25,51.12,2024-07-06,UAE,Sharjah,Cafe,Male,2.6
SL-00055,Arabic coffee,7.96,17,135.32,5,128.55,2023-05-17,UAE,Ajman,Online,Female,4.6
SL-00056,Juice,7.29,1,7.29,10,6.56,2023-08-12,UAE,Sharjah,Hypermarket,Male,3.3
SL-00057,Juice,6.65,87,578.55,5,549.62,2021-11-26,UAE,Ras Al Khaimah,Online,Female,4.8
SL-00058,Arabic coffee,5.85,66,386.1,25,289.57,2022-08-20,UAE,Fujairah,Cafe,Male,4.3
SL-00059,Arabic coffee,8.1,26,210.6,5,200.07,2020-10-25,UAE,Dubai,Supermarket,Male,2.9
SL-00060,Juice,6.49,81,525.69,20,420.55,2020-01-23,UAE,Abu Dhabi,Online,Female,2.0
SL-00061,Arabic tea,6.3,14,88.2,30,61.74,2025-10-22,UAE,Ajman,Hypermarket,Male,4.8
SL-00062,Juice,4.3,32,137.6,30,96.32,2025-12-15,UAE,Dubai,Online,Male,2.9
SL-00063,Laban,5.38,97,521.86,15,443.58,2024-12-31,UAE,Ras Al Khaimah,Cafe,Male,4.6
SL-00064,Soft drinks,4.97,61,303.17,15,257.69,2025-11-05,UAE,Sharjah,Hypermarket,Female,2.1
SL-00065,Juice,7.76,36,279.36,15,237.46,2020-11-26,UAE,Dubai,Convenience Store,Male,2.3
SL-00066,Soft drinks,2.6,50,130.0,25,97.5,2025-03-23,UAE,Abu Dhabi,Hypermarket,Male,2.6
SL-00067,Juice,4.37,54,235.98,15,200.58,2024-04-07,UAE,Umm Al Quwain,Cafe,Female,1.1
SL-00068,Juice,4.04,46,185.84,10,167.26,2024-09-12,UAE,Umm Al Quwain,Online,Female,4.8
SL-00069,Laban,5.99,70,419.3,30,293.51,2025-06-12,UAE,Ras Al Khaimah,Hypermarket,Male,2.1
SL-00070,Camel milk,12.67,86,1089.62,25,817.22,2021-06-06,UAE,Umm Al Quwain,Online,Female,4.4
SL-00071,Laban,5.14,51,262.14,20,209.71,2025-03-06,UAE,Ras Al Khaimah,Supermarket,Male,2.7
SL-00072,Soft drinks,2.2,49,107.8,10,97.02,2024-04-01,UAE,Abu Dhabi,Online,Male,4.0
SL-00073,Masala chai,6.76,54,365.04,10,328.54,2020-08-01,UAE,Umm Al Quwain,Supermarket,Male,4.0
SL-00074,Masala chai,4.12,9,37.08,30,25.96,2022-03-27,UAE,Fujairah,Supermarket,Female,4.8
SL-00075,Arabic tea,2.1,20,42.0,5,39.9,2022-06-11,UAE,Abu Dhabi,Online,Female,3.3
SL-00076,Juice,8.2,99,811.8,10,730.62,2021-04-14,UAE,Abu Dhabi,Cafe,Female,4.0
SL-00077,Arabic tea,6.1,40,244.0,0,244.0,2024-03-17,UAE,Ras Al Khaimah,Supermarket,Female,3.3
SL-00078,Juice,9.65,26,250.9,0,250.9,2021-05-10,UAE,Ras Al Khaimah,Hypermarket,Male,4.1
SL-00079,Arabic tea,6.92,6,41.52,10,37.37,2023-10-29,UAE,Ras Al Khaimah,Online,Female,1.3
SL-00080,Camel milk,18.19,63,1145.97,0,1145.97,2021-09-18,UAE,Ajman,Convenience Store,Female,4.3
SL-00081,Juice,5.06,67,339.02,25,254.27,2025-06-03,UAE,Sharjah,Cafe,Female,3.2
SL-00082,Juice,6.61,94,621.34,20,497.07,2020-12-20,UAE,Sharjah,Convenience Store,Female,4.3
SL-00083,Masala chai,7.41,32,237.12,30,165.98,2020-04-27,UAE,Ajman,Cafe,Female,2.5
SL-00084,Juice,9.11,24,218.64,15,185.84,2023-02-05,UAE,Abu Dhabi,Convenience Store,Female,2.4
SL-00085,Laban,3.04,25,76.0,0,76.0,2025-05-04,UAE,Abu Dhabi,Online,Male,4.0
SL-00086,Arabic coffee,12.12,58,702.96,30,492.07,2022-09-23,UAE,Dubai,Supermarket,Male,2.6
SL-00087,Masala chai,6.32,48,303.36,15,257.86,2023-09-16,UAE,Ras Al Khaimah,Cafe,Male,5.0
SL-00088,Masala chai,6.51,35,227.85,10,205.06,2021-05-04,UAE,Sharjah,Hypermarket,Male,1.8
SL-00089,Arabic coffee,10.36,98,1015.28,25,761.46,2025-11-18,UAE,Abu Dhabi,Hypermarket,Male,2.9
SL-00090,Laban,4.13,13,53.69,30,37.58,2020-02-27,UAE,Abu Dhabi,Convenience Store,Male,1.7
SL-00091,Arabic coffee,10.34,36,372.24,0,372.24,2025-07-03,UAE,Dubai,Cafe,Male,4.8
SL-00092,Camel milk,18.47,74,1366.78,10,1230.1,2020-07-29,UAE,Ajman,Online,Male,1.7
SL-00093,Masala chai,7.71,62,478.02,0,478.02,2020-08-07,UAE,Umm Al Quwain,Supermarket,Male,1.3
SL-00094,Soft drinks,2.6,73,189.8,10,170.82,2022-07-13,UAE,Dubai,Hypermarket,Male,4.1
SL-00095,Arabic tea,4.61,58,267.38,15,227.27,2020-09-03,UAE,Sharjah,Cafe,Other,2.2
SL-00096,Laban,6.84,13,88.92,30,62.24,2022-09-09,UAE,Abu Dhabi,Hypermarket,Male,1.3
SL-00097,Soft drinks,4.21,21,88.41,0,88.41,2020-05-13,UAE,Ajman,Online,Female,2.9
SL-00098,Soft drinks,3.15,37,116.55,25,87.41,2022-12-19,UAE,Umm Al Quwain,Online,Male,1.9
SL-00099,Arabic tea,5.96,76,452.96,25,339.72,2021-09-02,UAE,Umm Al Quwain,Hypermarket,Male,3.2
SL-00100,Masala chai,7.13,10,71.3,0,71.3,2023-03-28,UAE,Abu Dhabi,Convenience Store,Female,4.3
SL-00101,Juice,4.75,89,422.75,10,380.48,2025-07-15,UAE,Fujairah,Online,Female,3.0
SL-00102,Juice,4.48,6,26.88,15,22.85,2022-07-26,UAE,Fujairah,Convenience Store,Female,1.1
SL-00103,Arabic coffee,13.36,74,988.64,20,790.91,2021-12-18,UAE,Dubai,Convenience Store,Female,4.1
SL-00104,Juice,7.11,57,405.27,10,364.74,2021-01-08,UAE,Abu Dhabi,Cafe,Male,4.3
SL-00105,Juice,6.09,43,261.87,10,235.68,2025-07-22,UAE,Fujairah,Supermarket,Female,2.3
SL-00106,Masala chai,6.31,52,328.12,30,229.68,2022-10-30,UAE,Umm Al Quwain,Cafe,Male,1.4
SL-00107,Masala chai,3.58,99,354.42,15,301.26,2025-03-07,UAE,Umm Al Quwain,Cafe,Female,1.0
SL-00108,Juice,4.33,67,290.11,10,261.1,2022-04-13,UAE,Ras Al Khaimah,Online,Female,4.0
SL-00109,Masala chai,5.75,37,212.75,15,180.84,2022-09-07,UAE,Fujairah,Online,Male,4.9
SL-00110,Arabic coffee,6.58,71,467.18,0,467.18,2021-04-09,UAE,Ras Al Khaimah,Online,Male,5.0
SL-00111,Juice,9.68,83,803.44,30,562.41,2023-01-24,UAE,Abu Dhabi,Online,Female,2.2
SL-00112,Juice,9.01,61,549.61,5,522.13,2025-09-12,UAE,Ajman,Cafe,Male,1.8
SL-00113,Arabic coffee,13.79,9,124.11,10,111.7,2022-12-30,UAE,Umm Al Quwain,Online,Male,4.2
SL-00114,Arabic tea,2.01,93,186.93,10,168.24,2021-08-31,UAE,Umm Al Quwain,Cafe,Female,3.6
SL-00115,Juice,7.23,45,325.35,10,292.82,2022-02-11,UAE,Ras Al Khaimah,Cafe,Male,4.7
SL-00116,Arabic coffee,7.39,50,369.5,5,351.02,2024-04-10,UAE,Umm Al Quwain,Online,Male,4.0
SL-00117,Juice,9.93,84,834.12,5,792.41,2023-09-21,UAE,Ajman,Supermarket,Male,4.9
SL-00118,Arabic tea,2.5,57,142.5,0,142.5,2021-09-24,UAE,Ras Al Khaimah,Online,Male,1.6
SL-00119,Camel milk,13.63,34,463.42,10,417.08,2025-12-25,UAE,Ras Al Khaimah,Online,Female,4.4
SL-00120,Juice,9.72,81,787.32,25,590.49,2020-10-07,UAE,Umm Al Quwain,Online,Female,1.1
SL-00121,Soft drinks,4.52,37,167.24,5,158.88,2021-02-15,UAE,Fujairah,Supermarket,Male,1.4
SL-00122,Juice,5.0,39,195.0,0,195.0,2024-03-15,UAE,Dubai,Convenience Store,Female,2.2
SL-00123,Juice,4.87,68,331.16,15,281.49,2024-04-15,UAE,Ras Al Khaimah,Hypermarket,Male,1.3
SL-00124,Laban,5.73,64,366.72,20,293.38,2022-11-11,UAE,Abu Dhabi,Hypermarket,Male,2.0
SL-00125,Arabic coffee,5.09,60,305.4,10,274.86,2023-11-16,UAE,Fujairah,Cafe,Male,2.8
SL-00126,Laban,4.2,55,231.0,25,173.25,2024-04-24,UAE,Sharjah,Online,Female,1.8
SL-00127,Arabic tea,4.42,31,137.02,15,116.47,2023-04-24,UAE,Ras Al Khaimah,Convenience Store,Female,5.0
SL-00128,Camel milk,19.74,85,1677.9,15,1426.21,2020-07-19,UAE,Sharjah,Supermarket,Female,3.7
SL-00129,Laban,5.98,37,221.26,30,154.88,2022-02-17,UAE,Umm Al Quwain,Hypermarket,Female,2.4
SL-00130,Laban,4.0,97,388.0,25,291.0,2020-06-10,UAE,Umm Al Quwain,Hypermarket,Female,4.6
SL-00131,Masala chai,6.94,5,34.7,20,27.76,2024-08-28,UAE,Sharjah,Hypermarket,Male,2.2
SL-00132,Soft drinks,2.8,70,196.0,10,176.4,2022-11-18,UAE,Ras Al Khaimah,Cafe,Female,4.3
SL-00133,Arabic tea,6.72,38,255.36,25,191.52,2020-11-04,UAE,Umm Al Quwain,Convenience Store,Female,2.9
SL-00134,Soft drinks,5.02,29,145.58,30,101.91,2024-02-07,UAE,Fujairah,Online,Female,4.2
SL-00135,Camel milk,17.49,2,34.98,10,31.48,2022-12-09,UAE,Ras Al Khaimah,Supermarket,Male,3.7
SL-00136,Laban,4.52,82,370.64,10,333.58,2023-09-05,UAE,Dubai,Hypermarket,Male,3.5
SL-00137,Laban,3.89,9,35.01,25,26.26,2024-07-30,UAE,Umm Al Quwain,Online,Female,2.2
SL-00138,Camel milk,9.68,5,48.4,10,43.56,2021-07-09,UAE,Ajman,Supermarket,Male,4.5
SL-00139,Juice,6.72,86,577.92,25,433.44,2021-09-24,UAE,Fujairah,Cafe,Male,4.0
SL-00140,Juice,7.93,63,499.59,20,399.67,2024-12-21,UAE,Ajman,Convenience Store,Male,2.5
SL-00141,Juice,9.7,47,455.9,0,455.9,2024-01-09,UAE,Fujairah,Convenience Store,Female,4.9
SL-00142,Camel milk,12.78,25,319.5,0,319.5,2020-03-28,UAE,Umm Al Quwain,Online,Male,1.8
SL-00143,Camel milk,17.44,32,558.08,5,530.18,2022-04-28,UAE,Umm Al Quwain,Cafe,Male,4.3
SL-00144,Laban,3.86,30,115.8,10,104.22,2023-02-09,UAE,Umm Al Quwain,Hypermarket,Female,3.4
SL-00145,Arabic tea,6.92,17,117.64,20,94.11,2021-06-23,UAE,Sharjah,Hypermarket,Male,4.5
SL-00146,Camel milk,12.3,31,381.3,20,305.04,2024-09-20,UAE,Sharjah,Supermarket,Male,1.2
SL-00147,Laban,3.45,9,31.05,15,26.39,2025-08-25,UAE,Ajman,Convenience Store,Female,1.4
SL-00148,Soft drinks,5.78,6,34.68,25,26.01,2020-05-07,UAE,Umm Al Quwain,Cafe,Male,3.6
SL-00149,Camel milk,19.98,52,1038.96,15,883.12,2020-10-28,UAE,Fujairah,Supermarket,Female,4.6
SL-00150,Camel milk,11.87,19,225.53,0,225.53,2023-08-24,UAE,Abu Dhabi,Convenience Store,Female,3.3
SL-00151,Juice,9.97,68,677.96,10,610.16,2021-04-13,UAE,Ajman,Cafe,Female,1.4
SL-00152,Arabic tea,5.27,99,521.73,20,417.38,2024-08-21,UAE,Fujairah,Hypermarket,Male,4.6
SL-00153,Masala chai,7.14,52,371.28,15,315.59,2022-11-10,UAE,Fujairah,Supermarket,Male,2.3
SL-00154,Masala chai,7.77,88,683.76,15,581.2,2021-01-30,UAE,Dubai,Supermarket,Female,1.4
SL-00155,Arabic coffee,12.39,17,210.63,20,168.5,2021-05-15,UAE,Dubai,Cafe,Female,3.2
SL-00156,Juice,6.12,86,526.32,30,368.42,2023-12-11,UAE,Ajman,Supermarket,Female,3.4
SL-00157,Camel milk,14.94,28,418.32,5,397.4,2024-02-14,UAE,Fujairah,Online,Male,1.4
SL-00158,Camel milk,17.15,74,1269.1,5,1205.65,2020-04-17,UAE,Umm Al Quwain,Online,Female,4.9
SL-00159,Laban,6.72,89,598.08,10,538.27,2023-10-23,UAE,Dubai,Hypermarket,Male,4.0
SL-00160,Masala chai,3.03,19,57.57,20,46.06,2020-05-05,UAE,Fujairah,Online,Male,4.0
SL-00161,Camel milk,16.95,28,474.6,15,403.41,2023-08-21,UAE,Ajman,Online,Male,2.5
SL-00162,Arabic tea,6.71,77,516.67,0,516.67,2020-11-30,UAE,Dubai,Hypermarket,Male,3.5
SL-00163,Masala chai,5.22,55,287.1,15,244.04,2025-09-29,UAE,Ras Al Khaimah,Online,Male,1.9
SL-00164,Camel milk,12.14,15,182.1,10,163.89,2020-07-05,UAE,Fujairah,Cafe,Male,3.7
SL-00165,Soft drinks,3.58,77,275.66,0,275.66,2021-07-16,UAE,Dubai,Hypermarket,Male,1.8
SL-00166,Arabic tea,3.28,42,137.76,0,137.76,2024-04-06,UAE,Dubai,Online,Female,1.7
SL-00167,Laban,5.81,65,377.65,20,302.12,2020-06-22,UAE,Umm Al Quwain,Convenience Store,Male,4.4
SL-00168,Juice,4.11,10,41.1,30,28.77,2024-09-06,UAE,Sharjah,Cafe,Male,2.6
SL-00169,Masala chai,3.58,3,10.74,10,9.67,2024-01-22,UAE,Abu Dhabi,Cafe,Male,3.8
SL-00170,Camel milk,13.24,14,185.36,5,176.09,2023-06-24,UAE,Ajman,Cafe,Male,1.3
SL-00171,Arabic coffee,8.4,43,361.2,30,252.84,2025-09-19,UAE,Abu Dhabi,Supermarket,Female,1.5
SL-00172,Soft drinks,5.62,45,252.9,10,227.61,2022-03-19,UAE,Fujairah,Hypermarket,Male,1.6
SL-00173,Soft drinks,4.41,98,432.18,30,302.53,2025-07-16,UAE,Fujairah,Supermarket,Male,4.1
SL-00174,Juice,8.53,98,835.94,20,668.75,2023-08-16,UAE,Ajman,Cafe,Female,4.9
SL-00175,Arabic tea,6.85,41,280.85,5,266.81,2023-01-30,UAE,Ajman,Supermarket,Male,3.5
SL-00176,Laban,3.22,65,209.3,0,209.3,2023-03-21,UAE,Sharjah,Online,Male,1.2
SL-00177,Camel milk,15.74,12,188.88,20,151.1,2020-06-17,UAE,Ras Al Khaimah,Cafe,Male,3.3
SL-00178,Juice,9.45,74,699.3,25,524.48,2020-09-10,UAE,Abu Dhabi,Convenience Store,Female,3.0
SL-00179,Juice,4.62,44,203.28,25,152.46,2024-11-28,UAE,Dubai,Cafe,Female,1.2
SL-00180,Juice,7.14,79,564.06,5,535.86,2023-10-17,UAE,Sharjah,Convenience Store,Female,2.5
SL-00181,Arabic coffee,10.98,81,889.38,25,667.04,2024-05-02,UAE,Sharjah,Supermarket,Male,3.2
SL-00182,Masala chai,4.26,85,362.1,20,289.68,2021-08-02,UAE,Umm Al Quwain,Hypermarket,Male,3.3
SL-00183,Masala chai,4.55,84,382.2,25,286.65,2020-12-13,UAE,Fujairah,Online,Male,3.8
SL-00184,Masala chai,5.79,83,480.57,30,336.4,2025-11-26,UAE,Sharjah,Hypermarket,Female,4.3
SL-00185,Camel milk,15.75,55,866.25,20,693.0,2022-05-27,UAE,Sharjah,Supermarket,Male,1.7
SL-00186,Masala chai,7.74,63,487.62,5,463.24,2021-02-18,UAE,Abu Dhabi,Hypermarket,Male,2.2
SL-00187,Laban,6.08,95,577.6,20,462.08,2024-03-23,UAE,Dubai,Convenience Store,Female,3.5
SL-00188,Soft drinks,2.65,89,235.85,30,165.1,2024-02-01,UAE,Ras Al Khaimah,Hypermarket,Female,1.2
SL-00189,Arabic coffee,12.2,57,695.4,20,556.32,2025-04-05,UAE,Sharjah,Online,Male,2.0
SL-00190,Arabic tea,2.97,87,258.39,20,206.71,2025-08-21,UAE,Ajman,Online,Female,4.1
SL-00191,Laban,4.67,21,98.07,30,68.65,2025-05-22,UAE,Abu Dhabi,Cafe,Male,2.0
SL-00192,Arabic tea,3.86,14,54.04,25,40.53,2021-10-18,UAE,Umm Al Quwain,Cafe,Female,2.1
SL-00193,Masala chai,5.25,66,346.5,5,329.18,2025-01-21,UAE,Umm Al Quwain,Online,Male,4.6
SL-00194,Masala chai,7.65,54,413.1,0,413.1,2020-11-30,UAE,Ajman,Cafe,Male,2.5
SL-00195,Masala chai,4.12,41,168.92,0,168.92,2023-03-21,UAE,Umm Al Quwain,Convenience Store,Female,1.6
SL-00196,Arabic tea,4.36,18,78.48,30,54.94,2020-11-20,UAE,Fujairah,Online,Male,1.0
SL-00197,Camel milk,11.07,20,221.4,20,177.12,2023-03-26,UAE,Fujairah,Cafe,Female,1.4
SL-00198,Soft drinks,3.2,7,22.4,5,21.28,2025-08-09,UAE,Ajman,Cafe,Male,1.4
SL-00199,Laban,5.14,81,416.34,20,333.07,2020-01-07,UAE,Ras Al Khaimah,Hypermarket,Female,2.2
SL-00200,Laban,4.41,74,326.34,15,277.39,2025-11-24,UAE,Abu Dhabi,Supermarket,Female,2.4
SL-00201,Laban,5.03,65,326.95,20,261.56,2024-05-03,UAE,Dubai,Online,Female,1.2
SL-00202,Masala chai,4.27,3,12.81,10,11.53,2021-02-28,UAE,Umm Al Quwain,Supermarket,Male,3.9
SL-00203,Arabic tea,4.91,97,476.27,10,428.64,2021-12-18,UAE,Abu Dhabi,Supermarket,Male,2.4
SL-00204,Arabic tea,5.9,60,354.0,25,265.5,2025-02-17,UAE,Ajman,Hypermarket,Female,1.3
SL-00205,Camel milk,11.52,6,69.12,30,48.38,2024-06-19,UAE,Abu Dhabi,Supermarket,Male,2.2
SL-00206,Arabic tea,4.72,33,155.76,0,155.76,2020-07-14,UAE,Umm Al Quwain,Hypermarket,Male,4.4
SL-00207,Arabic tea,5.28,35,184.8,0,184.8,2024-12-06,UAE,Umm Al Quwain,Convenience Store,Male,2.6
SL-00208,Juice,6.03,24,144.72,15,123.01,2022-12-28,UAE,Fujairah,Online,Male,4.2
SL-00209,Arabic tea,2.41,55,132.55,0,132.55,2023-04-18,UAE,Ajman,Cafe,Other,1.7
SL-00210,Masala chai,3.51,42,147.42,25,110.57,2021-11-13,UAE,Sharjah,Convenience Store,Male,3.9
SL-00211,Arabic coffee,9.44,58,547.52,0,547.52,2020-08-22,UAE,Fujairah,Convenience Store,Female,2.7
SL-00212,Camel milk,16.05,52,834.6,10,751.14,2024-11-29,UAE,Ras Al Khaimah,Hypermarket,Female,1.6
SL-00213,Camel milk,9.51,31,294.81,30,206.37,2020-05-12,UAE,Fujairah,Convenience Store,Male,4.8
SL-00214,Laban,3.61,58,209.38,10,188.44,2025-12-08,UAE,Sharjah,Online,Female,3.3
SL-00215,Masala chai,4.99,84,419.16,10,377.24,2025-10-21,UAE,Abu Dhabi,Supermarket,Male,1.7
SL-00216,Juice,9.48,16,151.68,10,136.51,2023-03-15,UAE,Umm Al Quwain,Convenience Store,Female,1.9
SL-00217,Arabic coffee,14.16,63,892.08,5,847.48,2024-12-28,UAE,Dubai,Hypermarket,Female,2.8
SL-00218,Camel milk,17.73,41,726.93,25,545.2,2023-05-13,UAE,Sharjah,Supermarket,Female,2.2
SL-00219,Arabic tea,2.79,91,253.89,25,190.42,2021-05-12,UAE,Fujairah,Hypermarket,Female,3.0
SL-00220,Soft drinks,5.17,31,160.27,30,112.19,2025-03-29,UAE,Ajman,Supermarket,Male,3.3
SL-00221,Arabic tea,6.92,17,117.64,20,94.11,2025-05-14,UAE,Dubai,Supermarket,Male,5.0
SL-00222,Laban,4.64,53,245.92,30,172.14,2020-10-30,UAE,Ras Al Khaimah,Supermarket,Male,2.3
SL-00223,Juice,6.79,67,454.93,10,409.44,2021-06-12,UAE,Abu Dhabi,Cafe,Female,1.7
SL-00224,Juice,7.02,8,56.16,30,39.31,2023-08-14,UAE,Dubai,Cafe,Male,1.7
SL-00225,Arabic coffee,7.25,67,485.75,10,437.17,2023-01-29,UAE,Umm Al Quwain,Supermarket,Male,3.5
SL-00226,Soft drinks,4.5,79,355.5,20,284.4,2021-09-23,UAE,Dubai,Cafe,Female,3.4
SL-00227,Soft drinks,4.63,93,430.59,20,344.47,2020-11-28,UAE,Sharjah,Cafe,Male,4.5
SL-00228,Camel milk,19.38,99,1918.62,20,1534.9,2020-05-04,UAE,Sharjah,Hypermarket,Female,2.7
SL-00229,Juice,9.33,70,653.1,10,587.79,2024-07-21,UAE,Fujairah,Convenience Store,Male,4.2
SL-00230,Masala chai,5.27,89,469.03,0,469.03,2023-10-25,UAE,Abu Dhabi,Online,Male,2.9
SL-00231,Laban,3.57,92,328.44,10,295.6,2024-02-26,UAE,Fujairah,Convenience Store,Female,1.5
SL-00232,Laban,5.25,41,215.25,5,204.49,2021-01-31,UAE,Ajman,Supermarket,Male,2.0
SL-00233,Camel milk,11.48,50,574.0,30,401.8,2021-10-16,UAE,Ras Al Khaimah,Online,Male,4.5
SL-00234,Arabic tea,3.64,74,269.36,25,202.02,2025-10-09,UAE,Sharjah,Hypermarket,Female,3.0
SL-00235,Juice,6.99,40,279.6,15,237.66,2022-09-13,UAE,Dubai,Supermarket,Female,3.0
SL-00236,Soft drinks,4.33,7,30.31,0,30.31,2025-04-11,UAE,Sharjah,Online,Female,4.4
SL-00237,Masala chai,5.68,14,79.52,15,67.59,2024-02-07,UAE,Abu Dhabi,Convenience Store,Female,4.1
SL-00238,Camel milk,12.81,73,935.13,20,748.1,2025-08-27,UAE,Abu Dhabi,Convenience Store,Female,1.3
SL-00239,Juice,8.59,36,309.24,30,216.47,2024-06-01,UAE,Ras Al Khaimah,Cafe,Male,4.9
SL-00240,Masala chai,6.97,44,306.68,20,245.34,2025-08-10,UAE,Sharjah,Hypermarket,Male,3.0
SL-00241,Camel milk,8.54,18,153.72,25,115.29,2025-10-12,UAE,Sharjah,Online,Female,1.6
SL-00242,Soft drinks,3.31,79,261.49,10,235.34,2023-05-10,UAE,Abu Dhabi,Online,Other,4.0
SL-00243,Laban,4.35,66,287.1,20,229.68,2024-02-17,UAE,Ajman,Cafe,Male,4.3
SL-00244,Masala chai,6.37,54,343.98,20,275.18,2022-07-21,UAE,Sharjah,Supermarket,Female,2.1
SL-00245,Arabic coffee,5.51,62,341.62,5,324.54,2022-09-19,UAE,Ras Al Khaimah,Cafe,Female,2.5
SL-00246,Camel milk,14.87,90,1338.3,0,1338.3,2024-08-18,UAE,Abu Dhabi,Supermarket,Male,2.7
SL-00247,Arabic coffee,7.04,65,457.6,30,320.32,2020-09-12,UAE,Ras Al Khaimah,Online,Female,3.9
SL-00248,Arabic coffee,6.38,27,172.26,20,137.81,2021-12-10,UAE,Sharjah,Online,Female,2.3
SL-00249,Juice,9.47,44,416.68,20,333.34,2022-10-06,UAE,Sharjah,Convenience Store,Female,1.8
SL-00250,Masala chai,5.79,29,167.91,10,151.12,2025-06-25,UAE,Umm Al Quwain,Convenience Store,Female,3.8
SL-00251,Masala chai,5.4,72,388.8,30,272.16,2024-04-04,UAE,Fujairah,Convenience Store,Male,3.3
SL-00252,Juice,8.91,99,882.09,30,617.46,2020-11-19,UAE,Abu Dhabi,Convenience Store,Male,4.8
SL-00253,Masala chai,7.62,84,640.08,10,576.07,2023-01-15,UAE,Fujairah,Online,Male,4.3
SL-00254,Laban,5.78,18,104.04,0,104.04,2025-12-15,UAE,Ras Al Khaimah,Cafe,Male,1.2
SL-00255,Soft drinks,4.55,7,31.85,0,31.85,2021-07-17,UAE,Ajman,Convenience Store,Female,1.4
SL-00256,Camel milk,19.57,21,410.97,15,349.32,2023-03-22,UAE,Fujairah,Online,Male,1.8
SL-00257,Masala chai,4.43,8,35.44,30,24.81,2020-06-01,UAE,Dubai,Cafe,Male,4.0
SL-00258,Soft drinks,3.67,23,84.41,0,84.41,2023-03-31,UAE,Umm Al Quwain,Online,Female,1.7
SL-00259,Camel milk,8.11,73,592.03,20,473.62,2025-11-17,UAE,Dubai,Convenience Store,Male,5.0
SL-00260,Juice,9.34,18,168.12,30,117.68,2023-09-16,UAE,Ras Al Khaimah,Online,Male,4.2
SL-00261,Soft drinks,4.92,83,408.36,10,367.52,2023-04-23,UAE,Fujairah,Hypermarket,Male,2.3
SL-00262,Laban,5.7,25,142.5,5,135.38,2020-12-21,UAE,Ras Al Khaimah,Online,Female,3.1
SL-00263,Juice,8.02,24,192.48,5,182.86,2024-04-20,UAE,Ajman,Convenience Store,Female,1.0
SL-00264,Soft drinks,3.79,35,132.65,10,119.38,2024-01-12,UAE,Sharjah,Cafe,Female,1.0
SL-00265,Arabic coffee,7.36,86,632.96,0,632.96,2023-06-27,UAE,Ajman,Convenience Store,Male,3.7
SL-00266,Arabic coffee,6.17,38,234.46,10,211.01,2021-09-19,UAE,Ras Al Khaimah,Hypermarket,Male,1.5
SL-00267,Juice,8.49,78,662.22,10,596.0,2022-06-13,UAE,Ajman,Cafe,Female,4.0
SL-00268,Arabic tea,3.24,97,314.28,20,251.42,2024-01-21,UAE,Umm Al Quwain,Supermarket,Female,3.1
SL-00269,Camel milk,19.01,15,285.15,0,285.15,2021-09-05,UAE,Umm Al Quwain,Cafe,Female,1.8
SL-00270,Soft drinks,3.31,67,221.77,15,188.5,2025-09-21,UAE,Dubai,Hypermarket,Female,3.0
SL-00271,Juice,8.85,59,522.15,5,496.04,2025-03-08,UAE,Ras Al Khaimah,Online,Male,1.2
SL-00272,Arabic coffee,13.07,93,1215.51,0,1215.51,2020-10-26,UAE,Ajman,Convenience Store,Female,4.0
SL-00273,Camel milk,13.08,90,1177.2,0,1177.2,2025-04-17,UAE,Ras Al Khaimah,Supermarket,Female,1.3
SL-00274,Camel milk,11.45,24,274.8,30,192.36,2025-01-11,UAE,Abu Dhabi,Online,Male,4.6
SL-00275,Arabic tea,6.59,49,322.91,15,274.47,2021-04-30,UAE,Dubai,Cafe,Male,4.4
SL-00276,Soft drinks,5.97,51,304.47,20,243.58,2023-05-07,UAE,Abu Dhabi,Hypermarket,Female,4.0
SL-00277,Juice,8.04,70,562.8,15,478.38,2023-11-18,UAE,Ras Al Khaimah,Online,Female,2.0
SL-00278,Soft drinks,3.1,93,288.3,30,201.81,2020-03-05,UAE,Dubai,Supermarket,Female,2.7
SL-00279,Soft drinks,2.82,13,36.66,20,29.33,2020-07-18,UAE,Dubai,Online,Female,3.8
SL-00280,Soft drinks,4.96,52,257.92,15,219.23,2020-08-19,UAE,Abu Dhabi,Cafe,Male,4.5
SL-00281,Soft drinks,4.02,38,152.76,5,145.12,2023-08-06,UAE,Umm Al Quwain,Cafe,Male,3.4
SL-00282,Soft drinks,3.21,19,60.99,25,45.74,2021-12-18,UAE,Ras Al Khaimah,Hypermarket,Male,2.1
SL-00283,Arabic coffee,11.79,72,848.88,15,721.55,2025-11-18,UAE,Dubai,Convenience Store,Female,3.7
SL-00284,Masala chai,6.48,53,343.44,5,326.27,2022-09-14,UAE,Sharjah,Online,Male,3.2
SL-00285,Arabic tea,3.13,91,284.83,5,270.59,2024-09-02,UAE,Umm Al Quwain,Online,Female,3.2
SL-00286,Laban,5.12,50,256.0,5,243.2,2025-01-16,UAE,Sharjah,Hypermarket,Male,1.3
SL-00287,Arabic tea,3.86,69,266.34,25,199.76,2020-06-10,UAE,Umm Al Quwain,Hypermarket,Male,2.5
SL-00288,Arabic tea,2.36,98,231.28,20,185.02,2023-09-25,UAE,Fujairah,Cafe,Male,1.8
SL-00289,Masala chai,7.79,2,15.58,5,14.8,2022-09-20,UAE,Abu Dhabi,Supermarket,Female,4.0
SL-00290,Arabic coffee,11.04,27,298.08,15,253.37,2025-03-24,UAE,Abu Dhabi,Cafe,Male,2.1
SL-00291,Laban,5.59,40,223.6,10,201.24,2025-04-07,UAE,Sharjah,Cafe,Female,2.9
SL-00292,Arabic tea,6.2,27,167.4,10,150.66,2021-08-20,UAE,Sharjah,Online,Male,4.5
SL-00293,Camel milk,11.13,75,834.75,20,667.8,2022-07-31,UAE,Fujairah,Online,Male,1.8
SL-00294,Juice,7.42,32,237.44,15,201.82,2025-07-02,UAE,Ras Al Khaimah,Convenience Store,Male,4.3
SL-00295,Juice,5.01,46,230.46,5,218.94,2020-08-28,UAE,Abu Dhabi,Cafe,Male,4.7
SL-00296,Laban,3.14,10,31.4,30,21.98,2022-08-05,UAE,Fujairah,Supermarket,Female,2.6
SL-00297,Camel milk,16.49,2,32.98,5,31.33,2025-06-02,UAE,Ras Al Khaimah,Online,Male,3.5
SL-00298,Arabic coffee,9.88,1,9.88,20,7.9,2023-01-30,UAE,Ras Al Khaimah,Online,Male,3.1
SL-00299,Laban,6.91,3,20.73,20,16.58,2021-03-14,UAE,Umm Al Quwain,Online,Female,4.6
SL-00300,Camel milk,14.29,31,442.99,5,420.84,2024-06-13,UAE,Ras Al Khaimah,Cafe,Male,2.4
SL-00301,Camel milk,12.48,52,648.96,15,551.62,2020-11-26,UAE,Ras Al Khaimah,Hypermarket,Other,1.9
SL-00302,Arabic coffee,14.92,84,1253.28,30,877.3,2025-05-03,UAE,Dubai,Supermarket,Male,2.5
SL-00303,Camel milk,15.64,90,1407.6,5,1337.22,2023-09-18,UAE,Dubai,Online,Female,3.6
SL-00304,Laban,6.91,13,89.83,20,71.86,2025-05-01,UAE,Dubai,Hypermarket,Male,4.5
SL-00305,Masala chai,3.23,10,32.3,25,24.23,2023-07-12,UAE,Sharjah,Cafe,Female,1.1
SL-00306,Camel milk,19.54,76,1485.04,5,1410.79,2022-09-11,UAE,Umm Al Quwain,Online,Female,2.2
SL-00307,Laban,6.34,50,317.0,25,237.75,2020-11-17,UAE,Ras Al Khaimah,Convenience Store,Male,4.0
SL-00308,Laban,5.98,45,269.1,0,269.1,2024-06-12,UAE,Dubai,Online,Male,1.3
SL-00309,Arabic tea,3.63,82,297.66,10,267.89,2024-03-17,UAE,Umm Al Quwain,Online,Female,2.4
SL-00310,Juice,5.11,75,383.25,25,287.44,2022-10-06,UAE,Ajman,Supermarket,Female,2.2
SL-00311,Arabic coffee,5.74,35,200.9,5,190.86,2021-03-12,UAE,Ajman,Hypermarket,Female,2.3
SL-00312,Camel milk,8.06,40,322.4,15,274.04,2024-10-31,UAE,Sharjah,Convenience Store,Male,1.3
SL-00313,Juice,7.34,66,484.44,15,411.77,2023-08-21,UAE,Dubai,Supermarket,Male,3.2
SL-00314,Arabic tea,3.93,38,149.34,15,126.94,2022-09-21,UAE,Ajman,Supermarket,Female,3.2
SL-00315,Laban,5.08,88,447.04,15,379.98,2021-08-20,UAE,Abu Dhabi,Hypermarket,Male,2.1
SL-00316,Camel milk,10.01,36,360.36,15,306.31,2022-10-07,UAE,Sharjah,Online,Female,2.4
SL-00317,Arabic coffee,11.25,77,866.25,20,693.0,2024-06-08,UAE,Abu Dhabi,Online,Male,2.2
SL-00318,Masala chai,7.21,49,353.29,30,247.3,2021-07-11,UAE,Umm Al Quwain,Convenience Store,Male,2.7
SL-00319,Masala chai,4.6,89,409.4,5,388.93,2023-07-31,UAE,Ajman,Convenience Store,Male,2.6
SL-00320,Masala chai,6.67,82,546.94,15,464.9,2024-05-28,UAE,Ras Al Khaimah,Hypermarket,Male,2.1
SL-00321,Masala chai,3.57,73,260.61,5,247.58,2020-04-20,UAE,Ras Al Khaimah,Cafe,Male,4.1
SL-00322,Arabic coffee,9.62,91,875.42,5,831.65,2024-08-02,UAE,Ajman,Convenience Store,Female,1.3
SL-00323,Arabic coffee,9.99,82,819.18,10,737.26,2024-03-24,UAE,Abu Dhabi,Convenience Store,Female,3.9
SL-00324,Camel milk,13.39,77,1031.03,15,876.38,2024-09-09,UAE,Ras Al Khaimah,Online,Female,4.7
SL-00325,Laban,3.15,47,148.05,25,111.04,2021-03-23,UAE,Umm Al Quwain,Cafe,Female,4.7
SL-00326,Arabic tea,3.24,86,278.64,10,250.78,2024-06-24,UAE,Abu Dhabi,Cafe,Male,4.9
SL-00327,Arabic tea,3.66,56,204.96,0,204.96,2025-10-25,UAE,Dubai,Supermarket,Male,3.0
SL-00328,Laban,5.32,74,393.68,5,374.0,2025-08-11,UAE,Ajman,Convenience Store,Male,4.1
SL-00329,Soft drinks,3.38,4,13.52,15,11.49,2021-04-20,UAE,Dubai,Convenience Store,Male,4.8
SL-00330,Arabic tea,6.7,19,127.3,10,114.57,2025-06-01,UAE,Sharjah,Convenience Store,Male,1.8
SL-00331,Masala chai,5.38,57,306.66,25,229.99,2021-04-16,UAE,Fujairah,Online,Male,2.2
SL-00332,Camel milk,18.19,83,1509.77,0,1509.77,2025-10-14,UAE,Fujairah,Hypermarket,Female,4.0
SL-00333,Soft drinks,4.21,43,181.03,20,144.82,2022-01-25,UAE,Ajman,Online,Male,2.6
SL-00334,Soft drinks,4.56,56,255.36,15,217.06,2024-10-25,UAE,Dubai,Cafe,Female,2.8
SL-00335,Juice,4.03,28,112.84,5,107.2,2022-02-04,UAE,Sharjah,Supermarket,Female,4.2
SL-00336,Masala chai,4.63,59,273.17,0,273.17,2024-05-10,UAE,Sharjah,Online,Female,3.6
SL-00337,Laban,4.57,15,68.55,10,61.69,2023-05-03,UAE,Sharjah,Online,Female,4.3
SL-00338,Laban,5.36,87,466.32,5,443.0,2024-03-09,UAE,Sharjah,Supermarket,Male,1.5
SL-00339,Arabic coffee,6.41,50,320.5,15,272.42,2025-06-16,UAE,Ras Al Khaimah,Hypermarket,Female,2.7
SL-00340,Arabic coffee,10.37,83,860.71,5,817.67,2023-07-12,UAE,Ras Al Khaimah,Hypermarket,Male,1.6
SL-00341,Arabic tea,4.26,7,29.82,30,20.87,2024-04-21,UAE,Sharjah,Supermarket,Male,1.8
SL-00342,Laban,5.02,64,321.28,15,273.09,2025-06-24,UAE,Fujairah,Online,Male,4.4
SL-00343,Soft drinks,2.33,4,9.32,30,6.52,2023-03-28,UAE,Umm Al Quwain,Hypermarket,Male,2.1
SL-00344,Soft drinks,5.12,73,373.76,25,280.32,2021-04-12,UAE,Umm Al Quwain,Online,Female,1.5
SL-00345,Masala chai,6.88,47,323.36,20,258.69,2022-06-14,UAE,Umm Al Quwain,Supermarket,Female,2.8
SL-00346,Juice,4.61,84,387.24,30,271.07,2022-12-12,UAE,Abu Dhabi,Convenience Store,Female,1.1
SL-00347,Masala chai,7.31,12,87.72,15,74.56,2023-12-07,UAE,Umm Al Quwain,Supermarket,Female,1.9
SL-00348,Arabic tea,5.55,81,449.55,15,382.12,2022-04-27,UAE,Abu Dhabi,Cafe,Male,1.8
SL-00349,Arabic tea,2.3,45,103.5,20,82.8,2023-04-13,UAE,Sharjah,Cafe,Female,2.3
SL-00350,Masala chai,5.86,66,386.76,25,290.07,2024-08-12,UAE,Umm Al Quwain,Supermarket,Male,4.0
SL-00351,Camel milk,19.91,84,1672.44,5,1588.82,2022-10-10,UAE,Fujairah,Hypermarket,Male,3.8
SL-00352,Arabic tea,6.22,51,317.22,15,269.64,2024-03-16,UAE,Abu Dhabi,Cafe,Female,3.5
SL-00353,Juice,4.45,99,440.55,0,440.55,2024-02-20,UAE,Ajman,Cafe,Female,3.8
SL-00354,Juice,9.7,42,407.4,20,325.92,2024-01-07,UAE,Dubai,Supermarket,Female,2.8
SL-00355,Arabic tea,2.32,69,160.08,15,136.07,2023-08-15,UAE,Abu Dhabi,Online,Female,3.0
SL-00356,Arabic tea,3.42,71,242.82,20,194.26,2020-07-17,UAE,Abu Dhabi,Cafe,Female,4.2
SL-00357,Camel milk,9.19,59,542.21,0,542.21,2024-10-18,UAE,Dubai,Hypermarket,Male,1.0
SL-00358,Soft drinks,5.98,17,101.66,25,76.25,2021-01-17,UAE,Sharjah,Hypermarket,Female,4.5
SL-00359,Arabic coffee,8.6,11,94.6,10,85.14,2022-08-17,UAE,Fujairah,Hypermarket,Male,3.5
SL-00360,Juice,7.93,91,721.63,0,721.63,2022-07-15,UAE,Dubai,Hypermarket,Male,1.5
SL-00361,Laban,5.72,2,11.44,0,11.44,2024-09-25,UAE,Fujairah,Convenience Store,Female,5.0
SL-00362,Arabic coffee,6.32,10,63.2,5,60.04,2023-07-07,UAE,Ajman,Supermarket,Female,1.4
SL-00363,Masala chai,7.4,18,133.2,15,113.22,2020-10-07,UAE,Umm Al Quwain,Hypermarket,Female,3.7
SL-00364,Laban,5.25,79,414.75,25,311.06,2021-09-12,UAE,Abu Dhabi,Online,Male,1.9
SL-00365,Juice,7.7,57,438.9,30,307.23,2021-05-19,UAE,Abu Dhabi,Supermarket,Female,1.6
SL-00366,Laban,5.92,45,266.4,15,226.44,2022-10-13,UAE,Sharjah,Hypermarket,Male,3.6
SL-00367,Laban,5.4,93,502.2,20,401.76,2023-05-20,UAE,Sharjah,Supermarket,Female,3.6
SL-00368,Soft drinks,4.07,66,268.62,5,255.19,2022-09-07,UAE,Fujairah,Online,Male,1.2
SL-00369,Juice,6.32,31,195.92,15,166.53,2020-02-19,UAE,Fujairah,Cafe,Male,4.6
SL-00370,Masala chai,7.67,17,130.39,15,110.83,2021-12-08,UAE,Umm Al Quwain,Cafe,Male,3.2
SL-00371,Arabic tea,4.36,99,431.64,0,431.64,2020-06-12,UAE,Dubai,Cafe,Male,2.0
SL-00372,Camel milk,19.38,51,988.38,20,790.7,2024-07-05,UAE,Sharjah,Cafe,Female,2.7
SL-00373,Camel milk,15.69,69,1082.61,20,866.09,2022-04-12,UAE,Abu Dhabi,Convenience Store,Male,1.3
SL-00374,Arabic tea,2.78,42,116.76,15,99.25,2022-09-04,UAE,Ras Al Khaimah,Supermarket,Male,2.7
SL-00375,Camel milk,10.93,56,612.08,0,612.08,2021-12-20,UAE,Ajman,Cafe,Female,2.2
SL-00376,Camel milk,8.15,18,146.7,25,110.03,2025-10-19,UAE,Dubai,Hypermarket,Female,2.4
SL-00377,Arabic tea,6.11,34,207.74,5,197.35,2021-04-28,UAE,Sharjah,Hypermarket,Female,4.5
SL-00378,Arabic tea,6.5,43,279.5,30,195.65,2020-11-11,UAE,Ajman,Convenience Store,Female,2.1
SL-00379,Juice,6.73,47,316.31,0,316.31,2021-02-25,UAE,Ajman,Cafe,Male,1.6
SL-00380,Laban,5.7,15,85.5,5,81.22,2020-02-20,UAE,Fujairah,Cafe,Male,4.4
SL-00381,Soft drinks,2.18,47,102.46,15,87.09,2024-09-13,UAE,Abu Dhabi,Hypermarket,Female,4.4
SL-00382,Soft drinks,3.29,54,177.66,25,133.25,2021-05-04,UAE,Sharjah,Convenience Store,Female,3.3
SL-00383,Laban,5.69,7,39.83,5,37.84,2020-10-09,UAE,Abu Dhabi,Cafe,Other,4.8
SL-00384,Juice,9.2,100,920.0,30,644.0,2024-02-20,UAE,Sharjah,Convenience Store,Male,2.8
SL-00385,Soft drinks,3.17,39,123.63,25,92.72,2025-07-13,UAE,Ras Al Khaimah,Hypermarket,Male,3.4
SL-00386,Arabic tea,5.88,94,552.72,20,442.18,2020-04-07,UAE,Umm Al Quwain,Hypermarket,Male,4.7
SL-00387,Soft drinks,4.17,82,341.94,30,239.36,2024-03-21,UAE,Fujairah,Supermarket,Female,1.0
SL-00388,Arabic tea,5.69,40,227.6,0,227.6,2020-09-02,UAE,Abu Dhabi,Cafe,Other,2.7
SL-00389,Soft drinks,4.85,12,58.2,0,58.2,2025-02-20,UAE,Abu Dhabi,Cafe,Male,4.6
SL-00390,Arabic coffee,5.85,13,76.05,20,60.84,2024-11-16,UAE,Abu Dhabi,Online,Male,3.3
SL-00391,Arabic coffee,14.64,31,453.84,10,408.46,2023-08-29,UAE,Sharjah,Convenience Store,Female,2.6
SL-00392,Masala chai,5.26,30,157.8,0,157.8,2021-09-28,UAE,Abu Dhabi,Hypermarket,Female,3.3
SL-00393,Camel milk,9.97,60,598.2,10,538.38,2022-04-30,UAE,Ajman,Supermarket,Female,4.9
SL-00394,Juice,5.85,34,198.9,30,139.23,2020-06-14,UAE,Dubai,Supermarket,Male,3.7
SL-00395,Soft drinks,5.34,42,224.28,5,213.07,2020-07-19,UAE,Dubai,Hypermarket,Female,2.6
SL-00396,Arabic coffee,7.99,23,183.77,0,183.77,2021-01-22,UAE,Ajman,Online,Female,3.2
SL-00397,Juice,4.61,18,82.98,0,82.98,2021-06-19,UAE,Dubai,Supermarket,Female,4.9
SL-00398,Soft drinks,5.29,48,253.92,25,190.44,2020-11-03,UAE,Fujairah,Supermarket,Female,2.0
SL-00399,Camel milk,19.97,26,519.22,25,389.41,2023-09-20,UAE,Ajman,Hypermarket,Male,4.4
SL-00400,Camel milk,8.51,60,510.6,0,510.6,2025-07-25,UAE,Abu Dhabi,Cafe,Male,3.9
SL-00401,Camel milk,12.59,55,692.45,5,657.83,2024-12-31,UAE,Sharjah,Hypermarket,Female,2.1
SL-00402,Soft drinks,2.14,80,171.2,20,136.96,2025-05-16,UAE,Abu Dhabi,Convenience Store,Female,4.5
SL-00403,Camel milk,9.05,50,452.5,5,429.88,2022-10-17,UAE,Ajman,Hypermarket,Female,4.2
SL-00404,Arabic coffee,14.94,70,1045.8,30,732.06,2025-06-08,UAE,Dubai,Online,Female,2.4
SL-00405,Masala chai,7.56,65,491.4,10,442.26,2022-06-16,UAE,Ajman,Convenience Store,Male,2.3
SL-00406,Camel milk,18.75,100,1875.0,10,1687.5,2022-08-11,UAE,Dubai,Online,Female,4.1
SL-00407,Soft drinks,2.4,85,204.0,5,193.8,2020-08-17,UAE,Sharjah,Cafe,Female,4.7
SL-00408,Arabic tea,6.98,29,202.42,20,161.94,2021-12-12,UAE,Umm Al Quwain,Online,Male,4.4
SL-00409,Soft drinks,2.95,41,120.95,30,84.67,2023-12-11,UAE,Fujairah,Convenience Store,Female,1.1
SL-00410,Laban,5.25,73,383.25,5,364.09,2020-06-04,UAE,Umm Al Quwain,Online,Female,1.7
SL-00411,Camel milk,8.67,78,676.26,5,642.45,2022-04-05,UAE,Dubai,Cafe,Male,2.3
SL-00412,Arabic tea,2.65,92,243.8,5,231.61,2021-08-03,UAE,Umm Al Quwain,Convenience Store,Male,1.6
SL-00413,Arabic tea,2.55,68,173.4,30,121.38,2024-06-08,UAE,Sharjah,Supermarket,Male,4.8
SL-00414,Laban,3.4,39,132.6,10,119.34,2025-06-18,UAE,Abu Dhabi,Hypermarket,Female,2.7
SL-00415,Arabic coffee,8.17,91,743.47,20,594.78,2021-12-19,UAE,Fujairah,Cafe,Female,1.9
SL-00416,Juice,5.84,89,519.76,10,467.78,2024-05-22,UAE,Abu Dhabi,Hypermarket,Female,4.8
SL-00417,Arabic tea,6.97,73,508.81,0,508.81,2022-06-23,UAE,Abu Dhabi,Cafe,Male,4.2
SL-00418,Arabic coffee,10.66,64,682.24,5,648.13,2021-11-18,UAE,Sharjah,Supermarket,Male,4.9
SL-00419,Arabic coffee,13.85,12,166.2,30,116.34,2022-10-19,UAE,Fujairah,Convenience Store,Male,2.1
SL-00420,Arabic coffee,5.68,33,187.44,30,131.21,2024-09-14,UAE,Dubai,Supermarket,Male,2.8
SL-00421,Soft drinks,5.54,64,354.56,15,301.38,2022-07-12,UAE,Sharjah,Cafe,Male,4.3
SL-00422,Soft drinks,3.81,5,19.05,10,17.14,2023-11-01,UAE,Dubai,Convenience Store,Male,1.4
SL-00423,Soft drinks,5.55,21,116.55,25,87.41,2023-10-16,UAE,Dubai,Cafe,Female,4.9
SL-00424,Laban,6.94,62,430.28,25,322.71,2024-11-13,UAE,Dubai,Online,Female,1.7
SL-00425,Soft drinks,2.21,43,95.03,5,90.28,2022-12-22,UAE,Abu Dhabi,Online,Female,3.9
SL-00426,Arabic coffee,7.82,31,242.42,0,242.42,2021-09-21,UAE,Dubai,Online,Female,4.4
SL-00427,Camel milk,12.33,55,678.15,0,678.15,2022-04-27,UAE,Sharjah,Cafe,Male,1.4
SL-00428,Soft drinks,4.55,11,50.05,15,42.54,2025-06-26,UAE,Umm Al Quwain,Supermarket,Male,2.6
SL-00429,Arabic coffee,7.65,83,634.95,20,507.96,2022-02-03,UAE,Ajman,Hypermarket,Male,2.5
SL-00430,Juice,4.27,57,243.39,15,206.88,2021-09-11,UAE,Sharjah,Hypermarket,Female,3.3
SL-00431,Arabic tea,5.48,13,71.24,0,71.24,2022-07-20,UAE,Fujairah,Convenience Store,Female,2.7
SL-00432,Laban,3.24,50,162.0,30,113.4,2025-04-28,UAE,Ras Al Khaimah,Online,Female,3.7
SL-00433,Laban,6.53,61,398.33,10,358.5,2025-08-18,UAE,Dubai,Online,Female,3.9
SL-00434,Laban,6.6,74,488.4,25,366.3,2021-12-09,UAE,Ras Al Khaimah,Hypermarket,Male,4.0
SL-00435,Soft drinks,5.89,25,147.25,5,139.89,2022-04-07,UAE,Dubai,Online,Male,3.7
SL-00436,Arabic tea,5.14,77,395.78,10,356.2,2023-08-28,UAE,Sharjah,Supermarket,Male,3.2
SL-00437,Arabic tea,3.38,59,199.42,30,139.59,2021-04-05,UAE,Dubai,Cafe,Female,4.1
SL-00438,Juice,4.9,73,357.7,20,286.16,2021-02-17,UAE,Ras Al Khaimah,Supermarket,Female,3.3
SL-00439,Arabic tea,3.43,69,236.67,10,213.0,2025-04-21,UAE,Ajman,Convenience Store,Male,2.9
SL-00440,Camel milk,10.07,52,523.64,5,497.46,2024-06-09,UAE,Ras Al Khaimah,Cafe,Female,2.6
SL-00441,Masala chai,6.45,7,45.15,25,33.86,2023-05-26,UAE,Ajman,Convenience Store,Female,1.1
SL-00442,Masala chai,4.4,63,277.2,30,194.04,2023-05-15,UAE,Fujairah,Supermarket,Female,1.9
SL-00443,Arabic coffee,9.43,42,396.06,10,356.45,2024-12-14,UAE,Fujairah,Online,Female,1.4
SL-00444,Soft drinks,5.65,53,299.45,25,224.59,2025-10-11,UAE,Ajman,Cafe,Female,4.3
SL-00445,Arabic tea,2.79,40,111.6,25,83.7,2020-04-28,UAE,Ras Al Khaimah,Online,Male,4.4
SL-00446,Soft drinks,2.77,26,72.02,30,50.41,2024-01-16,UAE,Dubai,Hypermarket,Male,1.2
SL-00447,Arabic coffee,6.99,48,335.52,30,234.86,2020-05-05,UAE,Ajman,Cafe,Male,4.7
SL-00448,Soft drinks,3.49,77,268.73,15,228.42,2021-10-31,UAE,Abu Dhabi,Online,Female,2.4
SL-00449,Arabic tea,6.47,96,621.12,30,434.78,2021-10-29,UAE,Fujairah,Supermarket,Male,2.5
SL-00450,Arabic tea,4.86,28,136.08,30,95.26,2024-08-04,UAE,Abu Dhabi,Hypermarket,Female,2.1
SL-00451,Laban,3.08,100,308.0,30,215.6,2021-12-10,UAE,Fujairah,Supermarket,Male,1.5
SL-00452,Laban,6.2,29,179.8,10,161.82,2023-02-01,UAE,Ras Al Khaimah,Convenience Store,Female,3.8
SL-00453,Juice,9.37,45,421.65,15,358.4,2024-06-14,UAE,Sharjah,Hypermarket,Male,3.7
SL-00454,Laban,3.41,66,225.06,25,168.79,2023-03-03,UAE,Umm Al Quwain,Convenience Store,Female,3.4
SL-00455,Masala chai,6.42,62,398.04,0,398.04,2022-12-05,UAE,Sharjah,Convenience Store,Female,4.4
SL-00456,Arabic coffee,12.11,84,1017.24,10,915.52,2020-08-20,UAE,Abu Dhabi,Hypermarket,Female,2.0
SL-00457,Arabic tea,6.29,77,484.33,15,411.68,2025-07-30,UAE,Fujairah,Convenience Store,Female,3.9
SL-00458,Masala chai,4.3,54,232.2,15,197.37,2022-02-16,UAE,Ajman,Supermarket,Female,5.0
SL-00459,Masala chai,6.63,29,192.27,25,144.2,2025-09-08,UAE,Ras Al Khaimah,Online,Female,3.7
SL-00460,Masala chai,7.23,85,614.55,20,491.64,2022-11-25,UAE,Abu Dhabi,Convenience Store,Male,1.5
SL-00461,Arabic coffee,13.08,98,1281.84,5,1217.75,2022-07-03,UAE,Fujairah,Convenience Store,Female,1.9
SL-00462,Arabic coffee,13.71,54,740.34,30,518.24,2021-04-27,UAE,Sharjah,Convenience Store,Male,2.2
SL-00463,Juice,4.32,82,354.24,20,283.39,2025-08-11,UAE,Ras Al Khaimah,Cafe,Male,4.6
SL-00464,Camel milk,18.41,49,902.09,20,721.67,2021-07-16,UAE,Sharjah,Online,Male,4.4
SL-00465,Soft drinks,3.37,73,246.01,15,209.11,2020-11-27,UAE,Abu Dhabi,Convenience Store,Female,1.7
SL-00466,Juice,6.0,23,138.0,10,124.2,2021-11-21,UAE,Fujairah,Supermarket,Male,2.1
SL-00467,Laban,6.06,63,381.78,30,267.25,2024-10-24,UAE,Umm Al Quwain,Supermarket,Male,2.7
SL-00468,Juice,6.57,62,407.34,15,346.24,2020-02-27,UAE,Dubai,Supermarket,Female,3.9
SL-00469,Masala chai,6.78,68,461.04,5,437.99,2023-11-11,UAE,Dubai,Supermarket,Female,2.0
SL-00470,Masala chai,3.64,50,182.0,20,145.6,2023-05-06,UAE,Ras Al Khaimah,Convenience Store,Male,4.3
SL-00471,Masala chai,5.28,67,353.76,20,283.01,2021-07-02,UAE,Ras Al Khaimah,Convenience Store,Male,3.7
SL-00472,Masala chai,7.98,63,502.74,10,452.47,2024-07-10,UAE,Umm Al Quwain,Hypermarket,Male,4.6
SL-00473,Camel milk,10.74,94,1009.56,5,959.08,2024-02-10,UAE,Abu Dhabi,Supermarket,Female,1.7
SL-00474,Arabic coffee,11.51,5,57.55,15,48.92,2020-07-15,UAE,Fujairah,Convenience Store,Female,3.5
SL-00475,Arabic coffee,6.08,3,18.24,0,18.24,2022-11-01,UAE,Fujairah,Supermarket,Male,2.5
SL-00476,Juice,8.21,27,221.67,25,166.25,2025-11-01,UAE,Fujairah,Supermarket,Male,3.6
SL-00477,Masala chai,6.11,90,549.9,5,522.4,2023-03-03,UAE,Ajman,Supermarket,Female,3.5
SL-00478,Camel milk,17.42,64,1114.88,5,1059.14,2022-04-06,UAE,Ras Al Khaimah,Hypermarket,Female,4.3
SL-00479,Masala chai,6.52,38,247.76,5,235.37,2025-05-22,UAE,Dubai,Cafe,Female,1.8
SL-00480,Masala chai,4.17,2,8.34,25,6.26,2021-09-02,UAE,Dubai,Supermarket,Female,3.7
SL-00481,Camel milk,17.35,10,173.5,25,130.12,2025-02-13,UAE,Fujairah,Supermarket,Female,3.6
SL-00482,Masala chai,4.32,7,30.24,0,30.24,2024-01-15,UAE,Umm Al Quwain,Hypermarket,Female,4.4
SL-00483,Arabic tea,5.38,55,295.9,25,221.93,2020-02-09,UAE,Dubai,Supermarket,Female,4.6
SL-00484,Arabic tea,2.69,83,223.27,5,212.11,2023-01-03,UAE,Sharjah,Convenience Store,Female,4.8
SL-00485,Arabic coffee,5.93,44,260.92,5,247.87,2024-04-28,UAE,Dubai,Online,Male,2.8
SL-00486,Arabic coffee,13.51,54,729.54,25,547.16,2020-08-28,UAE,Umm Al Quwain,Hypermarket,Male,3.8
SL-00487,Arabic tea,2.8,54,151.2,20,120.96,2024-04-04,UAE,Ajman,Cafe,Female,1.7
SL-00488,Arabic tea,3.79,4,15.16,30,10.61,2024-08-11,UAE,Fujairah,Hypermarket,Male,3.0
SL-00489,Juice,4.28,34,145.52,25,109.14,2022-07-06,UAE,Sharjah,Supermarket,Female,3.7
SL-00490,Arabic coffee,13.73,67,919.91,20,735.93,2022-10-15,UAE,Fujairah,Cafe,Male,3.6
SL-00491,Juice,6.07,87,528.09,25,396.07,2020-08-11,UAE,Ajman,Hypermarket,Female,3.2
SL-00492,Camel milk,15.72,21,330.12,20,264.1,2020-11-02,UAE,Umm Al Quwain,Online,Female,4.5
SL-00493,Arabic tea,4.46,31,138.26,10,124.43,2024-03-30,UAE,Sharjah,Supermarket,Female,3.2
SL-00494,Juice,8.9,11,97.9,15,83.21,2025-01-05,UAE,Ajman,Cafe,Male,4.4
SL-00495,Masala chai,3.59,64,229.76,25,172.32,2020-01-01,UAE,Fujairah,Supermarket,Male,2.6
SL-00496,Arabic tea,2.45,78,191.1,20,152.88,2025-02-11,UAE,Fujairah,Convenience Store,Female,3.2
SL-00497,Masala chai,4.82,7,33.74,30,23.62,2025-04-21,UAE,Abu Dhabi,Online,Male,4.1
SL-00498,Arabic coffee,11.57,92,1064.44,15,904.77,2023-10-30,UAE,Dubai,Supermarket,Female,1.9
SL-00499,Masala chai,7.15,38,271.7,20,217.36,2021-11-03,UAE,Ras Al Khaimah,Convenience Store,Female,1.2
SL-00500,Juice,4.84,92,445.28,25,333.96,2022-02-07,UAE,Fujairah,Online,Male,3.4
SL-00501,Camel milk,19.16,51,977.16,5,928.3,2024-08-24,UAE,Ajman,Hypermarket,Female,1.4
SL-00502,Camel milk,19.12,87,1663.44,20,1330.75,2025-08-27,UAE,Dubai,Online,Male,3.4
SL-00503,Soft drinks,5.86,1,5.86,20,4.69,2025-06-01,UAE,Fujairah,Supermarket,Female,2.7
SL-00504,Laban,6.12,23,140.76,25,105.57,2024-05-05,UAE,Ras Al Khaimah,Hypermarket,Female,1.5
SL-00505,Arabic coffee,11.01,42,462.42,20,369.94,2022-10-13,UAE,Ajman,Online,Female,4.7
SL-00506,Masala chai,4.99,44,219.56,10,197.6,2025-09-29,UAE,Ajman,Hypermarket,Male,3.4
SL-00507,Masala chai,7.22,71,512.62,30,358.83,2023-04-05,UAE,Sharjah,Cafe,Female,1.8
SL-00508,Arabic coffee,8.45,87,735.15,5,698.39,2023-08-13,UAE,Fujairah,Hypermarket,Female,3.8
SL-00509,Arabic coffee,6.15,46,282.9,20,226.32,2024-09-05,UAE,Ajman,Cafe,Female,3.7
SL-00510,Arabic coffee,12.48,69,861.12,10,775.01,2020-04-13,UAE,Umm Al Quwain,Online,Female,3.1
SL-00511,Juice,4.87,86,418.82,0,418.82,2023-03-19,UAE,Abu Dhabi,Convenience Store,Female,1.6
SL-00512,Arabic coffee,7.51,8,60.08,25,45.06,2024-01-09,UAE,Umm Al Quwain,Convenience Store,Male,3.2
SL-00513,Arabic tea,4.26,79,336.54,30,235.58,2024-05-11,UAE,Fujairah,Cafe,Female,4.0
SL-00514,Soft drinks,4.04,90,363.6,10,327.24,2023-07-04,UAE,Fujairah,Supermarket,Female,2.6
SL-00515,Laban,3.22,96,309.12,10,278.21,2024-12-19,UAE,Abu Dhabi,Cafe,Female,4.4
SL-00516,Arabic tea,3.13,82,256.66,25,192.49,2022-03-15,UAE,Fujairah,Convenience Store,Female,3.2
SL-00517,Arabic tea,5.62,25,140.5,10,126.45,2021-12-12,UAE,Ajman,Hypermarket,Other,1.3
SL-00518,Arabic coffee,10.14,49,496.86,0,496.86,2022-11-10,UAE,Ajman,Convenience Store,Female,1.5
SL-00519,Camel milk,11.97,91,1089.27,5,1034.81,2023-05-18,UAE,Dubai,Hypermarket,Female,3.4
SL-00520,Juice,8.74,71,620.54,10,558.49,2025-11-02,UAE,Dubai,Convenience Store,Female,4.8
SL-00521,Camel milk,17.44,21,366.24,15,311.3,2022-05-23,UAE,Ras Al Khaimah,Cafe,Male,2.4
SL-00522,Arabic coffee,8.32,47,391.04,10,351.94,2020-02-06,UAE,Abu Dhabi,Cafe,Female,5.0
SL-00523,Camel milk,16.03,58,929.74,5,883.25,2020-06-12,UAE,Fujairah,Cafe,Female,2.0
SL-00524,Arabic coffee,13.86,49,679.14,30,475.4,2020-04-11,UAE,Dubai,Online,Male,3.9
SL-00525,Laban,6.29,48,301.92,20,241.54,2022-02-27,UAE,Umm Al Quwain,Cafe,Male,1.2
SL-00526,Masala chai,5.57,13,72.41,5,68.79,2022-05-13,UAE,Umm Al Quwain,Cafe,Female,3.5
SL-00527,Arabic coffee,11.3,28,316.4,30,221.48,2024-11-17,UAE,Fujairah,Online,Female,1.8
SL-00528,Arabic coffee,13.17,10,131.7,25,98.78,2020-06-04,UAE,Fujairah,Hypermarket,Male,3.9
SL-00529,Camel milk,8.88,23,204.24,30,142.97,2022-11-25,UAE,Sharjah,Cafe,Male,4.3
SL-00530,Juice,6.33,81,512.73,15,435.82,2025-12-30,UAE,Ajman,Convenience Store,Male,3.7
SL-00531,Camel milk,15.7,80,1256.0,0,1256.0,2024-01-05,UAE,Umm Al Quwain,Cafe,Male,4.4
SL-00532,Laban,3.42,88,300.96,10,270.86,2024-04-11,UAE,Ras Al Khaimah,Supermarket,Male,4.7
SL-00533,Juice,8.93,4,35.72,15,30.36,2023-04-23,UAE,Abu Dhabi,Cafe,Male,4.0
SL-00534,Arabic coffee,6.44,87,560.28,30,392.2,2021-08-02,UAE,Umm Al Quwain,Convenience Store,Female,1.0
SL-00535,Camel milk,8.5,74,629.0,20,503.2,2022-05-10,UAE,Ajman,Cafe,Female,1.3
SL-00536,Arabic coffee,12.41,93,1154.13,10,1038.72,2021-08-06,UAE,Abu Dhabi,Online,Female,4.4
SL-00537,Soft drinks,2.74,79,216.46,30,151.52,2020-08-10,UAE,Sharjah,Hypermarket,Male,3.7
SL-00538,Arabic tea,5.76,71,408.96,15,347.62,2022-10-23,UAE,Fujairah,Cafe,Male,3.7
SL-00539,Camel milk,10.37,75,777.75,15,661.09,2021-02-13,UAE,Sharjah,Convenience Store,Male,3.6
SL-00540,Masala chai,6.1,25,152.5,10,137.25,2021-09-16,UAE,Ajman,Online,Male,3.6
SL-00541,Laban,5.27,41,216.07,15,183.66,2024-11-21,UAE,Abu Dhabi,Supermarket,Male,4.1
SL-00542,Masala chai,7.2,18,129.6,25,97.2,2024-01-09,UAE,Fujairah,Convenience Store,Female,2.9
SL-00543,Arabic tea,3.53,71,250.63,0,250.63,2021-07-27,UAE,Abu Dhabi,Cafe,Male,2.1
SL-00544,Laban,3.79,94,356.26,25,267.2,2020-05-07,UAE,Dubai,Supermarket,Female,4.4
SL-00545,Arabic tea,4.91,52,255.32,30,178.72,2025-04-17,UAE,Ras Al Khaimah,Hypermarket,Female,3.2
SL-00546,Arabic coffee,12.75,47,599.25,15,509.36,2025-03-18,UAE,Abu Dhabi,Cafe,Female,2.2
SL-00547,Laban,5.04,51,257.04,10,231.34,2021-11-10,UAE,Ras Al Khaimah,Supermarket,Female,4.4
SL-00548,Arabic tea,4.57,58,265.06,5,251.81,2021-08-21,UAE,Abu Dhabi,Cafe,Female,3.6
SL-00549,Arabic coffee,12.32,46,566.72,0,566.72,2022-08-16,UAE,Abu Dhabi,Online,Male,2.1
SL-00550,Camel milk,16.02,67,1073.34,30,751.34,2020-07-09,UAE,Sharjah,Online,Male,2.8
SL-00551,Camel milk,19.77,42,830.34,0,830.34,2022-12-14,UAE,Fujairah,Cafe,Female,2.1
SL-00552,Laban,5.18,23,119.14,15,101.27,2020-11-14,UAE,Fujairah,Online,Male,3.6
SL-00553,Laban,4.01,29,116.29,20,93.03,2025-05-28,UAE,Ajman,Convenience Store,Female,2.4
SL-00554,Laban,3.03,18,54.54,15,46.36,2022-05-16,UAE,Abu Dhabi,Hypermarket,Male,3.6
SL-00555,Soft drinks,2.75,47,129.25,20,103.4,2023-09-14,UAE,Fujairah,Supermarket,Female,2.7
SL-00556,Arabic coffee,6.13,87,533.31,15,453.31,2024-08-10,UAE,Ajman,Hypermarket,Female,3.6
SL-00557,Camel milk,10.92,17,185.64,20,148.51,2021-08-24,UAE,Ras Al Khaimah,Hypermarket,Male,3.1
SL-00558,Camel milk,10.0,24,240.0,20,192.0,2023-03-07,UAE,Ajman,Cafe,Female,3.6
SL-00559,Camel milk,10.6,78,826.8,15,702.78,2021-08-07,UAE,Umm Al Quwain,Online,Male,4.3
SL-00560,Arabic tea,4.91,99,486.09,5,461.79,2023-11-04,UAE,Ras Al Khaimah,Cafe,Male,3.9
SL-00561,Juice,7.58,9,68.22,5,64.81,2025-11-11,UAE,Ajman,Online,Male,1.1
SL-00562,Arabic tea,6.55,88,576.4,15,489.94,2020-06-08,UAE,Umm Al Quwain,Hypermarket,Female,1.7
SL-00563,Arabic tea,4.66,97,452.02,0,452.02,2020-01-05,UAE,Dubai,Online,Female,4.6
SL-00564,Arabic tea,5.39,56,301.84,20,241.47,2024-10-23,UAE,Ajman,Convenience Store,Female,3.8
SL-00565,Soft drinks,5.75,62,356.5,30,249.55,2021-02-04,UAE,Umm Al Quwain,Online,Male,4.2
SL-00566,Juice,4.8,62,297.6,30,208.32,2024-07-31,UAE,Abu Dhabi,Supermarket,Male,4.5
SL-00567,Masala chai,3.95,91,359.45,25,269.59,2020-01-30,UAE,Umm Al Quwain,Supermarket,Female,1.5
SL-00568,Juice,7.93,89,705.77,30,494.04,2022-11-04,UAE,Sharjah,Online,Male,1.6
SL-00569,Masala chai,7.27,55,399.85,20,319.88,2022-04-14,UAE,Sharjah,Cafe,Male,3.7
SL-00570,Juice,7.31,72,526.32,15,447.37,2023-06-10,UAE,Abu Dhabi,Convenience Store,Female,2.9
SL-00571,Laban,4.38,91,398.58,15,338.79,2022-07-30,UAE,Fujairah,Hypermarket,Female,3.6
SL-00572,Juice,8.7,21,182.7,0,182.7,2020-08-01,UAE,Abu Dhabi,Cafe,Male,2.4
SL-00573,Soft drinks,3.56,82,291.92,0,291.92,2024-11-18,UAE,Umm Al Quwain,Supermarket,Female,2.9
SL-00574,Camel milk,8.77,29,254.33,10,228.9,2024-06-29,UAE,Dubai,Cafe,Male,2.5
SL-00575,Laban,5.62,37,207.94,25,155.96,2025-07-17,UAE,Ras Al Khaimah,Supermarket,Female,4.3
SL-00576,Juice,4.06,85,345.1,30,241.57,2025-09-22,UAE,Ras Al Khaimah,Convenience Store,Male,4.1
SL-00577,Laban,5.79,79,457.41,5,434.54,2021-10-06,UAE,Fujairah,Supermarket,Male,3.6
SL-00578,Camel milk,19.96,100,1996.0,15,1696.6,2020-03-03,UAE,Sharjah,Online,Male,1.8
SL-00579,Arabic coffee,12.04,12,144.48,20,115.58,2023-02-06,UAE,Sharjah,Cafe,Female,2.4
SL-00580,Soft drinks,4.43,25,110.75,15,94.14,2025-09-04,UAE,Ajman,Cafe,Male,1.7
SL-00581,Camel milk,14.7,65,955.5,10,859.95,2022-10-21,UAE,Sharjah,Supermarket,Female,4.8
SL-00582,Arabic coffee,9.43,49,462.07,20,369.66,2025-02-22,UAE,Ajman,Hypermarket,Female,4.8
SL-00583,Arabic coffee,9.61,76,730.36,30,511.25,2022-06-21,UAE,Dubai,Online,Male,1.3
SL-00584,Arabic coffee,12.01,41,492.41,15,418.55,2022-12-14,UAE,Sharjah,Cafe,Female,3.8
SL-00585,Soft drinks,3.15,52,163.8,25,122.85,2025-05-05,UAE,Fujairah,Convenience Store,Male,4.7
SL-00586,Masala chai,4.77,74,352.98,10,317.68,2022-09-18,UAE,Abu Dhabi,Hypermarket,Female,1.8
SL-00587,Arabic tea,3.33,30,99.9,5,94.9,2021-03-12,UAE,Umm Al Quwain,Hypermarket,Female,2.4
SL-00588,Camel milk,19.04,87,1656.48,25,1242.36,2020-06-22,UAE,Ajman,Cafe,Male,4.4
SL-00589,Arabic tea,4.41,80,352.8,10,317.52,2025-09-24,UAE,Ajman,Cafe,Female,3.0
SL-00590,Masala chai,4.99,97,484.03,20,387.22,2020-05-13,UAE,Abu Dhabi,Supermarket,Female,2.7
SL-00591,Laban,4.39,88,386.32,30,270.42,2025-02-27,UAE,Abu Dhabi,Online,Female,3.8
SL-00592,Masala chai,6.45,2,12.9,25,9.67,2022-11-29,UAE,Abu Dhabi,Online,Female,2.3
SL-00593,Soft drinks,4.19,31,129.89,10,116.9,2024-10-02,UAE,Ajman,Cafe,Male,1.7
SL-00594,Soft drinks,3.68,97,356.96,10,321.26,2021-06-21,UAE,Sharjah,Online,Male,1.7
SL-00595,Laban,5.74,13,74.62,25,55.96,2022-03-14,UAE,Sharjah,Hypermarket,Female,4.4
SL-00596,Soft drinks,5.2,95,494.0,5,469.3,2025-10-18,UAE,Ajman,Supermarket,Male,3.0
SL-00597,Laban,5.88,63,370.44,10,333.4,2021-02-09,UAE,Sharjah,Cafe,Female,1.2
SL-00598,Arabic coffee,6.63,28,185.64,30,129.95,2023-10-02,UAE,Sharjah,Online,Female,1.4
SL-00599,Masala chai,4.8,72,345.6,20,276.48,2023-12-09,UAE,Umm Al Quwain,Convenience Store,Male,2.6
SL-00600,Arabic tea,5.4,78,421.2,5,400.14,2023-03-11,UAE,Ras Al Khaimah,Cafe,Female,3.2
SL-00601,Masala chai,4.63,66,305.58,15,259.74,2023-03-19,UAE,Umm Al Quwain,Online,Female,2.5
SL-00602,Juice,7.79,19,148.01,30,103.61,2024-07-15,UAE,Abu Dhabi,Convenience Store,Male,3.4
SL-00603,Arabic tea,6.54,11,71.94,5,68.34,2022-12-31,UAE,Sharjah,Hypermarket,Male,3.6
SL-00604,Laban,5.58,35,195.3,15,166.0,2025-01-18,UAE,Umm Al Quwain,Convenience Store,Female,3.1
SL-00605,Juice,5.0,3,15.0,5,14.25,2020-11-23,UAE,Fujairah,Hypermarket,Female,4.8
SL-00606,Soft drinks,2.67,14,37.38,0,37.38,2024-06-14,UAE,Dubai,Online,Female,1.1
SL-00607,Laban,6.06,11,66.66,0,66.66,2024-05-15,UAE,Sharjah,Cafe,Male,3.6
SL-00608,Masala chai,4.15,95,394.25,10,354.83,2020-04-27,UAE,Ajman,Hypermarket,Male,4.4
SL-00609,Camel milk,15.96,42,670.32,30,469.22,2023-01-20,UAE,Ajman,Online,Female,3.2
SL-00610,Laban,4.78,90,430.2,20,344.16,2024-11-16,UAE,Abu Dhabi,Cafe,Female,3.5
SL-00611,Laban,5.56,69,383.64,10,345.28,2024-12-14,UAE,Sharjah,Online,Female,4.2
SL-00612,Masala chai,4.83,34,164.22,5,156.01,2021-07-12,UAE,Sharjah,Supermarket,Male,4.3
SL-00613,Masala chai,4.43,69,305.67,0,305.67,2020-02-07,UAE,Fujairah,Online,Female,2.9
SL-00614,Arabic tea,4.15,38,157.7,20,126.16,2024-11-25,UAE,Abu Dhabi,Supermarket,Female,1.8
SL-00615,Juice,5.5,92,506.0,25,379.5,2020-11-20,UAE,Fujairah,Online,Female,1.9
SL-00616,Juice,7.75,67,519.25,30,363.47,2023-03-12,UAE,Umm Al Quwain,Cafe,Female,3.7
SL-00617,Arabic coffee,12.43,35,435.05,15,369.79,2025-02-08,UAE,Abu Dhabi,Supermarket,Male,2.2
SL-00618,Laban,4.81,90,432.9,20,346.32,2025-12-31,UAE,Ajman,Hypermarket,Male,1.6
SL-00619,Camel milk,10.23,14,143.22,10,128.9,2022-08-11,UAE,Sharjah,Hypermarket,Female,3.9
SL-00620,Camel milk,9.81,64,627.84,5,596.45,2024-03-01,UAE,Sharjah,Online,Male,4.2
SL-00621,Juice,8.18,5,40.9,10,36.81,2020-10-19,UAE,Dubai,Hypermarket,Male,4.1
SL-00622,Laban,4.88,25,122.0,30,85.4,2022-10-16,UAE,Sharjah,Online,Female,1.5
SL-00623,Juice,8.63,57,491.91,5,467.31,2021-01-19,UAE,Fujairah,Supermarket,Male,3.9
SL-00624,Laban,5.66,27,152.82,15,129.9,2020-06-21,UAE,Ajman,Convenience Store,Female,1.6
SL-00625,Arabic coffee,14.37,67,962.79,0,962.79,2020-08-01,UAE,Sharjah,Online,Female,1.8
SL-00626,Arabic tea,5.33,15,79.95,5,75.95,2023-02-04,UAE,Fujairah,Online,Male,1.7
SL-00627,Laban,3.48,32,111.36,0,111.36,2021-09-26,UAE,Dubai,Cafe,Female,2.9
SL-00628,Masala chai,6.85,32,219.2,5,208.24,2020-09-02,UAE,Ajman,Supermarket,Female,2.4
SL-00629,Camel milk,12.27,20,245.4,25,184.05,2023-11-23,UAE,Ras Al Khaimah,Supermarket,Male,1.9
SL-00630,Arabic tea,6.46,94,607.24,5,576.88,2020-06-10,UAE,Dubai,Online,Male,1.5
SL-00631,Juice,8.24,72,593.28,10,533.95,2023-11-25,UAE,Ras Al Khaimah,Online,Male,1.7
SL-00632,Masala chai,6.66,36,239.76,30,167.83,2020-10-09,UAE,Umm Al Quwain,Cafe,Female,3.2
SL-00633,Laban,3.62,38,137.56,30,96.29,2025-09-03,UAE,Sharjah,Cafe,Male,1.0
SL-00634,Juice,8.4,3,25.2,20,20.16,2020-09-16,UAE,Umm Al Quwain,Convenience Store,Female,2.0
SL-00635,Arabic coffee,14.67,50,733.5,5,696.83,2023-03-05,UAE,Ras Al Khaimah,Online,Female,1.6
SL-00636,Masala chai,5.05,42,212.1,0,212.1,2021-06-15,UAE,Dubai,Cafe,Female,1.2
SL-00637,Soft drinks,5.49,26,142.74,0,142.74,2024-05-10,UAE,Ajman,Hypermarket,Male,3.3
SL-00638,Arabic coffee,9.9,80,792.0,25,594.0,2020-10-17,UAE,Ras Al Khaimah,Convenience Store,Male,1.9
SL-00639,Camel milk,19.16,27,517.32,25,387.99,2024-01-18,UAE,Ajman,Supermarket,Male,3.6
SL-00640,Laban,5.97,54,322.38,30,225.67,2020-06-15,UAE,Sharjah,Supermarket,Female,2.1
SL-00641,Arabic coffee,5.7,39,222.3,0,222.3,2025-12-17,UAE,Abu Dhabi,Cafe,Male,3.9
SL-00642,Juice,5.14,68,349.52,25,262.14,2024-08-27,UAE,Abu Dhabi,Cafe,Female,1.7
SL-00643,Arabic coffee,6.06,82,496.92,20,397.54,2021-03-02,UAE,Sharjah,Online,Female,2.7
SL-00644,Soft drinks,5.17,71,367.07,15,312.01,2024-12-19,UAE,Ras Al Khaimah,Convenience Store,Female,3.1
SL-00645,Masala chai,7.51,71,533.21,10,479.89,2023-08-17,UAE,Umm Al Quwain,Convenience Store,Male,3.5
SL-00646,Laban,3.96,70,277.2,5,263.34,2025-01-27,UAE,Ajman,Cafe,Female,2.0
SL-00647,Juice,9.76,1,9.76,25,7.32,2023-05-21,UAE,Dubai,Convenience Store,Female,3.1
SL-00648,Camel milk,11.6,29,336.4,5,319.58,2023-02-04,UAE,Umm Al Quwain,Convenience Store,Male,4.3
SL-00649,Laban,5.05,74,373.7,20,298.96,2021-07-20,UAE,Abu Dhabi,Supermarket,Male,2.4
SL-00650,Masala chai,4.84,75,363.0,5,344.85,2024-06-25,UAE,Abu Dhabi,Convenience Store,Female,1.4
SL-00651,Laban,6.67,94,626.98,0,626.98,2021-01-25,UAE,Fujairah,Convenience Store,Female,1.7
SL-00652,Laban,5.57,5,27.85,25,20.89,2023-10-01,UAE,Umm Al Quwain,Cafe,Male,4.1
SL-00653,Masala chai,7.4,56,414.4,15,352.24,2020-02-16,UAE,Umm Al Quwain,Supermarket,Female,1.9
SL-00654,Arabic coffee,12.77,49,625.73,0,625.73,2021-09-04,UAE,Sharjah,Cafe,Male,3.2
SL-00655,Masala chai,5.51,29,159.79,5,151.8,2025-08-29,UAE,Dubai,Online,Female,4.0
SL-00656,Camel milk,10.67,38,405.46,30,283.82,2020-07-20,UAE,Ajman,Hypermarket,Male,1.3
SL-00657,Laban,4.6,11,50.6,15,43.01,2021-07-06,UAE,Ras Al Khaimah,Online,Female,1.5
SL-00658,Juice,7.36,63,463.68,15,394.13,2025-11-17,UAE,Fujairah,Cafe,Male,3.5
SL-00659,Soft drinks,2.97,35,103.95,30,72.77,2021-04-05,UAE,Ajman,Convenience Store,Female,3.3
SL-00660,Arabic coffee,9.14,47,429.58,10,386.62,2023-06-02,UAE,Abu Dhabi,Convenience Store,Male,3.6
SL-00661,Soft drinks,5.95,79,470.05,30,329.04,2022-08-14,UAE,Umm Al Quwain,Online,Female,2.8
SL-00662,Soft drinks,4.74,20,94.8,30,66.36,2021-08-27,UAE,Fujairah,Supermarket,Male,1.2
SL-00663,Arabic tea,6.16,37,227.92,0,227.92,2023-09-21,UAE,Sharjah,Supermarket,Male,2.9
SL-00664,Soft drinks,4.96,28,138.88,5,131.94,2021-08-01,UAE,Ras Al Khaimah,Cafe,Female,3.2
SL-00665,Arabic coffee,11.99,3,35.97,15,30.57,2023-03-09,UAE,Ras Al Khaimah,Cafe,Male,1.7
SL-00666,Soft drinks,5.16,80,412.8,10,371.52,2024-05-10,UAE,Dubai,Online,Female,1.0
SL-00667,Arabic coffee,7.71,85,655.35,10,589.82,2024-05-02,UAE,Umm Al Quwain,Supermarket,Male,4.5
SL-00668,Soft drinks,5.92,66,390.72,25,293.04,2020-12-26,UAE,Dubai,Convenience Store,Male,3.4
SL-00669,Soft drinks,2.8,59,165.2,20,132.16,2023-06-02,UAE,Fujairah,Supermarket,Male,4.7
SL-00670,Masala chai,5.45,96,523.2,5,497.04,2023-05-23,UAE,Dubai,Convenience Store,Female,2.4
SL-00671,Soft drinks,5.98,65,388.7,10,349.83,2020-04-30,UAE,Umm Al Quwain,Supermarket,Female,4.5
SL-00672,Laban,6.8,29,197.2,5,187.34,2024-04-14,UAE,Sharjah,Online,Female,1.4
SL-00673,Laban,6.84,79,540.36,30,378.25,2024-10-12,UAE,Fujairah,Hypermarket,Male,3.3
SL-00674,Masala chai,7.55,43,324.65,15,275.95,2022-04-08,UAE,Ras Al Khaimah,Hypermarket,Male,1.6
SL-00675,Arabic tea,2.69,89,239.41,25,179.56,2021-08-17,UAE,Ras Al Khaimah,Hypermarket,Male,4.6
SL-00676,Arabic coffee,14.33,21,300.93,10,270.84,2022-01-24,UAE,Dubai,Cafe,Female,3.9
SL-00677,Masala chai,7.2,19,136.8,25,102.6,2024-08-11,UAE,Dubai,Convenience Store,Female,2.7
SL-00678,Masala chai,5.22,82,428.04,25,321.03,2022-01-26,UAE,Sharjah,Hypermarket,Female,1.4
SL-00679,Camel milk,17.15,79,1354.85,20,1083.88,2022-08-09,UAE,Sharjah,Cafe,Female,1.9
SL-00680,Soft drinks,4.75,46,218.5,0,218.5,2025-04-04,UAE,Fujairah,Online,Male,4.4
SL-00681,Arabic coffee,11.5,24,276.0,30,193.2,2022-07-15,UAE,Ajman,Online,Male,1.7
SL-00682,Camel milk,12.9,2,25.8,10,23.22,2022-04-17,UAE,Ajman,Hypermarket,Female,5.0
SL-00683,Camel milk,10.12,57,576.84,30,403.79,2022-10-07,UAE,Ras Al Khaimah,Online,Female,4.5
SL-00684,Juice,6.43,6,38.58,20,30.86,2025-11-21,UAE,Fujairah,Online,Female,2.6
SL-00685,Arabic coffee,13.76,5,68.8,20,55.04,2022-10-03,UAE,Dubai,Online,Male,4.5
SL-00686,Laban,5.15,95,489.25,0,489.25,2020-07-20,UAE,Ras Al Khaimah,Online,Female,3.5
SL-00687,Soft drinks,3.16,51,161.16,10,145.04,2020-08-11,UAE,Umm Al Quwain,Convenience Store,Male,2.7
SL-00688,Arabic coffee,10.17,19,193.23,15,164.25,2022-01-06,UAE,Umm Al Quwain,Online,Male,3.0
SL-00689,Arabic tea,4.93,90,443.7,20,354.96,2022-01-02,UAE,Abu Dhabi,Online,Male,2.8
SL-00690,Juice,7.54,92,693.68,5,659.0,2021-11-02,UAE,Ajman,Supermarket,Male,3.8
SL-00691,Arabic coffee,12.33,12,147.96,0,147.96,2024-04-22,UAE,Fujairah,Online,Female,1.3
SL-00692,Arabic coffee,12.91,66,852.06,20,681.65,2021-11-30,UAE,Abu Dhabi,Online,Female,1.2
SL-00693,Masala chai,5.83,85,495.55,30,346.89,2020-07-29,UAE,Abu Dhabi,Hypermarket,Female,1.7
SL-00694,Juice,5.85,94,549.9,30,384.93,2021-06-22,UAE,Ajman,Convenience Store,Female,1.5
SL-00695,Soft drinks,2.01,98,196.98,10,177.28,2020-01-24,UAE,Dubai,Online,Female,3.0
SL-00696,Laban,6.53,31,202.43,5,192.31,2020-01-27,UAE,Ras Al Khaimah,Online,Male,2.8
SL-00697,Soft drinks,5.53,36,199.08,20,159.26,2022-01-27,UAE,Fujairah,Cafe,Female,1.8
SL-00698,Soft drinks,2.22,45,99.9,0,99.9,2023-05-07,UAE,Abu Dhabi,Supermarket,Female,4.4
SL-00699,Masala chai,7.6,7,53.2,0,53.2,2021-12-27,UAE,Ajman,Hypermarket,Male,2.1
SL-00700,Juice,8.5,47,399.5,0,399.5,2020-10-04,UAE,Dubai,Convenience Store,Male,4.6
SL-00701,Arabic tea,4.14,71,293.94,0,293.94,2023-01-29,UAE,Sharjah,Online,Male,3.8
SL-00702,Masala chai,5.64,68,383.52,5,364.34,2025-12-06,UAE,Fujairah,Hypermarket,Female,1.4
SL-00703,Camel milk,13.8,89,1228.2,20,982.56,2022-11-29,UAE,Umm Al Quwain,Convenience Store,Male,4.4
SL-00704,Laban,5.3,80,424.0,10,381.6,2025-07-31,UAE,Abu Dhabi,Cafe,Female,3.1
SL-00705,Juice,8.85,79,699.15,5,664.19,2020-04-08,UAE,Fujairah,Convenience Store,Female,1.0
SL-00706,Juice,7.75,16,124.0,25,93.0,2024-08-22,UAE,Umm Al Quwain,Hypermarket,Female,5.0
SL-00707,Camel milk,12.01,72,864.72,30,605.3,2023-02-27,UAE,Fujairah,Hypermarket,Male,1.8
SL-00708,Masala chai,6.95,40,278.0,10,250.2,2023-09-27,UAE,Ras Al Khaimah,Cafe,Male,1.0
SL-00709,Masala chai,4.98,73,363.54,20,290.83,2025-05-16,UAE,Dubai,Hypermarket,Male,4.3
SL-00710,Juice,8.78,83,728.74,5,692.3,2023-10-04,UAE,Ajman,Hypermarket,Female,4.6
SL-00711,Juice,8.7,53,461.1,25,345.82,2023-07-16,UAE,Dubai,Cafe,Male,3.9
SL-00712,Laban,5.14,27,138.78,20,111.02,2023-12-19,UAE,Fujairah,Convenience Store,Female,4.6
SL-00713,Camel milk,19.64,36,707.04,30,494.93,2021-11-10,UAE,Dubai,Convenience Store,Other,3.5
SL-00714,Laban,5.42,24,130.08,20,104.06,2020-05-09,UAE,Dubai,Convenience Store,Female,2.3
SL-00715,Masala chai,5.07,64,324.48,5,308.26,2025-11-20,UAE,Sharjah,Online,Female,2.2
SL-00716,Masala chai,3.88,48,186.24,30,130.37,2020-04-12,UAE,Dubai,Hypermarket,Female,2.8
SL-00717,Arabic tea,4.41,65,286.65,5,272.32,2025-11-14,UAE,Abu Dhabi,Convenience Store,Female,3.9
SL-00718,Masala chai,6.88,19,130.72,30,91.5,2021-06-27,UAE,Umm Al Quwain,Supermarket,Female,4.8
SL-00719,Soft drinks,4.9,59,289.1,15,245.73,2020-06-29,UAE,Fujairah,Cafe,Male,2.2
SL-00720,Arabic coffee,13.48,12,161.76,10,145.58,2023-07-03,UAE,Ajman,Supermarket,Male,4.1
SL-00721,Camel milk,14.93,40,597.2,25,447.9,2025-12-20,UAE,Abu Dhabi,Convenience Store,Male,2.1
SL-00722,Masala chai,6.86,86,589.96,0,589.96,2025-10-06,UAE,Sharjah,Hypermarket,Male,1.5
SL-00723,Camel milk,10.48,45,471.6,20,377.28,2023-03-06,UAE,Sharjah,Convenience Store,Male,3.8
SL-00724,Laban,3.98,10,39.8,10,35.82,2020-04-28,UAE,Ras Al Khaimah,Convenience Store,Female,1.2
SL-00725,Juice,9.42,7,65.94,0,65.94,2024-12-31,UAE,Ajman,Supermarket,Male,2.6
SL-00726,Laban,4.42,43,190.06,30,133.04,2025-03-22,UAE,Abu Dhabi,Cafe,Male,4.7
SL-00727,Laban,3.53,90,317.7,15,270.04,2025-03-21,UAE,Dubai,Online,Male,3.6
SL-00728,Juice,5.39,29,156.31,5,148.49,2022-01-21,UAE,Umm Al Quwain,Cafe,Male,2.5
SL-00729,Arabic coffee,14.17,43,609.31,30,426.52,2025-04-30,UAE,Umm Al Quwain,Convenience Store,Male,1.1
SL-00730,Camel milk,12.22,60,733.2,30,513.24,2021-06-05,UAE,Abu Dhabi,Convenience Store,Female,3.4
SL-00731,Laban,3.41,92,313.72,30,219.6,2023-05-22,UAE,Dubai,Convenience Store,Female,1.3
SL-00732,Laban,4.84,76,367.84,15,312.66,2025-05-29,UAE,Abu Dhabi,Cafe,Male,1.6
SL-00733,Juice,4.4,27,118.8,30,83.16,2023-11-02,UAE,Fujairah,Cafe,Male,4.9
SL-00734,Laban,5.78,23,132.94,25,99.71,2025-06-16,UAE,Fujairah,Supermarket,Female,3.8
SL-00735,Camel milk,15.11,60,906.6,10,815.94,2024-07-20,UAE,Ras Al Khaimah,Supermarket,Female,1.7
SL-00736,Camel milk,15.18,88,1335.84,30,935.09,2020-09-08,UAE,Ras Al Khaimah,Online,Male,3.6
SL-00737,Camel milk,10.61,18,190.98,20,152.78,2025-01-29,UAE,Umm Al Quwain,Supermarket,Female,3.6
SL-00738,Laban,4.17,79,329.43,20,263.54,2023-05-12,UAE,Ajman,Hypermarket,Male,4.5
SL-00739,Laban,6.18,87,537.66,10,483.89,2025-09-21,UAE,Ajman,Convenience Store,Other,3.3
SL-00740,Juice,9.09,38,345.42,0,345.42,2024-01-11,UAE,Sharjah,Cafe,Female,1.0
SL-00741,Camel milk,18.33,4,73.32,5,69.65,2024-04-16,UAE,Ajman,Cafe,Male,2.3
SL-00742,Juice,6.29,70,440.3,5,418.28,2024-04-24,UAE,Fujairah,Hypermarket,Male,1.8
SL-00743,Arabic tea,6.62,54,357.48,5,339.61,2020-03-05,UAE,Sharjah,Hypermarket,Male,1.3
SL-00744,Soft drinks,4.89,63,308.07,25,231.05,2024-08-30,UAE,Ajman,Hypermarket,Male,3.6
SL-00745,Arabic tea,4.28,90,385.2,20,308.16,2025-01-17,UAE,Ajman,Cafe,Male,3.0
SL-00746,Juice,6.13,24,147.12,15,125.05,2022-08-27,UAE,Ras Al Khaimah,Supermarket,Female,4.4
SL-00747,Arabic coffee,10.02,53,531.06,20,424.85,2025-06-02,UAE,Ras Al Khaimah,Convenience Store,Male,1.2
SL-00748,Arabic coffee,8.69,75,651.75,15,553.99,2023-02-18,UAE,Fujairah,Supermarket,Male,3.9
SL-00749,Juice,7.1,67,475.7,20,380.56,2020-11-15,UAE,Dubai,Hypermarket,Male,4.0
SL-00750,Arabic coffee,11.34,75,850.5,10,765.45,2020-02-14,UAE,Ras Al Khaimah,Supermarket,Female,3.1
SL-00751,Juice,6.72,61,409.92,20,327.94,2023-04-21,UAE,Fujairah,Convenience Store,Male,4.8
SL-00752,Masala chai,3.84,89,341.76,20,273.41,2020-09-08,UAE,Fujairah,Convenience Store,Female,3.3
SL-00753,Arabic coffee,9.73,22,214.06,20,171.25,2023-03-20,UAE,Dubai,Convenience Store,Female,3.5
SL-00754,Juice,4.5,65,292.5,0,292.5,2023-02-01,UAE,Umm Al Quwain,Convenience Store,Male,3.5
SL-00755,Arabic tea,3.28,95,311.6,0,311.6,2025-01-03,UAE,Ras Al Khaimah,Hypermarket,Female,4.0
SL-00756,Masala chai,7.04,34,239.36,30,167.55,2020-05-15,UAE,Fujairah,Hypermarket,Male,4.2
SL-00757,Masala chai,7.92,19,150.48,20,120.38,2024-08-18,UAE,Umm Al Quwain,Hypermarket,Female,4.0
SL-00758,Arabic tea,3.92,85,333.2,15,283.22,2023-11-14,UAE,Fujairah,Hypermarket,Male,3.9
SL-00759,Camel milk,15.71,97,1523.87,30,1066.71,2023-05-19,UAE,Dubai,Supermarket,Male,2.6
SL-00760,Juice,8.48,97,822.56,20,658.05,2022-12-11,UAE,Abu Dhabi,Online,Female,2.6
SL-00761,Soft drinks,4.12,56,230.72,0,230.72,2025-12-11,UAE,Sharjah,Online,Male,2.3
SL-00762,Arabic coffee,14.56,13,189.28,20,151.42,2023-01-21,UAE,Fujairah,Convenience Store,Female,2.7
SL-00763,Masala chai,4.35,13,56.55,10,50.89,2022-09-17,UAE,Fujairah,Cafe,Male,4.1
SL-00764,Arabic coffee,11.72,99,1160.28,5,1102.27,2023-07-07,UAE,Ras Al Khaimah,Convenience Store,Female,5.0
SL-00765,Laban,3.04,2,6.08,30,4.26,2024-12-31,UAE,Dubai,Supermarket,Male,3.1
SL-00766,Masala chai,4.1,37,151.7,10,136.53,2022-06-07,UAE,Abu Dhabi,Supermarket,Male,1.4
SL-00767,Laban,5.55,91,505.05,0,505.05,2022-01-26,UAE,Dubai,Cafe,Male,3.6
SL-00768,Camel milk,16.35,33,539.55,10,485.6,2023-02-06,UAE,Ajman,Supermarket,Female,4.7
SL-00769,Arabic tea,4.13,86,355.18,30,248.63,2023-02-09,UAE,Umm Al Quwain,Convenience Store,Male,4.1
SL-00770,Arabic tea,2.31,50,115.5,10,103.95,2024-12-09,UAE,Dubai,Convenience Store,Female,2.1
SL-00771,Camel milk,13.9,26,361.4,20,289.12,2024-11-01,UAE,Ajman,Hypermarket,Female,1.4
SL-00772,Soft drinks,4.46,14,62.44,15,53.07,2022-10-23,UAE,Fujairah,Convenience Store,Male,1.3
SL-00773,Arabic tea,4.23,64,270.72,5,257.18,2022-12-27,UAE,Fujairah,Supermarket,Female,3.7
SL-00774,Soft drinks,4.8,51,244.8,20,195.84,2025-05-12,UAE,Dubai,Cafe,Female,4.1
SL-00775,Juice,6.42,94,603.48,30,422.44,2025-05-28,UAE,Umm Al Quwain,Supermarket,Female,1.0
SL-00776,Camel milk,14.81,46,681.26,10,613.13,2021-01-06,UAE,Fujairah,Convenience Store,Male,3.5
SL-00777,Masala chai,5.67,44,249.48,0,249.48,2022-04-11,UAE,Umm Al Quwain,Online,Female,2.2
SL-00778,Soft drinks,4.22,50,211.0,25,158.25,2024-01-11,UAE,Abu Dhabi,Convenience Store,Female,4.6
SL-00779,Juice,4.51,81,365.31,15,310.51,2022-09-03,UAE,Fujairah,Hypermarket,Male,1.8
SL-00780,Juice,6.33,70,443.1,25,332.32,2025-01-14,UAE,Sharjah,Online,Female,4.3
SL-00781,Camel milk,8.44,8,67.52,10,60.77,2025-11-12,UAE,Umm Al Quwain,Supermarket,Male,1.8
SL-00782,Juice,9.64,69,665.16,5,631.9,2021-08-02,UAE,Fujairah,Cafe,Male,1.3
SL-00783,Juice,7.92,61,483.12,20,386.5,2021-12-06,UAE,Dubai,Hypermarket,Female,1.5
SL-00784,Arabic coffee,5.5,40,220.0,30,154.0,2020-09-18,UAE,Umm Al Quwain,Supermarket,Male,1.7
SL-00785,Arabic tea,6.09,15,91.35,15,77.65,2024-10-11,UAE,Ras Al Khaimah,Cafe,Male,4.2
SL-00786,Masala chai,7.06,95,670.7,25,503.02,2021-07-16,UAE,Ajman,Convenience Store,Male,3.7
SL-00787,Masala chai,7.18,28,201.04,30,140.73,2023-01-26,UAE,Dubai,Cafe,Male,1.3
SL-00788,Soft drinks,5.03,22,110.66,25,83.0,2020-06-15,UAE,Sharjah,Cafe,Male,2.0
SL-00789,Soft drinks,2.4,81,194.4,20,155.52,2020-01-27,UAE,Ajman,Hypermarket,Male,2.9
SL-00790,Camel milk,10.15,12,121.8,25,91.35,2025-05-03,UAE,Fujairah,Cafe,Female,2.7
SL-00791,Arabic coffee,6.27,19,119.13,25,89.35,2021-12-15,UAE,Sharjah,Cafe,Male,2.0
SL-00792,Laban,5.77,77,444.29,5,422.08,2023-05-18,UAE,Fujairah,Online,Female,1.4
SL-00793,Masala chai,5.09,72,366.48,5,348.16,2024-01-22,UAE,Abu Dhabi,Supermarket,Other,4.9
SL-00794,Arabic tea,5.81,70,406.7,20,325.36,2023-02-06,UAE,Abu Dhabi,Online,Female,3.6
SL-00795,Camel milk,10.32,20,206.4,25,154.8,2020-06-25,UAE,Umm Al Quwain,Online,Female,1.6
SL-00796,Camel milk,15.74,37,582.38,5,553.26,2025-01-30,UAE,Ajman,Convenience Store,Male,4.2
SL-00797,Camel milk,9.25,7,64.75,20,51.8,2021-04-20,UAE,Abu Dhabi,Hypermarket,Female,2.9
SL-00798,Camel milk,18.74,93,1742.82,15,1481.4,2023-08-27,UAE,Ras Al Khaimah,Cafe,Male,1.8
SL-00799,Soft drinks,5.12,42,215.04,5,204.29,2024-03-18,UAE,Dubai,Hypermarket,Female,4.5
SL-00800,Soft drinks,2.29,75,171.75,15,145.99,2025-02-06,UAE,Dubai,Online,Male,4.7
SL-00801,Soft drinks,3.55,18,63.9,15,54.31,2022-04-08,UAE,Fujairah,Hypermarket,Female,4.9
SL-00802,Masala chai,3.64,89,323.96,20,259.17,2025-02-21,UAE,Dubai,Convenience Store,Male,4.4
SL-00803,Juice,5.03,44,221.32,5,210.25,2021-11-27,UAE,Sharjah,Cafe,Male,4.2
SL-00804,Laban,6.88,30,206.4,0,206.4,2025-04-23,UAE,Ajman,Cafe,Male,5.0
SL-00805,Arabic tea,4.31,2,8.62,25,6.47,2022-06-29,UAE,Ajman,Hypermarket,Male,2.7
SL-00806,Laban,6.79,74,502.46,0,502.46,2025-08-27,UAE,Ajman,Supermarket,Male,2.9
SL-00807,Camel milk,13.11,51,668.61,15,568.32,2020-02-20,UAE,Umm Al Quwain,Supermarket,Male,2.0
SL-00808,Arabic coffee,12.32,28,344.96,5,327.71,2020-03-06,UAE,Sharjah,Convenience Store,Male,5.0
SL-00809,Juice,8.01,21,168.21,25,126.16,2025-02-06,UAE,Ajman,Cafe,Female,1.1
SL-00810,Juice,8.63,91,785.33,15,667.53,2020-01-06,UAE,Abu Dhabi,Convenience Store,Female,3.8
SL-00811,Arabic tea,5.14,50,257.0,25,192.75,2023-01-10,UAE,Sharjah,Cafe,Male,2.7
SL-00812,Arabic coffee,14.46,70,1012.2,20,809.76,2023-10-07,UAE,Umm Al Quwain,Hypermarket,Female,1.3
SL-00813,Arabic coffee,14.32,66,945.12,25,708.84,2020-06-16,UAE,Sharjah,Supermarket,Male,2.5
SL-00814,Masala chai,4.83,83,400.89,20,320.71,2021-07-20,UAE,Fujairah,Supermarket,Female,4.1
SL-00815,Masala chai,4.19,15,62.85,25,47.14,2022-07-12,UAE,Ajman,Cafe,Female,3.8
SL-00816,Masala chai,4.76,35,166.6,20,133.28,2023-11-15,UAE,Fujairah,Online,Male,1.3
SL-00817,Juice,6.92,68,470.56,30,329.39,2025-12-22,UAE,Dubai,Online,Female,3.7
SL-00818,Masala chai,5.26,48,252.48,30,176.74,2020-12-23,UAE,Fujairah,Supermarket,Male,4.5
SL-00819,Camel milk,12.69,23,291.87,10,262.68,2021-08-29,UAE,Dubai,Supermarket,Male,1.4
SL-00820,Juice,4.9,27,132.3,20,105.84,2021-06-24,UAE,Fujairah,Supermarket,Male,4.9
SL-00821,Juice,6.08,57,346.56,25,259.92,2022-08-09,UAE,Fujairah,Supermarket,Male,1.3
SL-00822,Arabic tea,6.74,83,559.42,10,503.48,2023-08-29,UAE,Ajman,Cafe,Male,3.6
SL-00823,Juice,7.56,90,680.4,20,544.32,2021-06-24,UAE,Umm Al Quwain,Cafe,Male,2.2
SL-00824,Arabic tea,3.53,34,120.02,5,114.02,2020-07-12,UAE,Ajman,Convenience Store,Female,4.1
SL-00825,Soft drinks,3.41,59,201.19,5,191.13,2021-12-19,UAE,Ras Al Khaimah,Hypermarket,Female,2.1
SL-00826,Arabic tea,5.54,86,476.44,30,333.51,2023-07-20,UAE,Abu Dhabi,Hypermarket,Male,1.2
SL-00827,Laban,3.51,34,119.34,10,107.41,2023-07-22,UAE,Abu Dhabi,Hypermarket,Female,1.1
SL-00828,Masala chai,3.74,58,216.92,20,173.54,2024-07-15,UAE,Abu Dhabi,Cafe,Male,4.7
SL-00829,Juice,8.61,59,507.99,10,457.19,2025-09-09,UAE,Abu Dhabi,Supermarket,Female,3.2
SL-00830,Masala chai,6.24,38,237.12,15,201.55,2024-12-15,UAE,Sharjah,Cafe,Female,4.2
SL-00831,Masala chai,6.45,94,606.3,15,515.36,2020-04-11,UAE,Dubai,Hypermarket,Female,1.5
SL-00832,Juice,7.71,29,223.59,15,190.05,2022-03-10,UAE,Sharjah,Supermarket,Male,3.4
SL-00833,Laban,5.11,99,505.89,10,455.3,2020-12-23,UAE,Abu Dhabi,Supermarket,Male,4.4
SL-00834,Laban,4.58,63,288.54,10,259.69,2024-01-18,UAE,Ras Al Khaimah,Cafe,Female,1.2
SL-00835,Juice,4.89,55,268.95,10,242.06,2023-06-15,UAE,Ajman,Convenience Store,Male,2.4
SL-00836,Juice,9.25,12,111.0,5,105.45,2024-12-17,UAE,Fujairah,Online,Female,2.7
SL-00837,Masala chai,3.82,94,359.08,15,305.22,2020-12-18,UAE,Fujairah,Online,Male,3.3
SL-00838,Soft drinks,2.83,61,172.63,30,120.84,2024-03-19,UAE,Ras Al Khaimah,Convenience Store,Male,4.8
SL-00839,Camel milk,8.08,82,662.56,10,596.3,2021-07-14,UAE,Ajman,Hypermarket,Female,3.8
SL-00840,Soft drinks,2.74,49,134.26,10,120.83,2023-05-29,UAE,Ras Al Khaimah,Online,Male,4.3
SL-00841,Juice,7.36,60,441.6,5,419.52,2025-04-19,UAE,Dubai,Supermarket,Male,2.2
SL-00842,Camel milk,15.85,37,586.45,15,498.48,2020-04-26,UAE,Abu Dhabi,Online,Female,3.6
SL-00843,Camel milk,17.18,64,1099.52,0,1099.52,2022-11-22,UAE,Ras Al Khaimah,Convenience Store,Female,3.3
SL-00844,Arabic coffee,11.86,89,1055.54,30,738.88,2022-11-29,UAE,Dubai,Convenience Store,Female,3.3
SL-00845,Soft drinks,4.33,19,82.27,10,74.04,2024-01-19,UAE,Ajman,Hypermarket,Male,1.2
SL-00846,Juice,7.82,46,359.72,0,359.72,2025-10-05,UAE,Sharjah,Convenience Store,Female,4.7
SL-00847,Soft drinks,5.07,24,121.68,30,85.18,2023-07-19,UAE,Dubai,Cafe,Female,3.2
SL-00848,Arabic tea,6.22,39,242.58,10,218.32,2021-08-11,UAE,Fujairah,Convenience Store,Male,3.3
SL-00849,Camel milk,9.64,37,356.68,10,321.01,2021-10-29,UAE,Umm Al Quwain,Online,Male,4.7
SL-00850,Camel milk,10.61,65,689.65,5,655.17,2025-11-23,UAE,Umm Al Quwain,Hypermarket,Female,3.2
SL-00851,Arabic tea,4.66,71,330.86,25,248.14,2021-04-22,UAE,Umm Al Quwain,Supermarket,Male,4.7
SL-00852,Arabic tea,2.66,3,7.98,15,6.78,2024-12-15,UAE,Sharjah,Convenience Store,Female,1.6
SL-00853,Laban,5.09,44,223.96,5,212.76,2022-06-29,UAE,Fujairah,Convenience Store,Male,4.3
SL-00854,Soft drinks,5.43,19,103.17,25,77.38,2020-11-17,UAE,Abu Dhabi,Convenience Store,Male,1.5
SL-00855,Juice,8.14,15,122.1,0,122.1,2021-03-17,UAE,Dubai,Online,Female,1.2
SL-00856,Camel milk,17.52,66,1156.32,20,925.06,2020-09-28,UAE,Dubai,Online,Male,2.0
SL-00857,Masala chai,6.34,97,614.98,0,614.98,2022-03-30,UAE,Umm Al Quwain,Supermarket,Female,1.8
SL-00858,Soft drinks,4.68,4,18.72,0,18.72,2021-10-19,UAE,Abu Dhabi,Convenience Store,Female,2.4
SL-00859,Arabic tea,4.5,94,423.0,20,338.4,2020-02-27,UAE,Abu Dhabi,Cafe,Female,1.4
SL-00860,Laban,3.87,25,96.75,10,87.07,2022-05-26,UAE,Abu Dhabi,Cafe,Male,3.9
SL-00861,Laban,6.41,61,391.01,10,351.91,2021-03-15,UAE,Fujairah,Cafe,Male,3.7
SL-00862,Soft drinks,5.34,49,261.66,15,222.41,2023-07-11,UAE,Abu Dhabi,Cafe,Male,1.5
SL-00863,Camel milk,13.59,67,910.53,5,865.0,2020-06-15,UAE,Ajman,Convenience Store,Female,3.2
SL-00864,Camel milk,11.94,15,179.1,15,152.24,2024-12-23,UAE,Sharjah,Online,Female,2.2
SL-00865,Soft drinks,4.22,38,160.36,30,112.25,2025-05-02,UAE,Ajman,Hypermarket,Female,4.6
SL-00866,Arabic coffee,8.67,2,17.34,25,13.01,2020-12-14,UAE,Ajman,Supermarket,Male,3.1
SL-00867,Camel milk,9.72,52,505.44,25,379.08,2021-11-22,UAE,Ras Al Khaimah,Supermarket,Female,4.6
SL-00868,Camel milk,12.36,26,321.36,10,289.22,2022-08-11,UAE,Abu Dhabi,Cafe,Female,2.6
SL-00869,Arabic tea,4.12,64,263.68,10,237.31,2024-06-27,UAE,Umm Al Quwain,Cafe,Female,4.0
SL-00870,Masala chai,5.38,78,419.64,15,356.69,2021-03-18,UAE,Ajman,Cafe,Male,4.1
SL-00871,Camel milk,11.01,64,704.64,5,669.41,2020-10-06,UAE,Fujairah,Hypermarket,Male,4.0
SL-00872,Juice,8.07,23,185.61,15,157.77,2021-01-29,UAE,Ras Al Khaimah,Convenience Store,Male,3.5
SL-00873,Arabic tea,2.38,97,230.86,20,184.69,2025-08-01,UAE,Umm Al Quwain,Online,Female,1.8
SL-00874,Juice,7.03,70,492.1,10,442.89,2020-05-09,UAE,Umm Al Quwain,Cafe,Female,4.8
SL-00875,Juice,9.28,16,148.48,15,126.21,2020-05-27,UAE,Ajman,Convenience Store,Female,2.8
SL-00876,Camel milk,10.12,85,860.2,30,602.14,2024-10-30,UAE,Umm Al Quwain,Convenience Store,Female,1.7
SL-00877,Soft drinks,3.25,50,162.5,15,138.12,2025-04-08,UAE,Umm Al Quwain,Supermarket,Female,3.0
SL-00878,Juice,7.37,21,154.77,20,123.82,2024-03-27,UAE,Dubai,Online,Male,3.4
SL-00879,Laban,5.71,99,565.29,10,508.76,2024-02-09,UAE,Sharjah,Supermarket,Male,1.2
SL-00880,Masala chai,7.05,75,528.75,0,528.75,2024-01-03,UAE,Umm Al Quwain,Convenience Store,Male,2.7
SL-00881,Juice,6.11,85,519.35,5,493.38,2020-09-25,UAE,Abu Dhabi,Hypermarket,Female,3.4
SL-00882,Arabic tea,3.52,44,154.88,5,147.14,2024-09-26,UAE,Dubai,Cafe,Male,2.8
SL-00883,Laban,5.06,54,273.24,10,245.92,2024-03-27,UAE,Dubai,Online,Female,4.9
SL-00884,Laban,4.56,74,337.44,0,337.44,2023-10-08,UAE,Umm Al Quwain,Online,Male,3.7
SL-00885,Juice,7.02,98,687.96,25,515.97,2024-11-20,UAE,Sharjah,Hypermarket,Female,2.5
SL-00886,Soft drinks,3.99,10,39.9,30,27.93,2023-05-02,UAE,Umm Al Quwain,Cafe,Male,2.1
SL-00887,Laban,4.61,29,133.69,20,106.95,2023-10-11,UAE,Fujairah,Supermarket,Female,3.3
SL-00888,Masala chai,3.34,68,227.12,15,193.05,2023-05-21,UAE,Ajman,Hypermarket,Male,1.3
SL-00889,Laban,6.22,56,348.32,25,261.24,2025-10-11,UAE,Ras Al Khaimah,Convenience Store,Male,2.6
SL-00890,Juice,8.03,71,570.13,5,541.62,2022-05-22,UAE,Dubai,Cafe,Female,3.3
SL-00891,Arabic coffee,14.62,96,1403.52,15,1192.99,2024-11-11,UAE,Sharjah,Cafe,Female,4.4
SL-00892,Laban,5.91,8,47.28,20,37.82,2023-05-14,UAE,Abu Dhabi,Convenience Store,Male,2.0
SL-00893,Arabic tea,4.18,41,171.38,30,119.97,2022-12-29,UAE,Umm Al Quwain,Supermarket,Female,4.4
SL-00894,Arabic tea,3.44,21,72.24,10,65.02,2021-09-06,UAE,Fujairah,Cafe,Male,2.0
SL-00895,Soft drinks,2.11,40,84.4,15,71.74,2020-05-31,UAE,Ajman,Cafe,Other,2.7
SL-00896,Soft drinks,2.64,18,47.52,0,47.52,2020-06-21,UAE,Sharjah,Convenience Store,Female,1.7
SL-00897,Arabic coffee,9.86,3,29.58,0,29.58,2020-09-17,UAE,Umm Al Quwain,Supermarket,Male,2.2
SL-00898,Juice,9.38,86,806.68,25,605.01,2021-07-29,UAE,Dubai,Online,Female,3.9
SL-00899,Soft drinks,2.45,95,232.75,20,186.2,2025-11-21,UAE,Dubai,Cafe,Female,3.3
SL-00900,Masala chai,5.48,12,65.76,5,62.47,2024-05-16,UAE,Ras Al Khaimah,Supermarket,Female,2.3
SL-00901,Arabic tea,5.74,31,177.94,15,151.25,2023-01-29,UAE,Abu Dhabi,Hypermarket,Male,1.9
SL-00902,Juice,6.45,76,490.2,0,490.2,2023-07-20,UAE,Ajman,Cafe,Male,4.8
SL-00903,Laban,4.7,88,413.6,5,392.92,2023-06-16,UAE,Sharjah,Hypermarket,Male,3.9
SL-00904,Camel milk,15.74,78,1227.72,0,1227.72,2022-09-08,UAE,Umm Al Quwain,Supermarket,Female,4.2
SL-00905,Masala chai,5.76,40,230.4,25,172.8,2025-12-30,UAE,Fujairah,Convenience Store,Female,3.7
SL-00906,Arabic tea,3.18,57,181.26,15,154.07,2023-05-17,UAE,Dubai,Online,Female,4.7
SL-00907,Camel milk,19.24,97,1866.28,5,1772.97,2024-12-02,UAE,Sharjah,Hypermarket,Female,1.6
SL-00908,Arabic coffee,8.17,99,808.83,25,606.62,2025-07-06,UAE,Ajman,Supermarket,Male,1.3
SL-00909,Juice,8.42,43,362.06,25,271.54,2025-09-04,UAE,Ajman,Supermarket,Female,3.8
SL-00910,Camel milk,12.22,78,953.16,25,714.87,2020-04-22,UAE,Umm Al Quwain,Cafe,Female,2.8
SL-00911,Arabic tea,2.26,83,187.58,5,178.2,2024-06-29,UAE,Fujairah,Online,Female,1.5
SL-00912,Soft drinks,4.51,41,184.91,20,147.93,2021-06-16,UAE,Dubai,Supermarket,Male,3.1
SL-00913,Arabic tea,4.97,53,263.41,30,184.39,2022-12-03,UAE,Sharjah,Online,Male,3.9
SL-00914,Soft drinks,4.75,42,199.5,30,139.65,2024-05-30,UAE,Sharjah,Hypermarket,Male,2.5
SL-00915,Juice,9.67,74,715.58,5,679.8,2022-07-25,UAE,Dubai,Supermarket,Female,3.6
SL-00916,Camel milk,19.69,26,511.94,10,460.75,2022-12-01,UAE,Fujairah,Hypermarket,Male,3.5
SL-00917,Soft drinks,2.36,48,113.28,5,107.62,2025-02-01,UAE,Ras Al Khaimah,Supermarket,Male,3.1
SL-00918,Arabic tea,5.37,16,85.92,5,81.62,2022-12-26,UAE,Fujairah,Hypermarket,Male,4.4
SL-00919,Masala chai,6.73,49,329.77,5,313.28,2023-03-05,UAE,Ajman,Hypermarket,Female,5.0
SL-00920,Arabic coffee,11.77,54,635.58,5,603.8,2022-08-22,UAE,Ajman,Hypermarket,Male,4.9
SL-00921,Laban,4.8,32,153.6,10,138.24,2023-08-17,UAE,Ras Al Khaimah,Online,Male,2.9
SL-00922,Arabic coffee,8.98,28,251.44,25,188.58,2021-01-25,UAE,Ajman,Online,Female,2.0
SL-00923,Laban,3.24,43,139.32,5,132.35,2020-07-05,UAE,Ajman,Convenience Store,Other,4.8
SL-00924,Camel milk,11.04,80,883.2,15,750.72,2020-06-17,UAE,Sharjah,Online,Female,1.5
SL-00925,Laban,3.72,22,81.84,20,65.47,2023-07-23,UAE,Ajman,Convenience Store,Female,1.5
SL-00926,Arabic coffee,10.3,19,195.7,10,176.13,2023-02-24,UAE,Dubai,Convenience Store,Male,1.5
SL-00927,Arabic coffee,8.61,56,482.16,10,433.94,2025-10-18,UAE,Sharjah,Cafe,Female,4.7
SL-00928,Masala chai,5.18,22,113.96,10,102.56,2024-12-07,UAE,Fujairah,Online,Female,1.6
SL-00929,Camel milk,10.27,7,71.89,5,68.3,2025-03-28,UAE,Abu Dhabi,Supermarket,Male,1.7
SL-00930,Juice,4.7,64,300.8,0,300.8,2025-02-17,UAE,Ajman,Convenience Store,Other,3.2
SL-00931,Juice,4.67,93,434.31,30,304.02,2023-03-09,UAE,Abu Dhabi,Supermarket,Male,1.8
SL-00932,Soft drinks,5.34,96,512.64,20,410.11,2022-05-19,UAE,Umm Al Quwain,Convenience Store,Female,3.7
SL-00933,Laban,6.99,1,6.99,20,5.59,2022-10-05,UAE,Umm Al Quwain,Cafe,Male,4.7
SL-00934,Arabic tea,4.49,13,58.37,10,52.53,2024-06-02,UAE,Dubai,Convenience Store,Female,3.7
SL-00935,Masala chai,5.95,14,83.3,30,58.31,2025-05-19,UAE,Sharjah,Hypermarket,Male,2.8
SL-00936,Juice,7.77,35,271.95,20,217.56,2025-01-29,UAE,Fujairah,Supermarket,Male,1.2
SL-00937,Masala chai,7.74,94,727.56,30,509.29,2023-03-04,UAE,Ras Al Khaimah,Hypermarket,Male,1.2
SL-00938,Masala chai,6.99,96,671.04,0,671.04,2021-12-30,UAE,Ras Al Khaimah,Cafe,Male,2.6
SL-00939,Soft drinks,5.86,52,304.72,0,304.72,2023-03-13,UAE,Dubai,Hypermarket,Male,4.1
SL-00940,Arabic coffee,12.53,84,1052.52,5,999.89,2023-06-24,UAE,Dubai,Convenience Store,Female,2.7
SL-00941,Arabic coffee,11.04,46,507.84,25,380.88,2024-05-08,UAE,Dubai,Convenience Store,Female,3.0
SL-00942,Juice,5.61,77,431.97,15,367.17,2024-11-13,UAE,Dubai,Online,Female,3.5
SL-00943,Arabic coffee,9.26,6,55.56,20,44.45,2021-09-27,UAE,Sharjah,Online,Female,3.6
SL-00944,Juice,7.16,83,594.28,20,475.42,2025-05-10,UAE,Dubai,Convenience Store,Male,1.3
SL-00945,Masala chai,3.74,17,63.58,25,47.69,2020-07-14,UAE,Sharjah,Hypermarket,Female,2.2
SL-00946,Laban,3.31,6,19.86,20,15.89,2022-11-03,UAE,Dubai,Cafe,Male,1.4
SL-00947,Masala chai,4.27,11,46.97,30,32.88,2022-01-05,UAE,Ras Al Khaimah,Supermarket,Male,3.6
SL-00948,Arabic tea,2.91,51,148.41,0,148.41,2025-02-06,UAE,Dubai,Online,Female,2.2
SL-00949,Arabic tea,5.35,80,428.0,30,299.6,2022-02-05,UAE,Sharjah,Convenience Store,Female,4.5
SL-00950,Soft drinks,2.74,96,263.04,20,210.43,2024-06-05,UAE,Sharjah,Supermarket,Male,1.1
SL-00951,Camel milk,8.16,84,685.44,15,582.62,2025-06-16,UAE,Ajman,Online,Female,4.9
SL-00952,Masala chai,6.09,79,481.11,10,433.0,2021-07-07,UAE,Fujairah,Online,Female,1.4
SL-00953,Camel milk,10.29,3,30.87,25,23.15,2022-09-17,UAE,Abu Dhabi,Supermarket,Male,3.6
SL-00954,Juice,9.05,69,624.45,5,593.23,2024-09-24,UAE,Dubai,Convenience Store,Female,1.6
SL-00955,Camel milk,9.4,20,188.0,25,141.0,2025-01-15,UAE,Fujairah,Online,Female,2.9
SL-00956,Laban,3.97,38,150.86,20,120.69,2024-11-03,UAE,Umm Al Quwain,Online,Male,1.0
SL-00957,Juice,9.09,95,863.55,20,690.84,2024-06-25,UAE,Ras Al Khaimah,Cafe,Other,1.1
SL-00958,Juice,7.08,93,658.44,20,526.75,2020-03-18,UAE,Fujairah,Online,Male,1.2
SL-00959,Juice,7.46,71,529.66,0,529.66,2023-11-21,UAE,Sharjah,Online,Female,1.5
SL-00960,Juice,8.19,3,24.57,5,23.34,2025-09-10,UAE,Sharjah,Hypermarket,Male,2.8
SL-00961,Soft drinks,4.35,88,382.8,10,344.52,2024-05-17,UAE,Ras Al Khaimah,Online,Male,2.2
SL-00962,Juice,9.0,87,783.0,25,587.25,2021-10-25,UAE,Fujairah,Convenience Store,Female,4.2
SL-00963,Laban,3.83,89,340.87,25,255.65,2025-07-08,UAE,Dubai,Online,Male,1.8
SL-00964,Camel milk,17.52,64,1121.28,10,1009.15,2024-01-09,UAE,Abu Dhabi,Hypermarket,Female,5.0
SL-00965,Masala chai,4.79,21,100.59,5,95.56,2024-10-29,UAE,Umm Al Quwain,Cafe,Male,1.3
SL-00966,Camel milk,15.41,16,246.56,20,197.25,2023-12-26,UAE,Abu Dhabi,Online,Male,2.4
SL-00967,Arabic tea,2.23,72,160.56,10,144.5,2020-07-25,UAE,Abu Dhabi,Cafe,Female,1.4
SL-00968,Juice,8.79,97,852.63,0,852.63,2021-02-21,UAE,Dubai,Cafe,Female,4.4
SL-00969,Arabic tea,4.81,65,312.65,0,312.65,2021-10-05,UAE,Abu Dhabi,Supermarket,Female,4.6
SL-00970,Arabic coffee,7.92,57,451.44,30,316.01,2024-01-29,UAE,Ras Al Khaimah,Online,Female,1.4
SL-00971,Masala chai,7.1,16,113.6,30,79.52,2020-01-27,UAE,Abu Dhabi,Online,Female,4.1
SL-00972,Soft drinks,5.34,61,325.74,10,293.17,2024-08-26,UAE,Sharjah,Cafe,Male,2.1
SL-00973,Masala chai,6.15,32,196.8,5,186.96,2024-10-22,UAE,Umm Al Quwain,Cafe,Male,1.9
SL-00974,Juice,9.51,59,561.09,30,392.76,2020-02-10,UAE,Ras Al Khaimah,Convenience Store,Female,2.8
SL-00975,Arabic coffee,13.06,9,117.54,0,117.54,2024-11-12,UAE,Sharjah,Convenience Store,Male,4.1
SL-00976,Camel milk,12.72,5,63.6,25,47.7,2025-10-30,UAE,Fujairah,Hypermarket,Female,1.2
SL-00977,Masala chai,5.1,88,448.8,25,336.6,2023-11-10,UAE,Ras Al Khaimah,Convenience Store,Female,2.3
SL-00978,Camel milk,17.92,68,1218.56,20,974.85,2024-12-16,UAE,Abu Dhabi,Online,Male,1.8
SL-00979,Arabic coffee,8.45,84,709.8,15,603.33,2023-10-02,UAE,Umm Al Quwain,Hypermarket,Female,1.3
SL-00980,Juice,8.35,95,793.25,5,753.59,2023-07-02,UAE,Ras Al Khaimah,Cafe,Male,1.4
SL-00981,Laban,4.36,82,357.52,5,339.64,2022-11-25,UAE,Dubai,Supermarket,Female,3.2
SL-00982,Soft drinks,5.33,39,207.87,25,155.9,2024-03-07,UAE,Ajman,Cafe,Male,1.2
SL-00983,Masala chai,6.13,46,281.98,0,281.98,2020-01-22,UAE,Dubai,Supermarket,Male,3.3
SL-00984,Juice,6.03,31,186.93,30,130.85,2025-12-24,UAE,Fujairah,Cafe,Female,4.6
SL-00985,Arabic tea,4.98,45,224.1,10,201.69,2025-10-29,UAE,Sharjah,Cafe,Female,3.9
SL-00986,Arabic coffee,7.48,42,314.16,20,251.33,2021-02-05,UAE,Ras Al Khaimah,Hypermarket,Female,2.4
SL-00987,Soft drinks,4.85,53,257.05,0,257.05,2022-05-29,UAE,Dubai,Supermarket,Male,1.5
SL-00988,Juice,4.47,87,388.89,20,311.11,2022-12-16,UAE,Ajman,Cafe,Female,4.1
SL-00989,Laban,5.0,55,275.0,15,233.75,2021-10-29,UAE,Fujairah,Online,Female,2.7
SL-00990,Soft drinks,4.02,63,253.26,25,189.95,2025-12-07,UAE,Ajman,Hypermarket,Female,3.1
SL-00991,Camel milk,16.33,59,963.47,15,818.95,2021-05-01,UAE,Dubai,Hypermarket,Female,2.5
SL-00992,Laban,6.41,15,96.15,0,96.15,2021-04-27,UAE,Sharjah,Cafe,Male,3.1
SL-00993,Masala chai,4.52,48,216.96,10,195.26,2024-09-23,UAE,Sharjah,Online,Male,1.6
SL-00994,Camel milk,19.24,40,769.6,10,692.64,2021-05-16,UAE,Abu Dhabi,Hypermarket,Female,3.0
SL-00995,Laban,4.39,6,26.34,15,22.39,2023-10-15,UAE,Ajman,Cafe,Male,2.8
SL-00996,Arabic tea,3.89,93,361.77,30,253.24,2025-03-02,UAE,Ras Al Khaimah,Hypermarket,Female,3.0
SL-00997,Arabic tea,4.25,58,246.5,5,234.18,2024-08-04,UAE,Umm Al Quwain,Convenience Store,Male,3.5
SL-00998,Juice,5.4,51,275.4,10,247.86,2023-02-10,UAE,Ras Al Khaimah,Supermarket,Female,4.6
SL-00999,Arabic coffee,5.89,22,129.58,25,97.18,2023-06-19,UAE,Dubai,Cafe,Female,4.1
SL-01000,Laban,5.58,83,463.14,20,370.51,2020-08-04,UAE,Dubai,Hypermarket,Female,3.2
SL-01001,Laban,5.09,97,493.73,15,419.67,2022-01-06,UAE,Ras Al Khaimah,Supermarket,Male,4.7
SL-01002,Camel milk,11.3,27,305.1,5,289.84,2023-08-05,UAE,Umm Al Quwain,Cafe,Male,4.2
SL-01003,Juice,7.53,63,474.39,30,332.07,2025-12-02,UAE,Dubai,Convenience Store,Male,2.7
SL-01004,Masala chai,4.91,12,58.92,0,58.92,2022-11-12,UAE,Dubai,Cafe,Male,1.6
SL-01005,Arabic tea,2.45,40,98.0,15,83.3,2022-01-13,UAE,Fujairah,Hypermarket,Male,4.8
SL-01006,Camel milk,16.56,39,645.84,15,548.96,2022-11-22,UAE,Dubai,Convenience Store,Male,4.6
SL-01007,Juice,9.65,16,154.4,0,154.4,2025-07-12,UAE,Abu Dhabi,Hypermarket,Female,3.3
SL-01008,Laban,6.01,50,300.5,0,300.5,2020-09-25,UAE,Sharjah,Supermarket,Male,3.2
SL-01009,Juice,4.17,82,341.94,5,324.84,2021-02-19,UAE,Dubai,Convenience Store,Female,3.3
SL-01010,Soft drinks,5.05,84,424.2,30,296.94,2025-08-11,UAE,Abu Dhabi,Convenience Store,Female,2.8
SL-01011,Soft drinks,5.13,19,97.47,10,87.72,2024-10-01,UAE,Ras Al Khaimah,Hypermarket,Female,3.2
SL-01012,Laban,4.81,1,4.81,30,3.37,2020-01-03,UAE,Ajman,Cafe,Male,4.9
SL-01013,Camel milk,19.2,62,1190.4,10,1071.36,2023-12-10,UAE,Ras Al Khaimah,Convenience Store,Female,2.5
SL-01014,Arabic tea,5.16,75,387.0,30,270.9,2020-10-13,UAE,Ras Al Khaimah,Convenience Store,Male,4.0
SL-01015,Masala chai,3.45,90,310.5,0,310.5,2024-11-04,UAE,Umm Al Quwain,Hypermarket,Female,5.0
SL-01016,Soft drinks,4.44,41,182.04,25,136.53,2023-01-23,UAE,Sharjah,Convenience Store,Female,3.8
SL-01017,Soft drinks,4.65,42,195.3,10,175.77,2021-07-01,UAE,Abu Dhabi,Online,Female,2.3
SL-01018,Arabic coffee,14.22,78,1109.16,15,942.79,2025-06-25,UAE,Dubai,Supermarket,Female,2.7
SL-01019,Arabic tea,3.96,11,43.56,30,30.49,2024-12-28,UAE,Fujairah,Supermarket,Female,4.6
SL-01020,Arabic coffee,6.23,49,305.27,30,213.69,2020-02-04,UAE,Ras Al Khaimah,Convenience Store,Male,4.4
SL-01021,Camel milk,13.55,25,338.75,15,287.94,2024-01-05,UAE,Dubai,Hypermarket,Female,4.0
SL-01022,Soft drinks,2.36,79,186.44,25,139.83,2024-01-26,UAE,Sharjah,Hypermarket,Male,3.0
SL-01023,Camel milk,11.37,91,1034.67,25,776.0,2024-06-10,UAE,Ras Al Khaimah,Hypermarket,Male,4.9
SL-01024,Camel milk,18.44,73,1346.12,20,1076.9,2021-12-19,UAE,Ajman,Hypermarket,Female,3.6
SL-01025,Camel milk,15.06,96,1445.76,0,1445.76,2025-11-12,UAE,Abu Dhabi,Convenience Store,Female,4.4
SL-01026,Arabic coffee,12.82,25,320.5,30,224.35,2025-12-22,UAE,Fujairah,Supermarket,Other,3.8
SL-01027,Laban,4.01,72,288.72,15,245.41,2020-07-31,UAE,Dubai,Online,Female,4.8
SL-01028,Arabic tea,6.69,56,374.64,30,262.25,2025-07-22,UAE,Ajman,Convenience Store,Male,3.1
SL-01029,Masala chai,5.59,6,33.54,25,25.16,2025-01-12,UAE,Abu Dhabi,Supermarket,Male,2.7
SL-01030,Masala chai,3.03,25,75.75,10,68.17,2022-07-13,UAE,Dubai,Cafe,Female,5.0
SL-01031,Arabic coffee,9.24,10,92.4,5,87.78,2021-01-31,UAE,Abu Dhabi,Hypermarket,Male,1.3
SL-01032,Camel milk,13.76,4,55.04,20,44.03,2025-04-23,UAE,Umm Al Quwain,Convenience Store,Female,2.0
SL-01033,Soft drinks,5.84,7,40.88,30,28.62,2024-12-01,UAE,Sharjah,Cafe,Female,4.8
SL-01034,Arabic tea,2.48,58,143.84,20,115.07,2024-03-25,UAE,Dubai,Supermarket,Female,4.7
SL-01035,Masala chai,7.45,89,663.05,0,663.05,2020-08-12,UAE,Umm Al Quwain,Hypermarket,Male,4.2
SL-01036,Masala chai,6.05,56,338.8,0,338.8,2024-04-11,UAE,Dubai,Supermarket,Female,2.2
SL-01037,Juice,4.57,97,443.29,15,376.8,2025-01-31,UAE,Abu Dhabi,Cafe,Female,3.5
SL-01038,Juice,6.79,55,373.45,20,298.76,2020-04-16,UAE,Ras Al Khaimah,Supermarket,Male,4.8
SL-01039,Juice,7.1,76,539.6,5,512.62,2022-03-04,UAE,Dubai,Supermarket,Male,3.9
SL-01040,Laban,3.5,66,231.0,10,207.9,2022-01-31,UAE,Sharjah,Online,Male,3.5
SL-01041,Soft drinks,2.55,6,15.3,0,15.3,2024-01-05,UAE,Abu Dhabi,Convenience Store,Female,3.1
SL-01042,Masala chai,5.92,70,414.4,30,290.08,2023-04-07,UAE,Abu Dhabi,Hypermarket,Male,3.4
SL-01043,Masala chai,7.85,67,525.95,20,420.76,2020-08-11,UAE,Fujairah,Hypermarket,Male,3.0
SL-01044,Juice,6.06,26,157.56,25,118.17,2025-03-29,UAE,Abu Dhabi,Supermarket,Male,3.7
SL-01045,Laban,5.77,75,432.75,20,346.2,2021-03-05,UAE,Sharjah,Cafe,Male,2.3
SL-01046,Juice,9.26,6,55.56,15,47.23,2025-03-25,UAE,Abu Dhabi,Supermarket,Female,3.8
SL-01047,Laban,3.85,62,238.7,25,179.03,2024-06-27,UAE,Umm Al Quwain,Convenience Store,Female,2.5
SL-01048,Soft drinks,5.3,1,5.3,10,4.77,2021-08-06,UAE,Dubai,Supermarket,Male,3.2
SL-01049,Masala chai,5.2,81,421.2,20,336.96,2022-03-21,UAE,Umm Al Quwain,Convenience Store,Male,1.1
SL-01050,Masala chai,3.87,34,131.58,25,98.68,2022-03-13,UAE,Abu Dhabi,Convenience Store,Female,2.0
SL-01051,Camel milk,10.11,34,343.74,0,343.74,2021-03-30,UAE,Dubai,Hypermarket,Male,4.1
SL-01052,Masala chai,7.68,40,307.2,15,261.12,2025-11-28,UAE,Abu Dhabi,Convenience Store,Female,3.6
SL-01053,Arabic tea,6.99,56,391.44,25,293.58,2022-02-15,UAE,Dubai,Supermarket,Male,4.7
SL-01054,Soft drinks,4.13,89,367.57,10,330.81,2020-07-08,UAE,Sharjah,Cafe,Male,3.5
SL-01055,Arabic tea,5.08,25,127.0,30,88.9,2020-08-06,UAE,Ras Al Khaimah,Convenience Store,Female,2.3
SL-01056,Arabic coffee,12.96,17,220.32,30,154.22,2020-11-29,UAE,Ras Al Khaimah,Cafe,Female,1.8
SL-01057,Arabic tea,4.35,85,369.75,20,295.8,2025-09-16,UAE,Dubai,Hypermarket,Female,4.0
SL-01058,Masala chai,5.49,60,329.4,5,312.93,2025-07-19,UAE,Sharjah,Convenience Store,Female,2.9
SL-01059,Juice,5.61,52,291.72,25,218.79,2022-04-11,UAE,Umm Al Quwain,Cafe,Female,1.8
SL-01060,Juice,9.18,51,468.18,5,444.77,2024-03-12,UAE,Sharjah,Online,Female,3.3
SL-01061,Masala chai,5.75,18,103.5,30,72.45,2020-06-17,UAE,Dubai,Convenience Store,Male,2.4
SL-01062,Juice,7.07,44,311.08,15,264.42,2025-07-30,UAE,Ajman,Online,Male,2.5
SL-01063,Masala chai,4.37,4,17.48,5,16.61,2020-12-03,UAE,Ajman,Hypermarket,Male,1.3
SL-01064,Masala chai,7.21,66,475.86,20,380.69,2021-02-07,UAE,Fujairah,Supermarket,Female,4.7
SL-01065,Camel milk,8.86,5,44.3,20,35.44,2023-05-24,UAE,Abu Dhabi,Convenience Store,Male,2.3
SL-01066,Arabic coffee,13.16,88,1158.08,30,810.66,2022-12-05,UAE,Sharjah,Hypermarket,Female,5.0
SL-01067,Camel milk,17.24,37,637.88,30,446.52,2020-02-18,UAE,Sharjah,Online,Female,4.3
SL-01068,Juice,7.92,98,776.16,5,737.35,2022-05-09,UAE,Umm Al Quwain,Online,Male,3.9
SL-01069,Juice,5.4,76,410.4,30,287.28,2020-12-17,UAE,Ras Al Khaimah,Online,Female,2.8
SL-01070,Masala chai,7.23,55,397.65,30,278.35,2020-05-03,UAE,Fujairah,Online,Male,2.8
SL-01071,Masala chai,3.69,17,62.73,10,56.46,2023-12-23,UAE,Fujairah,Supermarket,Female,3.6
SL-01072,Masala chai,4.13,55,227.15,25,170.36,2023-05-12,UAE,Umm Al Quwain,Online,Female,3.8
SL-01073,Masala chai,5.93,73,432.89,30,303.02,2023-09-14,UAE,Dubai,Hypermarket,Male,4.8
SL-01074,Laban,5.52,78,430.56,20,344.45,2024-05-19,UAE,Ras Al Khaimah,Online,Other,1.8
SL-01075,Camel milk,14.41,25,360.25,15,306.21,2023-06-01,UAE,Dubai,Convenience Store,Female,2.8
SL-01076,Camel milk,10.06,87,875.22,20,700.18,2020-04-19,UAE,Abu Dhabi,Supermarket,Female,3.4
SL-01077,Soft drinks,2.8,50,140.0,10,126.0,2025-02-05,UAE,Abu Dhabi,Hypermarket,Male,3.1
SL-01078,Camel milk,12.42,2,24.84,5,23.6,2021-06-12,UAE,Sharjah,Online,Male,5.0
SL-01079,Laban,4.67,96,448.32,0,448.32,2024-11-05,UAE,Ajman,Hypermarket,Male,1.8
SL-01080,Arabic tea,5.55,61,338.55,5,321.62,2025-08-20,UAE,Ras Al Khaimah,Cafe,Female,3.3
SL-01081,Arabic coffee,11.85,36,426.6,5,405.27,2022-10-08,UAE,Dubai,Hypermarket,Male,4.3
SL-01082,Laban,4.32,73,315.36,15,268.06,2023-03-25,UAE,Ajman,Online,Female,3.9
SL-01083,Arabic coffee,13.81,59,814.79,10,733.31,2021-12-18,UAE,Fujairah,Convenience Store,Male,4.3
SL-01084,Juice,5.49,80,439.2,25,329.4,2021-01-26,UAE,Ajman,Online,Male,3.6
SL-01085,Juice,8.19,6,49.14,5,46.68,2023-04-10,UAE,Umm Al Quwain,Hypermarket,Male,3.5
SL-01086,Arabic coffee,14.16,90,1274.4,25,955.8,2021-05-11,UAE,Fujairah,Hypermarket,Female,2.6
SL-01087,Masala chai,3.38,14,47.32,20,37.86,2022-04-29,UAE,Umm Al Quwain,Convenience Store,Male,1.7
SL-01088,Laban,3.18,4,12.72,0,12.72,2022-03-07,UAE,Fujairah,Online,Male,4.0
SL-01089,Juice,4.23,33,139.59,0,139.59,2025-06-08,UAE,Fujairah,Hypermarket,Male,4.0
SL-01090,Juice,4.41,71,313.11,25,234.83,2021-10-22,UAE,Abu Dhabi,Online,Male,4.3
SL-01091,Soft drinks,5.35,78,417.3,0,417.3,2021-11-20,UAE,Abu Dhabi,Convenience Store,Male,4.0
SL-01092,Camel milk,16.06,2,32.12,25,24.09,2020-05-21,UAE,Sharjah,Hypermarket,Male,1.7
SL-01093,Arabic coffee,10.32,57,588.24,25,441.18,2021-02-25,UAE,Dubai,Cafe,Female,3.9
SL-01094,Juice,8.14,57,463.98,0,463.98,2022-04-06,UAE,Ras Al Khaimah,Supermarket,Male,2.5
SL-01095,Soft drinks,3.5,31,108.5,5,103.08,2023-10-12,UAE,Dubai,Supermarket,Male,5.0
SL-01096,Arabic tea,2.96,86,254.56,0,254.56,2021-11-18,UAE,Abu Dhabi,Supermarket,Female,4.3
SL-01097,Arabic coffee,6.67,54,360.18,20,288.14,2022-04-28,UAE,Dubai,Convenience Store,Male,3.5
SL-01098,Laban,4.58,55,251.9,0,251.9,2020-03-02,UAE,Abu Dhabi,Hypermarket,Male,2.3
SL-01099,Juice,7.92,2,15.84,15,13.46,2023-02-14,UAE,Abu Dhabi,Online,Male,3.6
SL-01100,Arabic coffee,11.24,6,67.44,0,67.44,2021-02-21,UAE,Abu Dhabi,Online,Male,3.4
SL-01101,Arabic coffee,10.36,73,756.28,5,718.47,2024-05-10,UAE,Sharjah,Supermarket,Female,4.9
SL-01102,Arabic coffee,14.25,99,1410.75,25,1058.06,2023-07-26,UAE,Abu Dhabi,Convenience Store,Male,4.0
SL-01103,Arabic tea,5.33,9,47.97,10,43.17,2025-09-24,UAE,Dubai,Cafe,Female,2.8
SL-01104,Arabic coffee,12.42,65,807.3,20,645.84,2021-05-23,UAE,Fujairah,Supermarket,Male,3.5
SL-01105,Masala chai,4.18,55,229.9,30,160.93,2025-08-04,UAE,Abu Dhabi,Cafe,Male,1.6
SL-01106,Masala chai,4.01,49,196.49,5,186.67,2024-12-22,UAE,Fujairah,Supermarket,Male,3.9
SL-01107,Arabic coffee,13.77,18,247.86,10,223.07,2023-03-27,UAE,Sharjah,Supermarket,Female,4.9
SL-01108,Arabic tea,2.12,94,199.28,10,179.35,2022-10-14,UAE,Sharjah,Hypermarket,Male,1.2
SL-01109,Arabic tea,5.44,93,505.92,5,480.62,2020-01-25,UAE,Ras Al Khaimah,Online,Female,1.7
SL-01110,Camel milk,18.44,9,165.96,5,157.66,2021-12-12,UAE,Dubai,Hypermarket,Female,1.5
SL-01111,Laban,5.2,27,140.4,5,133.38,2021-11-03,UAE,Ras Al Khaimah,Supermarket,Male,2.9
SL-01112,Arabic coffee,6.98,55,383.9,5,364.7,2022-04-04,UAE,Ras Al Khaimah,Hypermarket,Male,3.3
SL-01113,Masala chai,7.31,62,453.22,0,453.22,2024-09-27,UAE,Sharjah,Online,Male,2.9
SL-01114,Laban,5.44,56,304.64,30,213.25,2020-12-06,UAE,Abu Dhabi,Online,Male,2.5
SL-01115,Arabic tea,6.53,39,254.67,20,203.74,2024-04-07,UAE,Ras Al Khaimah,Hypermarket,Female,1.7
SL-01116,Juice,5.84,37,216.08,15,183.67,2025-04-06,UAE,Ras Al Khaimah,Cafe,Male,2.3
SL-01117,Soft drinks,2.62,25,65.5,0,65.5,2024-07-15,UAE,Dubai,Cafe,Female,2.5
SL-01118,Juice,9.64,96,925.44,10,832.9,2020-10-18,UAE,Ajman,Online,Male,5.0
SL-01119,Juice,9.31,16,148.96,15,126.62,2022-11-11,UAE,Ras Al Khaimah,Hypermarket,Male,2.7
SL-01120,Arabic tea,6.57,93,611.01,10,549.91,2020-08-24,UAE,Ras Al Khaimah,Online,Female,2.5
SL-01121,Arabic coffee,8.85,55,486.75,25,365.06,2024-01-20,UAE,Abu Dhabi,Hypermarket,Male,4.7
SL-01122,Arabic coffee,12.07,4,48.28,25,36.21,2021-08-26,UAE,Fujairah,Hypermarket,Male,2.8
SL-01123,Masala chai,4.24,75,318.0,25,238.5,2024-04-23,UAE,Umm Al Quwain,Hypermarket,Male,4.1
SL-01124,Juice,8.24,11,90.64,20,72.51,2023-05-22,UAE,Abu Dhabi,Online,Male,2.7
SL-01125,Laban,6.87,85,583.95,15,496.36,2020-12-30,UAE,Ras Al Khaimah,Convenience Store,Female,4.0
SL-01126,Camel milk,15.63,100,1563.0,30,1094.1,2024-06-18,UAE,Sharjah,Hypermarket,Male,1.8
SL-01127,Arabic coffee,8.08,22,177.76,30,124.43,2024-09-07,UAE,Ajman,Supermarket,Male,4.1
SL-01128,Laban,4.67,37,172.79,25,129.59,2021-07-04,UAE,Ajman,Hypermarket,Male,1.7
SL-01129,Soft drinks,3.95,65,256.75,0,256.75,2020-08-29,UAE,Ajman,Cafe,Female,1.7
SL-01130,Arabic coffee,6.83,98,669.34,5,635.87,2021-03-23,UAE,Sharjah,Online,Male,4.7
SL-01131,Arabic tea,5.18,11,56.98,10,51.28,2020-05-01,UAE,Dubai,Online,Male,1.3
SL-01132,Laban,3.94,63,248.22,25,186.17,2020-01-30,UAE,Umm Al Quwain,Supermarket,Male,2.1
SL-01133,Arabic coffee,10.82,6,64.92,0,64.92,2025-10-31,UAE,Abu Dhabi,Cafe,Female,2.5
SL-01134,Arabic tea,3.33,63,209.79,15,178.32,2023-11-06,UAE,Umm Al Quwain,Convenience Store,Female,2.3
SL-01135,Masala chai,7.08,47,332.76,25,249.57,2023-09-14,UAE,Ajman,Online,Female,4.9
SL-01136,Arabic tea,2.5,59,147.5,30,103.25,2021-07-22,UAE,Fujairah,Online,Female,4.6
SL-01137,Camel milk,15.22,68,1034.96,10,931.46,2025-04-30,UAE,Fujairah,Hypermarket,Male,3.5
SL-01138,Laban,4.65,25,116.25,0,116.25,2020-07-06,UAE,Fujairah,Convenience Store,Male,2.4
SL-01139,Arabic tea,5.68,87,494.16,15,420.04,2020-11-29,UAE,Abu Dhabi,Cafe,Male,4.0
SL-01140,Masala chai,5.14,61,313.54,25,235.15,2022-03-10,UAE,Umm Al Quwain,Supermarket,Female,2.2
SL-01141,Arabic coffee,6.43,67,430.81,20,344.65,2020-12-22,UAE,Umm Al Quwain,Cafe,Male,3.0
SL-01142,Masala chai,7.16,71,508.36,30,355.85,2025-05-28,UAE,Ajman,Hypermarket,Female,4.8
SL-01143,Arabic coffee,10.41,32,333.12,5,316.46,2020-04-29,UAE,Abu Dhabi,Supermarket,Male,5.0
SL-01144,Soft drinks,5.72,42,240.24,15,204.2,2025-05-04,UAE,Umm Al Quwain,Convenience Store,Male,2.0
SL-01145,Arabic coffee,6.23,18,112.14,20,89.71,2022-07-05,UAE,Fujairah,Online,Male,3.8
SL-01146,Laban,6.07,77,467.39,0,467.39,2024-04-12,UAE,Fujairah,Convenience Store,Male,3.9
SL-01147,Arabic coffee,11.42,72,822.24,30,575.57,2020-12-25,UAE,Ajman,Hypermarket,Male,1.5
SL-01148,Camel milk,9.07,95,861.65,20,689.32,2023-07-07,UAE,Abu Dhabi,Supermarket,Female,1.5
SL-01149,Juice,7.46,1,7.46,10,6.71,2024-10-01,UAE,Dubai,Cafe,Female,4.4
SL-01150,Masala chai,6.86,87,596.82,30,417.77,2021-03-12,UAE,Abu Dhabi,Cafe,Female,3.4
SL-01151,Juice,4.06,59,239.54,10,215.59,2025-02-09,UAE,Abu Dhabi,Convenience Store,Female,3.0
SL-01152,Soft drinks,4.41,19,83.79,25,62.84,2021-05-20,UAE,Fujairah,Supermarket,Female,2.2
SL-01153,Masala chai,7.98,91,726.18,20,580.94,2024-03-22,UAE,Ajman,Hypermarket,Female,3.8
SL-01154,Camel milk,19.77,43,850.11,5,807.6,2022-07-10,UAE,Umm Al Quwain,Hypermarket,Female,4.7
SL-01155,Arabic coffee,12.36,100,1236.0,5,1174.2,2021-10-14,UAE,Umm Al Quwain,Online,Female,2.2
SL-01156,Camel milk,14.58,44,641.52,15,545.29,2024-05-20,UAE,Fujairah,Online,Other,4.0
SL-01157,Camel milk,14.33,37,530.21,10,477.19,2021-02-02,UAE,Fujairah,Hypermarket,Female,3.2
SL-01158,Soft drinks,3.29,75,246.75,30,172.72,2025-02-17,UAE,Umm Al Quwain,Supermarket,Female,3.8
SL-01159,Arabic coffee,6.64,18,119.52,15,101.59,2022-06-12,UAE,Fujairah,Online,Male,1.6
SL-01160,Arabic tea,5.74,95,545.3,25,408.98,2021-08-27,UAE,Dubai,Convenience Store,Female,3.3
SL-01161,Juice,9.7,55,533.5,25,400.12,2025-04-24,UAE,Umm Al Quwain,Hypermarket,Female,1.4
SL-01162,Soft drinks,5.78,16,92.48,20,73.98,2024-07-12,UAE,Fujairah,Convenience Store,Female,4.9
SL-01163,Soft drinks,2.14,31,66.34,15,56.39,2024-03-17,UAE,Ajman,Convenience Store,Female,4.8
SL-01164,Arabic tea,5.46,86,469.56,25,352.17,2023-02-01,UAE,Dubai,Online,Female,3.6
SL-01165,Arabic coffee,11.53,48,553.44,0,553.44,2025-09-18,UAE,Dubai,Supermarket,Male,3.0
SL-01166,Soft drinks,2.09,74,154.66,20,123.73,2022-01-11,UAE,Ajman,Convenience Store,Female,1.4
SL-01167,Juice,6.91,83,573.53,25,430.15,2020-09-17,UAE,Ajman,Convenience Store,Female,1.4
SL-01168,Arabic coffee,14.09,69,972.21,5,923.6,2025-12-11,UAE,Ajman,Supermarket,Male,4.3
SL-01169,Juice,4.38,75,328.5,20,262.8,2021-04-25,UAE,Fujairah,Supermarket,Female,1.8
SL-01170,Soft drinks,5.45,89,485.05,5,460.8,2020-06-09,UAE,Dubai,Cafe,Male,2.3
SL-01171,Soft drinks,4.3,84,361.2,5,343.14,2020-12-12,UAE,Dubai,Cafe,Male,4.0
SL-01172,Camel milk,14.07,47,661.29,20,529.03,2022-10-14,UAE,Abu Dhabi,Online,Female,3.6
SL-01173,Masala chai,3.23,67,216.41,30,151.49,2023-07-05,UAE,Sharjah,Cafe,Male,3.3
SL-01174,Laban,6.64,46,305.44,20,244.35,2020-07-02,UAE,Ras Al Khaimah,Cafe,Male,1.4
SL-01175,Soft drinks,2.15,19,40.85,10,36.77,2022-06-03,UAE,Umm Al Quwain,Hypermarket,Female,3.4
SL-01176,Laban,4.44,17,75.48,25,56.61,2024-04-12,UAE,Ras Al Khaimah,Online,Male,2.0
SL-01177,Arabic coffee,14.04,52,730.08,15,620.57,2021-08-09,UAE,Dubai,Convenience Store,Female,4.8
SL-01178,Laban,3.82,81,309.42,25,232.06,2025-09-25,UAE,Sharjah,Hypermarket,Female,3.3
SL-01179,Laban,3.66,20,73.2,10,65.88,2022-10-10,UAE,Umm Al Quwain,Online,Male,4.9
SL-01180,Camel milk,11.24,69,775.56,0,775.56,2020-12-30,UAE,Fujairah,Cafe,Male,2.3
SL-01181,Masala chai,7.55,100,755.0,10,679.5,2022-06-29,UAE,Abu Dhabi,Hypermarket,Male,1.4
SL-01182,Juice,9.71,16,155.36,5,147.59,2021-01-26,UAE,Ras Al Khaimah,Convenience Store,Female,4.2
SL-01183,Laban,4.4,74,325.6,30,227.92,2020-07-15,UAE,Sharjah,Cafe,Male,1.4
SL-01184,Soft drinks,3.27,97,317.19,15,269.61,2025-12-17,UAE,Abu Dhabi,Convenience Store,Female,3.7
SL-01185,Laban,5.38,52,279.76,15,237.8,2021-09-28,UAE,Ras Al Khaimah,Hypermarket,Male,3.7
SL-01186,Arabic coffee,6.26,49,306.74,20,245.39,2024-02-25,UAE,Fujairah,Convenience Store,Male,3.9
SL-01187,Arabic coffee,12.78,87,1111.86,20,889.49,2025-04-03,UAE,Ajman,Online,Male,4.9
SL-01188,Laban,4.15,55,228.25,20,182.6,2023-06-05,UAE,Fujairah,Hypermarket,Male,4.4
SL-01189,Juice,8.62,12,103.44,25,77.58,2021-11-07,UAE,Dubai,Supermarket,Female,4.8
SL-01190,Laban,3.23,96,310.08,10,279.07,2024-10-02,UAE,Ras Al Khaimah,Online,Female,1.0
SL-01191,Arabic coffee,10.09,94,948.46,5,901.04,2025-12-20,UAE,Ajman,Online,Female,5.0
SL-01192,Arabic coffee,6.25,2,12.5,20,10.0,2023-11-14,UAE,Abu Dhabi,Supermarket,Female,3.8
SL-01193,Soft drinks,5.98,85,508.3,30,355.81,2021-11-21,UAE,Ras Al Khaimah,Cafe,Male,2.8
SL-01194,Arabic coffee,14.3,98,1401.4,20,1121.12,2025-10-05,UAE,Abu Dhabi,Hypermarket,Male,4.4
SL-01195,Masala chai,7.76,55,426.8,15,362.78,2022-10-20,UAE,Ajman,Hypermarket,Male,1.5
SL-01196,Arabic tea,4.7,99,465.3,30,325.71,2022-05-22,UAE,Dubai,Convenience Store,Male,2.2
SL-01197,Camel milk,16.86,73,1230.78,15,1046.16,2025-10-12,UAE,Abu Dhabi,Convenience Store,Female,4.8
SL-01198,Arabic tea,6.47,60,388.2,20,310.56,2025-02-28,UAE,Umm Al Quwain,Online,Male,1.0
SL-01199,Masala chai,4.49,14,62.86,0,62.86,2024-10-30,UAE,Sharjah,Hypermarket,Male,1.0
SL-01200,Juice,5.19,68,352.92,20,282.34,2021-09-29,UAE,Abu Dhabi,Online,Male,2.9
SL-01201,Arabic tea,5.28,29,153.12,15,130.15,2022-01-16,UAE,Ajman,Convenience Store,Male,2.7
SL-01202,Laban,6.25,14,87.5,15,74.38,2024-11-12,UAE,Fujairah,Online,Male,2.4
SL-01203,Camel milk,12.31,91,1120.21,5,1064.2,2024-09-20,UAE,Dubai,Hypermarket,Male,1.5
SL-01204,Arabic coffee,8.31,5,41.55,5,39.47,2022-12-24,UAE,Fujairah,Hypermarket,Female,4.8
SL-01205,Camel milk,13.05,71,926.55,15,787.57,2024-06-25,UAE,Umm Al Quwain,Hypermarket,Male,4.1
SL-01206,Laban,5.9,95,560.5,30,392.35,2020-03-27,UAE,Umm Al Quwain,Online,Male,4.8
SL-01207,Soft drinks,2.62,65,170.3,0,170.3,2024-10-25,UAE,Umm Al Quwain,Hypermarket,Male,4.3
SL-01208,Laban,5.95,56,333.2,15,283.22,2022-10-11,UAE,Sharjah,Convenience Store,Male,4.0
SL-01209,Laban,3.61,66,238.26,5,226.35,2022-10-10,UAE,Abu Dhabi,Convenience Store,Female,4.5
SL-01210,Arabic coffee,13.21,26,343.46,15,291.94,2022-01-12,UAE,Fujairah,Supermarket,Female,3.0
SL-01211,Soft drinks,5.97,76,453.72,25,340.29,2020-06-06,UAE,Fujairah,Hypermarket,Male,1.5
SL-01212,Masala chai,7.95,19,151.05,15,128.39,2024-04-06,UAE,Dubai,Cafe,Male,4.5
SL-01213,Juice,7.15,90,643.5,25,482.62,2025-09-19,UAE,Abu Dhabi,Hypermarket,Male,2.9
SL-01214,Juice,7.86,39,306.54,0,306.54,2024-09-08,UAE,Sharjah,Convenience Store,Male,2.4
SL-01215,Soft drinks,3.28,7,22.96,5,21.81,2022-05-18,UAE,Dubai,Supermarket,Male,4.0
SL-01216,Masala chai,5.36,78,418.08,0,418.08,2023-10-01,UAE,Ajman,Hypermarket,Male,3.0
SL-01217,Masala chai,3.56,86,306.16,0,306.16,2024-01-16,UAE,Fujairah,Cafe,Female,1.5
SL-01218,Arabic coffee,13.1,96,1257.6,30,880.32,2023-02-04,UAE,Ras Al Khaimah,Cafe,Female,2.0
SL-01219,Soft drinks,4.34,12,52.08,0,52.08,2022-02-19,UAE,Abu Dhabi,Cafe,Male,3.3
SL-01220,Soft drinks,4.82,13,62.66,0,62.66,2022-04-07,UAE,Ras Al Khaimah,Cafe,Male,3.9
SL-01221,Laban,5.88,6,35.28,5,33.52,2023-11-23,UAE,Abu Dhabi,Online,Female,2.0
SL-01222,Masala chai,5.24,92,482.08,0,482.08,2025-08-25,UAE,Ajman,Supermarket,Male,3.1
SL-01223,Arabic tea,2.11,77,162.47,10,146.22,2020-09-06,UAE,Fujairah,Hypermarket,Male,4.8
SL-01224,Arabic tea,6.86,25,171.5,25,128.62,2025-10-04,UAE,Umm Al Quwain,Online,Female,3.1
SL-01225,Camel milk,9.99,97,969.03,20,775.22,2023-01-17,UAE,Ajman,Cafe,Female,2.6
SL-01226,Soft drinks,2.74,21,57.54,20,46.03,2025-10-01,UAE,Abu Dhabi,Cafe,Female,4.5
SL-01227,Juice,7.02,93,652.86,20,522.29,2023-01-04,UAE,Sharjah,Convenience Store,Female,2.2
SL-01228,Laban,3.48,29,100.92,0,100.92,2023-02-11,UAE,Ras Al Khaimah,Hypermarket,Male,3.6
SL-01229,Soft drinks,3.08,7,21.56,25,16.17,2023-11-24,UAE,Abu Dhabi,Hypermarket,Female,1.0
SL-01230,Arabic coffee,11.05,48,530.4,10,477.36,2023-04-22,UAE,Dubai,Cafe,Male,1.5
SL-01231,Masala chai,7.93,81,642.33,30,449.63,2021-12-24,UAE,Dubai,Convenience Store,Male,4.9
SL-01232,Masala chai,7.86,69,542.34,25,406.75,2024-04-13,UAE,Umm Al Quwain,Cafe,Male,4.0
SL-01233,Arabic coffee,7.57,81,613.17,25,459.88,2023-08-21,UAE,Ras Al Khaimah,Cafe,Male,2.8
SL-01234,Masala chai,4.02,81,325.62,30,227.93,2024-11-12,UAE,Umm Al Quwain,Online,Male,1.9
SL-01235,Masala chai,3.74,62,231.88,0,231.88,2021-12-22,UAE,Ajman,Hypermarket,Male,4.3
SL-01236,Soft drinks,4.28,94,402.32,5,382.2,2021-12-28,UAE,Fujairah,Convenience Store,Male,1.7
SL-01237,Arabic tea,3.97,78,309.66,5,294.18,2024-07-06,UAE,Dubai,Hypermarket,Male,2.0
SL-01238,Camel milk,16.69,18,300.42,25,225.31,2020-03-25,UAE,Umm Al Quwain,Supermarket,Female,2.5
SL-01239,Camel milk,17.92,98,1756.16,30,1229.31,2023-01-01,UAE,Fujairah,Supermarket,Male,4.1
SL-01240,Soft drinks,5.75,77,442.75,0,442.75,2023-10-18,UAE,Umm Al Quwain,Supermarket,Female,1.4
SL-01241,Arabic tea,5.54,26,144.04,5,136.84,2023-06-13,UAE,Ajman,Cafe,Female,4.3
SL-01242,Masala chai,5.39,32,172.48,0,172.48,2020-07-01,UAE,Ras Al Khaimah,Convenience Store,Female,1.5
SL-01243,Camel milk,14.54,14,203.56,20,162.85,2020-04-08,UAE,Umm Al Quwain,Online,Male,4.6
SL-01244,Soft drinks,3.71,19,70.49,10,63.44,2024-04-24,UAE,Fujairah,Convenience Store,Male,4.5
SL-01245,Arabic coffee,13.84,15,207.6,15,176.46,2023-02-28,UAE,Abu Dhabi,Supermarket,Male,4.8
SL-01246,Masala chai,3.38,43,145.34,0,145.34,2021-12-30,UAE,Sharjah,Supermarket,Female,3.4
SL-01247,Juice,7.18,77,552.86,5,525.22,2023-05-20,UAE,Fujairah,Online,Male,3.7
SL-01248,Laban,6.27,45,282.15,0,282.15,2020-11-08,UAE,Sharjah,Online,Female,4.7
SL-01249,Arabic tea,2.01,20,40.2,30,28.14,2025-05-13,UAE,Fujairah,Hypermarket,Male,2.6
SL-01250,Arabic tea,2.34,74,173.16,15,147.19,2021-06-06,UAE,Fujairah,Convenience Store,Male,2.3
SL-01251,Soft drinks,5.07,46,233.22,10,209.9,2023-09-27,UAE,Ajman,Online,Male,4.9
SL-01252,Soft drinks,5.21,84,437.64,5,415.76,2025-07-10,UAE,Ajman,Online,Female,3.2
SL-01253,Laban,5.14,30,154.2,15,131.07,2022-06-17,UAE,Dubai,Cafe,Female,3.1
SL-01254,Arabic coffee,5.87,47,275.89,0,275.89,2021-07-01,UAE,Abu Dhabi,Supermarket,Male,2.9
SL-01255,Camel milk,8.71,45,391.95,10,352.75,2024-09-20,UAE,Umm Al Quwain,Hypermarket,Male,1.6
SL-01256,Soft drinks,2.84,29,82.36,0,82.36,2021-08-09,UAE,Fujairah,Hypermarket,Male,3.8
SL-01257,Juice,8.4,90,756.0,15,642.6,2020-10-29,UAE,Sharjah,Supermarket,Female,3.7
SL-01258,Juice,9.02,21,189.42,0,189.42,2020-02-21,UAE,Abu Dhabi,Convenience Store,Male,2.0
SL-01259,Laban,6.32,54,341.28,5,324.22,2025-11-30,UAE,Umm Al Quwain,Hypermarket,Male,1.6
SL-01260,Arabic coffee,14.49,61,883.89,15,751.31,2020-02-24,UAE,Fujairah,Convenience Store,Male,3.6
SL-01261,Masala chai,3.56,8,28.48,25,21.36,2020-02-14,UAE,Dubai,Cafe,Female,3.0
SL-01262,Juice,9.0,88,792.0,15,673.2,2022-07-20,UAE,Ras Al Khaimah,Convenience Store,Female,3.0
SL-01263,Juice,9.59,35,335.65,0,335.65,2022-05-17,UAE,Ras Al Khaimah,Online,Female,1.5
SL-01264,Juice,7.71,29,223.59,15,190.05,2025-04-02,UAE,Abu Dhabi,Cafe,Female,1.3
SL-01265,Juice,5.88,83,488.04,15,414.83,2024-10-03,UAE,Umm Al Quwain,Online,Male,4.2
SL-01266,Soft drinks,3.08,14,43.12,0,43.12,2022-09-08,UAE,Sharjah,Cafe,Female,2.3
SL-01267,Masala chai,3.81,14,53.34,0,53.34,2022-02-07,UAE,Abu Dhabi,Cafe,Male,4.6
SL-01268,Laban,3.81,5,19.05,5,18.1,2025-06-04,UAE,Sharjah,Supermarket,Female,3.3
SL-01269,Camel milk,8.58,12,102.96,10,92.66,2025-08-10,UAE,Dubai,Convenience Store,Female,4.8
SL-01270,Soft drinks,3.26,51,166.26,25,124.7,2024-07-26,UAE,Sharjah,Hypermarket,Female,1.4
SL-01271,Arabic coffee,10.04,65,652.6,30,456.82,2025-05-07,UAE,Umm Al Quwain,Hypermarket,Male,4.2
SL-01272,Laban,6.48,5,32.4,10,29.16,2021-01-17,UAE,Abu Dhabi,Hypermarket,Female,1.3
SL-01273,Arabic coffee,7.32,28,204.96,30,143.47,2025-08-16,UAE,Fujairah,Hypermarket,Female,1.6
SL-01274,Laban,6.97,78,543.66,25,407.75,2023-04-06,UAE,Ras Al Khaimah,Convenience Store,Male,1.5
SL-01275,Masala chai,6.12,56,342.72,0,342.72,2020-11-03,UAE,Fujairah,Online,Male,5.0
SL-01276,Soft drinks,4.27,64,273.28,0,273.28,2020-12-23,UAE,Umm Al Quwain,Supermarket,Male,4.5
SL-01277,Juice,4.56,41,186.96,5,177.61,2023-12-18,UAE,Sharjah,Hypermarket,Male,3.3
SL-01278,Camel milk,8.85,91,805.35,30,563.75,2024-12-15,UAE,Ajman,Convenience Store,Other,4.9
SL-01279,Arabic coffee,14.24,16,227.84,20,182.27,2024-08-02,UAE,Ajman,Supermarket,Male,2.1
SL-01280,Arabic tea,5.1,88,448.8,5,426.36,2023-07-08,UAE,Ajman,Convenience Store,Female,3.5
SL-01281,Masala chai,3.42,53,181.26,20,145.01,2020-06-23,UAE,Ajman,Convenience Store,Female,5.0
SL-01282,Laban,6.91,8,55.28,25,41.46,2021-09-25,UAE,Umm Al Quwain,Hypermarket,Female,3.2
SL-01283,Arabic tea,2.53,49,123.97,5,117.77,2025-03-08,UAE,Ras Al Khaimah,Online,Female,1.9
SL-01284,Arabic coffee,5.94,60,356.4,15,302.94,2020-12-17,UAE,Fujairah,Cafe,Female,2.9
SL-01285,Soft drinks,4.93,51,251.43,30,176.0,2023-11-03,UAE,Ajman,Hypermarket,Male,1.3
SL-01286,Laban,4.95,90,445.5,25,334.12,2021-09-29,UAE,Ajman,Supermarket,Male,1.2
SL-01287,Juice,4.87,28,136.36,10,122.72,2020-09-12,UAE,Ras Al Khaimah,Supermarket,Other,4.1
SL-01288,Arabic tea,3.81,56,213.36,15,181.36,2024-09-28,UAE,Abu Dhabi,Supermarket,Male,1.1
SL-01289,Masala chai,4.26,23,97.98,0,97.98,2025-01-23,UAE,Abu Dhabi,Supermarket,Male,1.3
SL-01290,Arabic tea,4.1,28,114.8,25,86.1,2024-10-21,UAE,Sharjah,Hypermarket,Female,1.4
SL-01291,Masala chai,7.82,39,304.98,5,289.73,2021-10-20,UAE,Abu Dhabi,Convenience Store,Female,2.9
SL-01292,Arabic coffee,9.37,89,833.93,20,667.14,2022-03-24,UAE,Ajman,Supermarket,Female,4.6
SL-01293,Camel milk,16.67,75,1250.25,20,1000.2,2023-07-20,UAE,Abu Dhabi,Convenience Store,Female,4.3
SL-01294,Camel milk,9.81,59,578.79,5,549.85,2024-07-22,UAE,Ajman,Convenience Store,Male,4.9
SL-01295,Masala chai,5.6,1,5.6,15,4.76,2021-02-03,UAE,Umm Al Quwain,Hypermarket,Female,3.6
SL-01296,Camel milk,10.62,25,265.5,15,225.67,2022-06-04,UAE,Fujairah,Cafe,Female,3.4
SL-01297,Masala chai,4.05,25,101.25,25,75.94,2023-05-21,UAE,Ras Al Khaimah,Supermarket,Male,2.5
SL-01298,Masala chai,5.51,16,88.16,25,66.12,2024-10-10,UAE,Ajman,Online,Male,2.4
SL-01299,Laban,6.9,43,296.7,0,296.7,2021-10-28,UAE,Abu Dhabi,Online,Male,1.7
SL-01300,Laban,4.74,37,175.38,30,122.77,2021-02-10,UAE,Fujairah,Online,Female,3.8
SL-01301,Camel milk,17.67,14,247.38,0,247.38,2025-07-26,UAE,Fujairah,Supermarket,Female,2.6
SL-01302,Arabic coffee,12.52,70,876.4,0,876.4,2023-04-02,UAE,Fujairah,Online,Female,4.2
SL-01303,Arabic tea,4.1,29,118.9,30,83.23,2025-04-07,UAE,Ajman,Cafe,Male,1.8
SL-01304,Camel milk,12.21,60,732.6,15,622.71,2022-07-06,UAE,Umm Al Quwain,Online,Male,2.5
SL-01305,Laban,4.13,85,351.05,10,315.95,2024-08-25,UAE,Sharjah,Online,Female,1.0
SL-01306,Camel milk,8.19,20,163.8,30,114.66,2023-10-04,UAE,Sharjah,Cafe,Female,3.4
SL-01307,Soft drinks,5.84,56,327.04,5,310.69,2020-07-30,UAE,Ras Al Khaimah,Online,Male,3.6
SL-01308,Arabic tea,6.66,55,366.3,5,347.98,2023-07-27,UAE,Fujairah,Online,Female,1.7
SL-01309,Laban,3.63,30,108.9,0,108.9,2024-05-24,UAE,Fujairah,Hypermarket,Female,3.5
SL-01310,Arabic tea,5.81,34,197.54,30,138.28,2021-01-17,UAE,Ras Al Khaimah,Hypermarket,Female,1.8
SL-01311,Camel milk,13.25,81,1073.25,30,751.27,2020-11-18,UAE,Ras Al Khaimah,Hypermarket,Male,3.8
SL-01312,Laban,4.53,96,434.88,25,326.16,2022-02-03,UAE,Abu Dhabi,Online,Female,4.1
SL-01313,Soft drinks,4.61,29,133.69,10,120.32,2024-03-28,UAE,Abu Dhabi,Cafe,Female,3.9
SL-01314,Arabic tea,3.3,7,23.1,10,20.79,2021-02-27,UAE,Dubai,Hypermarket,Female,3.6
SL-01315,Camel milk,13.51,77,1040.27,0,1040.27,2021-01-15,UAE,Dubai,Hypermarket,Male,4.6
SL-01316,Camel milk,13.93,47,654.71,30,458.3,2024-08-21,UAE,Abu Dhabi,Online,Male,4.2
SL-01317,Camel milk,13.84,81,1121.04,0,1121.04,2025-01-20,UAE,Abu Dhabi,Online,Male,2.3
SL-01318,Arabic tea,2.81,39,109.59,0,109.59,2021-04-25,UAE,Abu Dhabi,Cafe,Female,4.4
SL-01319,Masala chai,7.97,62,494.14,20,395.31,2022-11-08,UAE,Ras Al Khaimah,Cafe,Male,3.1
SL-01320,Camel milk,10.31,4,41.24,20,32.99,2024-02-03,UAE,Dubai,Cafe,Female,1.6
SL-01321,Camel milk,18.78,4,75.12,10,67.61,2021-06-02,UAE,Abu Dhabi,Hypermarket,Male,3.8
SL-01322,Masala chai,4.37,26,113.62,0,113.62,2025-07-23,UAE,Sharjah,Cafe,Female,2.9
SL-01323,Juice,7.08,52,368.16,5,349.75,2023-02-25,UAE,Sharjah,Hypermarket,Male,4.4
SL-01324,Juice,4.62,99,457.38,20,365.9,2025-06-21,UAE,Sharjah,Hypermarket,Female,4.8
SL-01325,Juice,9.3,55,511.5,20,409.2,2024-04-17,UAE,Fujairah,Convenience Store,Female,3.5
SL-01326,Juice,5.2,46,239.2,10,215.28,2025-09-25,UAE,Fujairah,Supermarket,Male,4.6
SL-01327,Masala chai,5.93,38,225.34,20,180.27,2022-01-06,UAE,Umm Al Quwain,Cafe,Male,1.1
SL-01328,Arabic tea,3.61,24,86.64,10,77.98,2021-08-17,UAE,Abu Dhabi,Supermarket,Male,2.5
SL-01329,Arabic tea,3.57,2,7.14,10,6.43,2023-08-10,UAE,Fujairah,Supermarket,Female,1.9
SL-01330,Soft drinks,4.25,50,212.5,10,191.25,2023-02-12,UAE,Ras Al Khaimah,Hypermarket,Female,1.4
SL-01331,Arabic coffee,11.08,86,952.88,0,952.88,2023-08-04,UAE,Ras Al Khaimah,Online,Female,2.7
SL-01332,Soft drinks,2.79,64,178.56,15,151.78,2021-12-01,UAE,Dubai,Convenience Store,Male,1.5
SL-01333,Laban,4.31,50,215.5,5,204.72,2020-01-20,UAE,Ras Al Khaimah,Supermarket,Male,3.6
SL-01334,Juice,5.71,52,296.92,0,296.92,2020-10-11,UAE,Ras Al Khaimah,Cafe,Male,3.6
SL-01335,Juice,4.57,54,246.78,25,185.08,2020-11-22,UAE,Sharjah,Convenience Store,Male,2.4
SL-01336,Laban,6.1,64,390.4,20,312.32,2025-07-13,UAE,Dubai,Online,Male,4.9
SL-01337,Arabic tea,5.21,16,83.36,30,58.35,2020-02-12,UAE,Sharjah,Cafe,Male,1.9
SL-01338,Soft drinks,2.42,42,101.64,30,71.15,2024-02-19,UAE,Fujairah,Online,Male,1.4
SL-01339,Arabic tea,6.51,1,6.51,25,4.88,2021-03-29,UAE,Umm Al Quwain,Supermarket,Male,4.1
SL-01340,Camel milk,19.37,10,193.7,10,174.33,2021-11-28,UAE,Sharjah,Cafe,Female,2.5
SL-01341,Soft drinks,4.33,16,69.28,5,65.82,2024-08-19,UAE,Sharjah,Hypermarket,Female,4.6
SL-01342,Arabic coffee,9.47,16,151.52,20,121.22,2023-02-23,UAE,Ras Al Khaimah,Hypermarket,Female,3.6
SL-01343,Masala chai,6.86,62,425.32,5,404.05,2023-12-16,UAE,Dubai,Convenience Store,Female,3.8
SL-01344,Laban,6.34,32,202.88,25,152.16,2025-07-18,UAE,Fujairah,Hypermarket,Female,1.3
SL-01345,Camel milk,10.55,86,907.3,5,861.93,2022-05-04,UAE,Ajman,Online,Male,1.4
SL-01346,Arabic tea,4.95,68,336.6,20,269.28,2025-02-02,UAE,Umm Al Quwain,Convenience Store,Female,2.2
SL-01347,Arabic coffee,6.54,65,425.1,0,425.1,2025-01-27,UAE,Abu Dhabi,Hypermarket,Female,2.5
SL-01348,Arabic tea,5.1,26,132.6,30,92.82,2023-06-12,UAE,Ajman,Hypermarket,Male,2.7
SL-01349,Arabic tea,4.89,14,68.46,5,65.04,2025-03-02,UAE,Ajman,Supermarket,Female,2.0
SL-01350,Soft drinks,3.07,61,187.27,25,140.45,2020-12-10,UAE,Ras Al Khaimah,Online,Male,1.5
SL-01351,Masala chai,5.16,20,103.2,15,87.72,2023-01-21,UAE,Ras Al Khaimah,Online,Female,1.2
SL-01352,Masala chai,3.49,84,293.16,15,249.19,2021-12-24,UAE,Fujairah,Online,Male,1.8
SL-01353,Laban,4.1,78,319.8,15,271.83,2022-10-16,UAE,Ras Al Khaimah,Online,Male,1.2
SL-01354,Camel milk,10.63,7,74.41,0,74.41,2023-02-02,UAE,Ras Al Khaimah,Convenience Store,Male,3.1
SL-01355,Soft drinks,5.53,90,497.7,25,373.28,2023-01-03,UAE,Ajman,Online,Male,1.9
SL-01356,Juice,5.23,27,141.21,10,127.09,2020-01-13,UAE,Fujairah,Convenience Store,Female,2.2
SL-01357,Camel milk,10.22,90,919.8,20,735.84,2021-11-28,UAE,Ajman,Convenience Store,Female,3.8
SL-01358,Masala chai,6.41,22,141.02,5,133.97,2025-04-27,UAE,Sharjah,Online,Male,1.1
SL-01359,Juice,6.0,23,138.0,10,124.2,2023-12-13,UAE,Dubai,Hypermarket,Female,4.4
SL-01360,Juice,7.5,63,472.5,30,330.75,2023-04-05,UAE,Abu Dhabi,Online,Male,4.3
SL-01361,Arabic tea,3.14,65,204.1,5,193.89,2023-10-06,UAE,Umm Al Quwain,Hypermarket,Female,1.4
SL-01362,Juice,6.94,45,312.3,20,249.84,2023-12-15,UAE,Sharjah,Online,Male,2.8
SL-01363,Masala chai,6.55,67,438.85,30,307.19,2025-10-28,UAE,Fujairah,Cafe,Male,2.1
SL-01364,Arabic coffee,11.4,19,216.6,15,184.11,2025-08-01,UAE,Umm Al Quwain,Hypermarket,Female,1.6
SL-01365,Camel milk,10.93,95,1038.35,25,778.76,2024-03-27,UAE,Ajman,Convenience Store,Male,1.4
SL-01366,Arabic coffee,6.08,36,218.88,25,164.16,2025-11-28,UAE,Fujairah,Cafe,Female,2.8
SL-01367,Soft drinks,3.06,87,266.22,10,239.6,2023-02-05,UAE,Sharjah,Online,Female,4.8
SL-01368,Masala chai,3.95,75,296.25,20,237.0,2025-02-06,UAE,Fujairah,Convenience Store,Female,1.5
SL-01369,Laban,6.87,45,309.15,10,278.24,2025-03-25,UAE,Dubai,Supermarket,Female,3.7
SL-01370,Arabic coffee,6.5,38,247.0,20,197.6,2023-04-22,UAE,Ras Al Khaimah,Hypermarket,Male,2.2
SL-01371,Camel milk,13.45,28,376.6,10,338.94,2020-01-21,UAE,Umm Al Quwain,Cafe,Male,3.0
SL-01372,Juice,6.11,1,6.11,0,6.11,2025-08-18,UAE,Sharjah,Hypermarket,Male,2.1
SL-01373,Arabic coffee,14.59,72,1050.48,5,997.96,2024-11-04,UAE,Dubai,Convenience Store,Male,3.9
SL-01374,Laban,6.67,38,253.46,5,240.79,2024-05-01,UAE,Dubai,Online,Female,2.0
SL-01375,Juice,6.39,13,83.07,10,74.76,2023-08-13,UAE,Sharjah,Cafe,Male,3.3
SL-01376,Arabic tea,4.89,88,430.32,30,301.22,2023-05-18,UAE,Abu Dhabi,Convenience Store,Male,3.2
SL-01377,Masala chai,3.43,73,250.39,25,187.79,2024-11-24,UAE,Ajman,Cafe,Male,4.1
SL-01378,Camel milk,9.66,57,550.62,25,412.96,2025-04-02,UAE,Sharjah,Cafe,Female,3.9
SL-01379,Masala chai,5.14,54,277.56,15,235.93,2024-09-20,UAE,Ajman,Supermarket,Female,1.1
SL-01380,Camel milk,17.07,79,1348.53,10,1213.68,2023-04-16,UAE,Umm Al Quwain,Hypermarket,Female,2.5
SL-01381,Camel milk,17.06,51,870.06,5,826.56,2025-10-22,UAE,Ajman,Supermarket,Male,4.1
SL-01382,Juice,9.04,11,99.44,0,99.44,2023-04-05,UAE,Sharjah,Supermarket,Male,1.4
SL-01383,Laban,4.93,43,211.99,30,148.39,2020-08-05,UAE,Dubai,Supermarket,Female,3.7
SL-01384,Arabic coffee,7.05,19,133.95,20,107.16,2021-09-25,UAE,Fujairah,Online,Male,4.6
SL-01385,Masala chai,6.14,93,571.02,0,571.02,2020-10-02,UAE,Umm Al Quwain,Online,Female,1.8
SL-01386,Camel milk,9.84,16,157.44,20,125.95,2025-09-02,UAE,Dubai,Hypermarket,Male,2.9
SL-01387,Juice,6.34,16,101.44,10,91.3,2022-12-02,UAE,Ajman,Online,Other,4.3
SL-01388,Arabic tea,5.06,57,288.42,30,201.89,2020-03-29,UAE,Fujairah,Cafe,Male,1.6
SL-01389,Soft drinks,2.57,96,246.72,25,185.04,2022-03-31,UAE,Abu Dhabi,Hypermarket,Female,3.8
SL-01390,Juice,6.88,38,261.44,25,196.08,2024-05-21,UAE,Dubai,Cafe,Female,3.7
SL-01391,Juice,8.19,14,114.66,15,97.46,2021-05-07,UAE,Ajman,Online,Male,2.1
SL-01392,Laban,4.56,75,342.0,10,307.8,2023-12-23,UAE,Dubai,Cafe,Male,4.6
SL-01393,Soft drinks,3.87,93,359.91,15,305.92,2025-08-23,UAE,Sharjah,Supermarket,Other,2.4
SL-01394,Soft drinks,3.4,91,309.4,20,247.52,2023-12-12,UAE,Ajman,Cafe,Male,3.6
SL-01395,Arabic coffee,12.19,44,536.36,15,455.91,2023-05-25,UAE,Fujairah,Hypermarket,Male,4.1
SL-01396,Juice,4.41,83,366.03,15,311.13,2025-09-07,UAE,Ajman,Online,Female,1.7
SL-01397,Arabic tea,5.29,34,179.86,5,170.87,2024-07-11,UAE,Fujairah,Convenience Store,Female,3.3
SL-01398,Camel milk,8.54,94,802.76,5,762.62,2025-05-05,UAE,Abu Dhabi,Supermarket,Female,3.0
SL-01399,Masala chai,6.8,99,673.2,30,471.24,2024-04-22,UAE,Fujairah,Hypermarket,Male,4.5
SL-01400,Arabic tea,6.87,9,61.83,0,61.83,2020-10-25,UAE,Ras Al Khaimah,Convenience Store,Male,4.4
SL-01401,Juice,8.58,78,669.24,25,501.93,2025-01-15,UAE,Umm Al Quwain,Supermarket,Female,2.3
SL-01402,Juice,4.8,82,393.6,20,314.88,2023-03-17,UAE,Ras Al Khaimah,Hypermarket,Male,3.0
SL-01403,Soft drinks,2.8,21,58.8,15,49.98,2020-04-09,UAE,Umm Al Quwain,Cafe,Female,1.8
SL-01404,Arabic coffee,14.6,13,189.8,5,180.31,2024-07-29,UAE,Dubai,Hypermarket,Female,2.4
SL-01405,Laban,5.19,10,51.9,10,46.71,2025-04-24,UAE,Abu Dhabi,Cafe,Female,4.3
SL-01406,Laban,4.41,80,352.8,20,282.24,2024-03-20,UAE,Umm Al Quwain,Hypermarket,Female,2.8
SL-01407,Arabic tea,2.35,11,25.85,5,24.56,2022-08-02,UAE,Umm Al Quwain,Cafe,Male,1.5
SL-01408,Camel milk,15.22,43,654.46,0,654.46,2024-01-05,UAE,Abu Dhabi,Convenience Store,Female,2.0
SL-01409,Camel milk,18.47,21,387.87,10,349.08,2025-08-10,UAE,Dubai,Cafe,Female,4.4
SL-01410,Masala chai,5.0,8,40.0,20,32.0,2022-12-13,UAE,Fujairah,Supermarket,Female,4.7
SL-01411,Arabic coffee,5.3,44,233.2,15,198.22,2021-07-24,UAE,Sharjah,Hypermarket,Male,4.1
SL-01412,Soft drinks,4.19,94,393.86,10,354.47,2020-05-24,UAE,Umm Al Quwain,Supermarket,Male,1.3
SL-01413,Masala chai,7.91,54,427.14,20,341.71,2025-05-15,UAE,Fujairah,Cafe,Female,4.6
SL-01414,Soft drinks,3.08,6,18.48,0,18.48,2024-11-02,UAE,Dubai,Online,Female,3.6
SL-01415,Juice,5.82,30,174.6,0,174.6,2025-12-28,UAE,Dubai,Supermarket,Female,4.2
SL-01416,Laban,6.44,88,566.72,25,425.04,2024-03-25,UAE,Fujairah,Supermarket,Female,1.2
SL-01417,Arabic coffee,6.25,90,562.5,15,478.12,2024-02-15,UAE,Ras Al Khaimah,Hypermarket,Male,1.5
SL-01418,Masala chai,3.97,56,222.32,0,222.32,2024-08-18,UAE,Abu Dhabi,Hypermarket,Male,1.0
SL-01419,Arabic coffee,12.53,69,864.57,20,691.66,2020-08-20,UAE,Dubai,Supermarket,Female,2.0
SL-01420,Camel milk,8.68,57,494.76,5,470.02,2022-09-27,UAE,Sharjah,Supermarket,Male,3.4
SL-01421,Masala chai,3.65,51,186.15,15,158.23,2022-04-23,UAE,Fujairah,Supermarket,Female,1.3
SL-01422,Juice,8.23,46,378.58,30,265.01,2023-04-13,UAE,Abu Dhabi,Online,Female,4.8
SL-01423,Arabic tea,5.27,68,358.36,10,322.52,2024-08-09,UAE,Sharjah,Cafe,Female,1.2
SL-01424,Arabic coffee,14.51,63,914.13,10,822.72,2025-11-03,UAE,Dubai,Hypermarket,Female,4.4
SL-01425,Soft drinks,3.22,71,228.62,5,217.19,2020-05-26,UAE,Dubai,Convenience Store,Female,4.2
SL-01426,Soft drinks,4.79,84,402.36,30,281.65,2023-01-12,UAE,Ajman,Supermarket,Male,4.3
SL-01427,Masala chai,5.94,39,231.66,30,162.16,2025-07-21,UAE,Dubai,Supermarket,Male,3.4
SL-01428,Camel milk,18.35,50,917.5,15,779.88,2024-10-31,UAE,Dubai,Hypermarket,Male,1.7
SL-01429,Laban,3.21,40,128.4,0,128.4,2023-10-09,UAE,Ras Al Khaimah,Convenience Store,Female,4.6
SL-01430,Arabic tea,6.54,97,634.38,20,507.5,2024-11-12,UAE,Abu Dhabi,Supermarket,Male,4.3
SL-01431,Arabic tea,4.14,94,389.16,25,291.87,2023-03-23,UAE,Umm Al Quwain,Supermarket,Female,3.2
SL-01432,Arabic tea,6.95,69,479.55,15,407.62,2022-12-01,UAE,Ajman,Cafe,Female,4.1
SL-01433,Soft drinks,5.84,60,350.4,25,262.8,2023-01-28,UAE,Abu Dhabi,Hypermarket,Female,2.1
SL-01434,Camel milk,19.99,99,1979.01,20,1583.21,2023-01-28,UAE,Sharjah,Convenience Store,Female,1.2
SL-01435,Masala chai,4.34,33,143.22,30,100.25,2023-08-07,UAE,Fujairah,Cafe,Male,2.2
SL-01436,Arabic tea,3.32,23,76.36,15,64.91,2024-01-09,UAE,Ajman,Supermarket,Male,2.9
SL-01437,Juice,7.83,72,563.76,5,535.57,2023-07-10,UAE,Ajman,Supermarket,Female,1.3
SL-01438,Camel milk,13.29,34,451.86,30,316.3,2022-07-20,UAE,Umm Al Quwain,Convenience Store,Male,3.0
SL-01439,Arabic coffee,6.74,80,539.2,25,404.4,2025-09-06,UAE,Dubai,Hypermarket,Male,1.2
SL-01440,Arabic tea,4.2,41,172.2,0,172.2,2022-11-27,UAE,Ras Al Khaimah,Hypermarket,Male,3.9
SL-01441,Masala chai,3.08,46,141.68,20,113.34,2020-11-13,UAE,Fujairah,Supermarket,Female,2.4
SL-01442,Laban,4.78,66,315.48,0,315.48,2024-08-30,UAE,Abu Dhabi,Hypermarket,Male,2.5
SL-01443,Camel milk,15.7,37,580.9,5,551.85,2024-07-29,UAE,Dubai,Convenience Store,Female,2.4
SL-01444,Arabic coffee,8.75,38,332.5,20,266.0,2021-09-06,UAE,Dubai,Hypermarket,Male,2.2
SL-01445,Laban,3.1,78,241.8,5,229.71,2025-09-12,UAE,Umm Al Quwain,Convenience Store,Female,4.1
SL-01446,Arabic tea,4.91,45,220.95,5,209.9,2024-04-09,UAE,Ajman,Cafe,Male,3.9
SL-01447,Arabic tea,6.99,11,76.89,0,76.89,2024-09-08,UAE,Abu Dhabi,Cafe,Female,3.3
SL-01448,Laban,5.93,68,403.24,30,282.27,2024-12-11,UAE,Dubai,Cafe,Male,3.1
SL-01449,Masala chai,4.35,74,321.9,10,289.71,2024-01-22,UAE,Abu Dhabi,Convenience Store,Male,4.1
SL-01450,Soft drinks,3.82,96,366.72,0,366.72,2024-08-06,UAE,Fujairah,Hypermarket,Male,4.8
SL-01451,Masala chai,3.4,72,244.8,20,195.84,2025-01-12,UAE,Dubai,Convenience Store,Female,3.4
SL-01452,Arabic tea,4.09,73,298.57,30,209.0,2024-07-27,UAE,Umm Al Quwain,Hypermarket,Female,2.0
SL-01453,Arabic coffee,10.85,18,195.3,20,156.24,2024-07-31,UAE,Sharjah,Convenience Store,Male,1.5
SL-01454,Juice,7.03,19,133.57,20,106.86,2020-03-04,UAE,Ajman,Hypermarket,Female,4.5
SL-01455,Soft drinks,2.48,34,84.32,30,59.02,2020-05-19,UAE,Ras Al Khaimah,Online,Female,1.5
SL-01456,Arabic tea,4.16,89,370.24,5,351.73,2024-05-08,UAE,Dubai,Hypermarket,Female,3.1
SL-01457,Juice,6.13,52,318.76,25,239.07,2023-10-10,UAE,Ras Al Khaimah,Hypermarket,Female,1.5
SL-01458,Laban,5.44,14,76.16,25,57.12,2025-01-12,UAE,Dubai,Supermarket,Female,2.4
SL-01459,Juice,7.78,95,739.1,30,517.37,2022-01-21,UAE,Ajman,Convenience Store,Female,3.8
SL-01460,Arabic coffee,12.66,66,835.56,0,835.56,2025-01-31,UAE,Abu Dhabi,Supermarket,Female,2.5
SL-01461,Juice,5.92,23,136.16,20,108.93,2022-08-09,UAE,Fujairah,Cafe,Male,4.1
SL-01462,Masala chai,5.47,7,38.29,20,30.63,2024-10-13,UAE,Ras Al Khaimah,Cafe,Female,4.4
SL-01463,Masala chai,4.61,41,189.01,30,132.31,2022-05-12,UAE,Abu Dhabi,Hypermarket,Male,4.8
SL-01464,Juice,7.11,74,526.14,20,420.91,2023-03-25,UAE,Sharjah,Supermarket,Male,1.7
SL-01465,Masala chai,5.43,29,157.47,5,149.6,2022-08-06,UAE,Sharjah,Convenience Store,Other,4.0
SL-01466,Arabic coffee,7.79,13,101.27,5,96.21,2020-06-11,UAE,Ras Al Khaimah,Cafe,Female,1.1
SL-01467,Laban,5.15,25,128.75,0,128.75,2024-10-12,UAE,Ajman,Supermarket,Male,2.1
SL-01468,Arabic coffee,9.45,17,160.65,30,112.45,2021-05-06,UAE,Ajman,Convenience Store,Female,3.9
SL-01469,Juice,9.33,64,597.12,10,537.41,2021-04-22,UAE,Dubai,Hypermarket,Other,3.9
SL-01470,Masala chai,7.02,96,673.92,30,471.74,2023-02-04,UAE,Abu Dhabi,Supermarket,Male,3.0
SL-01471,Juice,7.78,66,513.48,25,385.11,2020-06-06,UAE,Umm Al Quwain,Supermarket,Female,2.3
SL-01472,Juice,4.6,91,418.6,30,293.02,2020-05-25,UAE,Ras Al Khaimah,Convenience Store,Male,3.2
SL-01473,Arabic coffee,11.27,32,360.64,5,342.61,2022-03-12,UAE,Ras Al Khaimah,Online,Female,1.9
SL-01474,Masala chai,5.35,63,337.05,30,235.94,2020-12-29,UAE,Abu Dhabi,Online,Male,1.8
SL-01475,Laban,6.43,96,617.28,5,586.42,2022-05-04,UAE,Dubai,Online,Male,3.2
SL-01476,Arabic coffee,6.78,54,366.12,25,274.59,2023-11-29,UAE,Sharjah,Cafe,Male,3.3
SL-01477,Juice,7.18,24,172.32,10,155.09,2025-06-30,UAE,Umm Al Quwain,Hypermarket,Female,3.7
SL-01478,Arabic tea,5.15,77,396.55,10,356.89,2023-03-22,UAE,Ras Al Khaimah,Online,Male,1.9
SL-01479,Juice,9.82,42,412.44,5,391.82,2023-07-30,UAE,Fujairah,Online,Male,2.9
SL-01480,Arabic coffee,6.14,90,552.6,15,469.71,2025-06-26,UAE,Fujairah,Hypermarket,Female,2.9
SL-01481,Laban,4.65,31,144.15,0,144.15,2024-08-02,UAE,Sharjah,Convenience Store,Female,4.6
SL-01482,Camel milk,14.75,42,619.5,10,557.55,2024-10-07,UAE,Fujairah,Convenience Store,Male,4.2
SL-01483,Juice,5.56,7,38.92,10,35.03,2023-06-17,UAE,Ajman,Hypermarket,Male,4.3
SL-01484,Juice,6.46,74,478.04,5,454.14,2023-09-12,UAE,Ras Al Khaimah,Hypermarket,Female,1.4
SL-01485,Soft drinks,4.42,3,13.26,25,9.95,2023-12-15,UAE,Dubai,Online,Male,3.8
SL-01486,Arabic tea,5.83,9,52.47,25,39.35,2021-10-05,UAE,Dubai,Cafe,Male,3.1
SL-01487,Arabic tea,4.68,92,430.56,5,409.03,2022-06-02,UAE,Sharjah,Hypermarket,Female,2.3
SL-01488,Laban,5.93,2,11.86,0,11.86,2025-08-16,UAE,Umm Al Quwain,Supermarket,Female,3.1
SL-01489,Juice,8.75,6,52.5,5,49.88,2022-10-09,UAE,Sharjah,Convenience Store,Male,3.5
SL-01490,Camel milk,11.27,16,180.32,30,126.22,2023-01-10,UAE,Umm Al Quwain,Online,Female,1.5
SL-01491,Arabic tea,2.42,10,24.2,20,19.36,2021-09-13,UAE,Fujairah,Online,Male,4.0
SL-01492,Camel milk,16.83,51,858.33,5,815.41,2024-10-07,UAE,Umm Al Quwain,Cafe,Female,4.1
SL-01493,Laban,5.97,39,232.83,10,209.55,2025-04-14,UAE,Ajman,Hypermarket,Male,4.9
SL-01494,Juice,5.75,12,69.0,5,65.55,2025-12-24,UAE,Ajman,Cafe,Male,2.1
SL-01495,Laban,3.98,3,11.94,15,10.15,2021-03-19,UAE,Fujairah,Online,Female,4.1
SL-01496,Juice,5.34,4,21.36,15,18.16,2021-03-22,UAE,Umm Al Quwain,Hypermarket,Male,2.9
SL-01497,Arabic coffee,8.11,19,154.09,30,107.86,2025-06-29,UAE,Fujairah,Supermarket,Male,1.7
SL-01498,Laban,4.0,19,76.0,15,64.6,2022-08-10,UAE,Ras Al Khaimah,Online,Female,4.4
SL-01499,Camel milk,17.21,33,567.93,15,482.74,2024-07-23,UAE,Sharjah,Convenience Store,Female,1.1
SL-01500,Arabic tea,2.03,89,180.67,5,171.64,2023-07-06,UAE,Umm Al Quwain,Cafe,Female,3.2
SL-01501,Arabic coffee,7.36,60,441.6,25,331.2,2020-11-29,UAE,Ajman,Cafe,Female,4.0
SL-01502,Camel milk,13.11,10,131.1,15,111.44,2021-11-11,UAE,Abu Dhabi,Supermarket,Male,4.0
SL-01503,Soft drinks,3.75,15,56.25,0,56.25,2025-06-18,UAE,Ajman,Online,Male,4.2
SL-01504,Soft drinks,5.0,71,355.0,15,301.75,2023-04-20,UAE,Ajman,Supermarket,Male,2.7
SL-01505,Arabic coffee,14.22,87,1237.14,10,1113.43,2021-11-10,UAE,Ras Al Khaimah,Convenience Store,Female,2.5
SL-01506,Soft drinks,3.16,88,278.08,5,264.18,2022-10-26,UAE,Umm Al Quwain,Cafe,Female,2.5
SL-01507,Juice,6.78,43,291.54,25,218.65,2025-04-24,UAE,Fujairah,Hypermarket,Male,3.9
SL-01508,Camel milk,11.81,23,271.63,5,258.05,2022-02-07,UAE,Ajman,Supermarket,Other,1.0
SL-01509,Soft drinks,4.78,69,329.82,15,280.35,2021-10-02,UAE,Sharjah,Supermarket,Male,2.9
SL-01510,Camel milk,12.21,72,879.12,5,835.16,2024-10-11,UAE,Sharjah,Supermarket,Female,2.1
SL-01511,Laban,5.92,48,284.16,20,227.33,2022-04-09,UAE,Umm Al Quwain,Online,Female,3.2
SL-01512,Camel milk,15.11,14,211.54,25,158.66,2021-06-02,UAE,Abu Dhabi,Convenience Store,Male,3.3
SL-01513,Arabic tea,4.61,83,382.63,30,267.84,2023-02-09,UAE,Ajman,Convenience Store,Female,4.4
SL-01514,Arabic tea,5.69,79,449.51,25,337.13,2022-06-05,UAE,Ajman,Hypermarket,Male,4.1
SL-01515,Camel milk,19.15,79,1512.85,5,1437.21,2020-11-14,UAE,Abu Dhabi,Hypermarket,Male,1.0
SL-01516,Camel milk,9.64,57,549.48,15,467.06,2021-04-25,UAE,Fujairah,Online,Male,3.0
SL-01517,Soft drinks,4.24,49,207.76,30,145.43,2023-07-22,UAE,Ajman,Online,Male,4.4
SL-01518,Laban,3.31,78,258.18,30,180.73,2021-08-08,UAE,Abu Dhabi,Hypermarket,Female,4.3
SL-01519,Arabic tea,4.19,57,238.83,15,203.01,2024-11-18,UAE,Fujairah,Convenience Store,Female,3.2
SL-01520,Arabic coffee,8.48,4,33.92,30,23.74,2024-10-03,UAE,Sharjah,Online,Female,2.4
SL-01521,Soft drinks,4.47,25,111.75,15,94.99,2022-03-13,UAE,Sharjah,Hypermarket,Female,5.0
SL-01522,Juice,6.17,25,154.25,0,154.25,2022-11-05,UAE,Ras Al Khaimah,Convenience Store,Male,4.6
SL-01523,Laban,6.69,78,521.82,10,469.64,2022-11-02,UAE,Dubai,Convenience Store,Female,2.6
SL-01524,Masala chai,6.13,74,453.62,30,317.53,2025-07-01,UAE,Dubai,Online,Other,3.5
SL-01525,Soft drinks,3.89,83,322.87,30,226.01,2021-09-19,UAE,Ras Al Khaimah,Supermarket,Male,1.1
SL-01526,Arabic coffee,12.36,17,210.12,0,210.12,2020-09-12,UAE,Ajman,Supermarket,Male,3.5
SL-01527,Masala chai,3.49,70,244.3,10,219.87,2023-09-24,UAE,Umm Al Quwain,Hypermarket,Female,3.9
SL-01528,Arabic tea,5.36,41,219.76,25,164.82,2020-02-28,UAE,Abu Dhabi,Cafe,Female,2.5
SL-01529,Arabic coffee,9.03,86,776.58,25,582.43,2021-08-27,UAE,Dubai,Supermarket,Male,4.0
SL-01530,Arabic coffee,7.67,23,176.41,15,149.95,2024-08-03,UAE,Dubai,Convenience Store,Female,3.8
SL-01531,Soft drinks,4.54,1,4.54,10,4.09,2020-12-18,UAE,Sharjah,Cafe,Male,2.4
SL-01532,Laban,6.72,12,80.64,0,80.64,2020-03-23,UAE,Dubai,Hypermarket,Female,1.7
SL-01533,Arabic tea,2.85,2,5.7,5,5.42,2022-10-07,UAE,Fujairah,Convenience Store,Male,4.5
SL-01534,Masala chai,7.19,83,596.77,30,417.74,2023-03-21,UAE,Abu Dhabi,Hypermarket,Male,2.5
SL-01535,Soft drinks,3.12,73,227.76,10,204.98,2022-03-27,UAE,Ajman,Hypermarket,Female,2.1
SL-01536,Soft drinks,5.92,34,201.28,25,150.96,2024-01-29,UAE,Ajman,Convenience Store,Male,2.4
SL-01537,Masala chai,6.86,67,459.62,15,390.68,2024-04-28,UAE,Umm Al Quwain,Hypermarket,Male,4.3
SL-01538,Soft drinks,4.15,27,112.05,25,84.04,2023-03-28,UAE,Ajman,Convenience Store,Female,3.7
SL-01539,Soft drinks,3.37,65,219.05,20,175.24,2022-11-23,UAE,Umm Al Quwain,Convenience Store,Male,4.1
SL-01540,Soft drinks,3.87,5,19.35,0,19.35,2023-08-15,UAE,Ras Al Khaimah,Hypermarket,Male,2.9
SL-01541,Masala chai,5.82,85,494.7,20,395.76,2020-02-02,UAE,Dubai,Convenience Store,Female,3.5
SL-01542,Soft drinks,3.69,43,158.67,10,142.8,2021-10-28,UAE,Fujairah,Supermarket,Male,2.4
SL-01543,Juice,7.28,97,706.16,0,706.16,2024-11-16,UAE,Ajman,Cafe,Male,3.3
SL-01544,Arabic coffee,8.99,32,287.68,10,258.91,2024-07-01,UAE,Fujairah,Convenience Store,Female,2.9
SL-01545,Masala chai,3.2,30,96.0,30,67.2,2024-06-29,UAE,Ras Al Khaimah,Supermarket,Male,4.1
SL-01546,Laban,3.11,66,205.26,5,195.0,2022-03-23,UAE,Sharjah,Cafe,Female,4.8
SL-01547,Laban,6.01,17,102.17,25,76.63,2021-08-02,UAE,Sharjah,Supermarket,Female,2.2
SL-01548,Arabic tea,3.73,51,190.23,5,180.72,2021-12-05,UAE,Ajman,Supermarket,Female,1.8
SL-01549,Masala chai,4.54,24,108.96,5,103.51,2021-09-23,UAE,Umm Al Quwain,Hypermarket,Male,3.9
SL-01550,Arabic coffee,10.55,100,1055.0,10,949.5,2024-06-02,UAE,Dubai,Online,Male,1.4
SL-01551,Arabic coffee,7.12,61,434.32,25,325.74,2021-01-27,UAE,Ajman,Online,Female,4.1
SL-01552,Juice,4.77,98,467.46,5,444.09,2024-10-05,UAE,Ajman,Convenience Store,Female,4.3
SL-01553,Laban,4.58,10,45.8,10,41.22,2021-12-30,UAE,Ajman,Cafe,Male,4.5
SL-01554,Arabic tea,3.18,47,149.46,10,134.51,2020-11-12,UAE,Ras Al Khaimah,Supermarket,Female,4.0
SL-01555,Arabic coffee,7.3,64,467.2,5,443.84,2024-04-22,UAE,Dubai,Hypermarket,Male,1.4
SL-01556,Arabic coffee,6.8,20,136.0,10,122.4,2022-12-05,UAE,Sharjah,Online,Female,2.9
SL-01557,Juice,5.08,51,259.08,25,194.31,2021-02-19,UAE,Ras Al Khaimah,Supermarket,Male,1.3
SL-01558,Arabic coffee,13.62,2,27.24,5,25.88,2025-02-05,UAE,Sharjah,Hypermarket,Female,2.5
SL-01559,Camel milk,13.83,86,1189.38,15,1010.97,2021-04-19,UAE,Ajman,Supermarket,Male,2.0
SL-01560,Laban,6.23,58,361.34,20,289.07,2024-02-03,UAE,Sharjah,Online,Female,4.4
SL-01561,Camel milk,17.43,55,958.65,20,766.92,2020-01-29,UAE,Umm Al Quwain,Online,Female,1.3
SL-01562,Masala chai,7.74,91,704.34,20,563.47,2025-02-06,UAE,Sharjah,Hypermarket,Female,3.5
SL-01563,Juice,4.29,37,158.73,0,158.73,2024-02-21,UAE,Dubai,Online,Male,1.2
SL-01564,Masala chai,5.13,87,446.31,10,401.68,2024-01-01,UAE,Umm Al Quwain,Supermarket,Female,1.7
SL-01565,Juice,4.11,42,172.62,10,155.36,2020-05-29,UAE,Fujairah,Supermarket,Female,2.4
SL-01566,Laban,5.95,32,190.4,5,180.88,2025-07-14,UAE,Dubai,Cafe,Male,3.9
SL-01567,Juice,9.36,45,421.2,15,358.02,2025-11-14,UAE,Fujairah,Cafe,Male,4.3
SL-01568,Laban,4.83,10,48.3,10,43.47,2021-02-18,UAE,Sharjah,Supermarket,Male,4.9
SL-01569,Juice,7.08,93,658.44,0,658.44,2022-11-18,UAE,Sharjah,Convenience Store,Male,1.1
SL-01570,Arabic coffee,11.53,11,126.83,30,88.78,2023-05-26,UAE,Ajman,Supermarket,Female,3.3
SL-01571,Laban,5.06,32,161.92,25,121.44,2024-11-24,UAE,Umm Al Quwain,Supermarket,Male,2.9
SL-01572,Masala chai,6.73,100,673.0,5,639.35,2022-01-12,UAE,Sharjah,Cafe,Female,3.4
SL-01573,Arabic coffee,7.85,1,7.85,15,6.67,2023-01-30,UAE,Abu Dhabi,Supermarket,Female,3.6
SL-01574,Masala chai,5.31,82,435.42,10,391.88,2022-06-24,UAE,Dubai,Hypermarket,Male,3.8
SL-01575,Camel milk,15.34,94,1441.96,25,1081.47,2023-09-08,UAE,Ras Al Khaimah,Online,Female,3.5
SL-01576,Laban,4.56,72,328.32,0,328.32,2021-09-13,UAE,Sharjah,Convenience Store,Male,4.3
SL-01577,Juice,9.13,64,584.32,5,555.1,2020-05-12,UAE,Ras Al Khaimah,Hypermarket,Female,2.0
SL-01578,Arabic coffee,13.52,11,148.72,25,111.54,2025-12-09,UAE,Ajman,Cafe,Other,1.3
SL-01579,Masala chai,4.52,97,438.44,10,394.6,2021-11-13,UAE,Ajman,Online,Male,3.5
SL-01580,Laban,4.41,56,246.96,15,209.92,2025-07-03,UAE,Umm Al Quwain,Supermarket,Female,2.1
SL-01581,Soft drinks,3.5,69,241.5,5,229.43,2024-06-08,UAE,Ajman,Cafe,Female,1.5
SL-01582,Soft drinks,2.85,15,42.75,20,34.2,2024-06-30,UAE,Sharjah,Hypermarket,Female,4.1
SL-01583,Laban,4.63,97,449.11,5,426.65,2021-03-08,UAE,Ajman,Cafe,Male,4.1
SL-01584,Arabic coffee,13.85,82,1135.7,30,794.99,2022-07-11,UAE,Fujairah,Convenience Store,Female,3.1
SL-01585,Arabic tea,4.02,97,389.94,15,331.45,2024-06-26,UAE,Sharjah,Online,Male,4.5
SL-01586,Masala chai,3.02,43,129.86,30,90.9,2024-09-08,UAE,Ajman,Hypermarket,Female,1.4
SL-01587,Juice,6.46,82,529.72,0,529.72,2020-11-25,UAE,Ras Al Khaimah,Hypermarket,Male,3.5
SL-01588,Laban,5.28,53,279.84,0,279.84,2025-04-16,UAE,Sharjah,Cafe,Male,3.3
SL-01589,Arabic coffee,5.91,48,283.68,0,283.68,2025-09-25,UAE,Fujairah,Cafe,Female,3.6
SL-01590,Arabic tea,2.97,21,62.37,15,53.01,2022-03-29,UAE,Sharjah,Hypermarket,Male,4.7
SL-01591,Masala chai,3.66,9,32.94,0,32.94,2024-12-22,UAE,Abu Dhabi,Cafe,Male,2.0
SL-01592,Soft drinks,5.19,60,311.4,20,249.12,2021-10-14,UAE,Fujairah,Supermarket,Female,4.4
SL-01593,Soft drinks,3.85,9,34.65,0,34.65,2025-10-29,UAE,Fujairah,Supermarket,Female,2.6
SL-01594,Juice,9.17,10,91.7,30,64.19,2025-12-27,UAE,Ajman,Convenience Store,Female,3.1
SL-01595,Arabic coffee,5.24,62,324.88,30,227.42,2020-06-12,UAE,Fujairah,Supermarket,Male,2.6
SL-01596,Masala chai,5.0,66,330.0,25,247.5,2021-08-20,UAE,Fujairah,Online,Male,1.5
SL-01597,Arabic tea,3.31,75,248.25,30,173.78,2023-10-23,UAE,Umm Al Quwain,Supermarket,Female,2.5
SL-01598,Soft drinks,5.65,62,350.3,5,332.78,2025-02-19,UAE,Sharjah,Supermarket,Male,3.8
SL-01599,Arabic coffee,9.92,32,317.44,30,222.21,2025-01-18,UAE,Sharjah,Convenience Store,Male,2.8
SL-01600,Arabic coffee,7.58,36,272.88,20,218.3,2022-06-24,UAE,Dubai,Hypermarket,Male,2.2
SL-01601,Masala chai,5.82,92,535.44,10,481.9,2024-12-06,UAE,Sharjah,Hypermarket,Female,2.2
SL-01602,Arabic coffee,7.95,96,763.2,30,534.24,2024-04-22,UAE,Fujairah,Hypermarket,Male,2.2
SL-01603,Masala chai,6.18,4,24.72,30,17.3,2022-11-28,UAE,Abu Dhabi,Cafe,Male,3.3
SL-01604,Masala chai,6.61,96,634.56,30,444.19,2023-11-10,UAE,Ras Al Khaimah,Online,Male,4.6
SL-01605,Arabic coffee,6.56,65,426.4,10,383.76,2021-11-23,UAE,Ras Al Khaimah,Convenience Store,Male,4.7
SL-01606,Arabic tea,4.63,23,106.49,15,90.52,2022-07-09,UAE,Ajman,Supermarket,Female,1.3
SL-01607,Masala chai,4.03,20,80.6,10,72.54,2025-02-24,UAE,Ras Al Khaimah,Supermarket,Female,2.4
SL-01608,Laban,6.65,2,13.3,30,9.31,2024-01-29,UAE,Fujairah,Cafe,Female,4.0
SL-01609,Arabic coffee,5.33,81,431.73,0,431.73,2025-12-30,UAE,Sharjah,Cafe,Male,3.2
SL-01610,Arabic tea,5.71,11,62.81,30,43.97,2022-11-14,UAE,Dubai,Online,Female,2.0
SL-01611,Arabic tea,5.7,89,507.3,25,380.47,2021-12-27,UAE,Umm Al Quwain,Hypermarket,Male,3.9
SL-01612,Camel milk,19.75,35,691.25,20,553.0,2020-09-17,UAE,Sharjah,Supermarket,Female,3.9
SL-01613,Soft drinks,4.09,8,32.72,5,31.08,2025-03-16,UAE,Abu Dhabi,Hypermarket,Female,3.3
SL-01614,Camel milk,14.44,7,101.08,10,90.97,2020-12-07,UAE,Umm Al Quwain,Supermarket,Male,1.5
SL-01615,Juice,5.18,70,362.6,20,290.08,2024-10-26,UAE,Abu Dhabi,Cafe,Male,3.3
SL-01616,Arabic tea,6.52,93,606.36,15,515.41,2025-02-11,UAE,Umm Al Quwain,Hypermarket,Female,3.5
SL-01617,Camel milk,11.02,53,584.06,20,467.25,2025-06-02,UAE,Sharjah,Online,Female,2.3
SL-01618,Laban,4.14,83,343.62,10,309.26,2025-08-22,UAE,Sharjah,Cafe,Male,2.1
SL-01619,Masala chai,6.13,15,91.95,30,64.36,2025-09-18,UAE,Abu Dhabi,Online,Male,4.6
SL-01620,Juice,6.97,23,160.31,0,160.31,2024-12-20,UAE,Umm Al Quwain,Online,Female,1.4
SL-01621,Masala chai,6.19,69,427.11,30,298.98,2022-05-23,UAE,Abu Dhabi,Hypermarket,Female,4.1
SL-01622,Masala chai,5.51,41,225.91,30,158.14,2022-05-11,UAE,Ras Al Khaimah,Online,Male,2.2
SL-01623,Laban,5.69,42,238.98,5,227.03,2021-10-05,UAE,Abu Dhabi,Online,Female,4.4
SL-01624,Masala chai,7.78,61,474.58,25,355.94,2022-12-12,UAE,Ras Al Khaimah,Online,Female,2.1
SL-01625,Juice,9.61,39,374.79,10,337.31,2023-07-15,UAE,Abu Dhabi,Convenience Store,Male,2.4
SL-01626,Juice,5.85,73,427.05,15,362.99,2020-08-14,UAE,Umm Al Quwain,Online,Male,4.8
SL-01627,Juice,6.12,18,110.16,15,93.64,2022-05-04,UAE,Umm Al Quwain,Convenience Store,Male,3.8
SL-01628,Arabic coffee,12.17,38,462.46,30,323.72,2023-08-27,UAE,Sharjah,Supermarket,Male,4.2
SL-01629,Laban,5.24,26,136.24,30,95.37,2021-03-13,UAE,Abu Dhabi,Cafe,Female,4.4
SL-01630,Camel milk,10.92,42,458.64,25,343.98,2020-07-07,UAE,Ajman,Cafe,Male,4.9
SL-01631,Arabic tea,5.3,89,471.7,25,353.78,2024-03-16,UAE,Ajman,Hypermarket,Male,3.4
SL-01632,Camel milk,9.22,82,756.04,10,680.44,2021-03-30,UAE,Sharjah,Cafe,Male,4.7
SL-01633,Juice,4.81,96,461.76,0,461.76,2023-05-09,UAE,Sharjah,Online,Female,4.5
SL-01634,Laban,3.8,12,45.6,15,38.76,2022-12-03,UAE,Abu Dhabi,Convenience Store,Female,4.1
SL-01635,Laban,5.12,38,194.56,25,145.92,2023-07-09,UAE,Dubai,Hypermarket,Female,1.3
SL-01636,Arabic tea,3.81,99,377.19,15,320.61,2025-03-02,UAE,Fujairah,Hypermarket,Male,2.9
SL-01637,Masala chai,4.67,87,406.29,25,304.72,2021-07-28,UAE,Sharjah,Convenience Store,Female,4.7
SL-01638,Camel milk,15.71,55,864.05,15,734.44,2020-09-03,UAE,Umm Al Quwain,Online,Female,4.3
SL-01639,Laban,4.49,73,327.77,15,278.6,2025-07-08,UAE,Dubai,Cafe,Female,2.3
SL-01640,Masala chai,5.87,82,481.34,0,481.34,2021-04-05,UAE,Fujairah,Supermarket,Female,4.9
SL-01641,Laban,3.63,66,239.58,30,167.71,2022-02-20,UAE,Umm Al Quwain,Supermarket,Female,2.9
SL-01642,Arabic tea,2.37,88,208.56,15,177.28,2021-09-15,UAE,Umm Al Quwain,Convenience Store,Male,4.6
SL-01643,Arabic coffee,8.3,24,199.2,25,149.4,2024-11-06,UAE,Ras Al Khaimah,Convenience Store,Male,4.1
SL-01644,Camel milk,12.82,38,487.16,0,487.16,2024-10-15,UAE,Ras Al Khaimah,Online,Male,1.9
SL-01645,Soft drinks,3.04,29,88.16,20,70.53,2022-03-31,UAE,Fujairah,Convenience Store,Female,3.6
SL-01646,Arabic tea,6.11,46,281.06,25,210.79,2022-04-24,UAE,Umm Al Quwain,Cafe,Male,4.1
SL-01647,Masala chai,3.91,4,15.64,20,12.51,2020-10-10,UAE,Ras Al Khaimah,Supermarket,Female,3.2
SL-01648,Masala chai,7.35,30,220.5,25,165.38,2023-01-15,UAE,Abu Dhabi,Hypermarket,Male,2.7
SL-01649,Soft drinks,5.75,28,161.0,30,112.7,2024-12-05,UAE,Sharjah,Supermarket,Male,4.6
SL-01650,Camel milk,18.01,49,882.49,0,882.49,2024-06-23,UAE,Ajman,Hypermarket,Male,2.8
SL-01651,Soft drinks,2.82,49,138.18,20,110.54,2025-10-16,UAE,Umm Al Quwain,Supermarket,Male,1.7
SL-01652,Camel milk,9.95,27,268.65,0,268.65,2024-08-27,UAE,Ajman,Cafe,Male,5.0
SL-01653,Soft drinks,2.84,12,34.08,30,23.86,2025-02-14,UAE,Ras Al Khaimah,Convenience Store,Male,3.0
SL-01654,Camel milk,8.09,54,436.86,15,371.33,2020-09-24,UAE,Umm Al Quwain,Supermarket,Male,4.8
SL-01655,Juice,9.68,84,813.12,10,731.81,2025-04-14,UAE,Abu Dhabi,Supermarket,Female,4.2
SL-01656,Camel milk,19.42,36,699.12,25,524.34,2021-12-27,UAE,Fujairah,Convenience Store,Male,4.4
SL-01657,Laban,3.04,67,203.68,5,193.5,2022-05-09,UAE,Abu Dhabi,Online,Female,1.2
SL-01658,Arabic tea,5.7,38,216.6,10,194.94,2021-12-16,UAE,Ras Al Khaimah,Online,Female,2.7
SL-01659,Laban,6.86,95,651.7,30,456.19,2021-10-27,UAE,Umm Al Quwain,Hypermarket,Male,4.7
SL-01660,Camel milk,13.97,40,558.8,15,474.98,2023-08-08,UAE,Fujairah,Convenience Store,Female,2.1
SL-01661,Camel milk,17.4,43,748.2,0,748.2,2024-07-27,UAE,Ajman,Supermarket,Female,1.6
SL-01662,Camel milk,14.47,98,1418.06,20,1134.45,2023-11-29,UAE,Fujairah,Cafe,Male,1.4
SL-01663,Soft drinks,2.37,9,21.33,0,21.33,2024-12-08,UAE,Ajman,Online,Other,4.4
SL-01664,Soft drinks,5.43,82,445.26,0,445.26,2021-06-09,UAE,Sharjah,Online,Male,4.6
SL-01665,Masala chai,6.28,47,295.16,20,236.13,2022-03-14,UAE,Fujairah,Supermarket,Male,4.0
SL-01666,Soft drinks,2.88,17,48.96,30,34.27,2024-07-12,UAE,Abu Dhabi,Hypermarket,Female,4.0
SL-01667,Masala chai,7.43,14,104.02,5,98.82,2023-09-08,UAE,Abu Dhabi,Convenience Store,Male,3.6
SL-01668,Arabic coffee,14.74,86,1267.64,20,1014.11,2021-06-23,UAE,Ras Al Khaimah,Cafe,Female,4.5
SL-01669,Masala chai,5.11,85,434.35,5,412.63,2020-07-15,UAE,Ras Al Khaimah,Supermarket,Female,4.2
SL-01670,Arabic tea,2.99,24,71.76,0,71.76,2024-06-13,UAE,Abu Dhabi,Supermarket,Female,2.0
SL-01671,Masala chai,3.06,62,189.72,15,161.26,2024-07-19,UAE,Umm Al Quwain,Convenience Store,Male,4.5
SL-01672,Juice,9.96,59,587.64,20,470.11,2025-10-08,UAE,Sharjah,Cafe,Male,4.0
SL-01673,Masala chai,4.69,24,112.56,10,101.3,2021-01-30,UAE,Sharjah,Online,Female,2.8
SL-01674,Arabic coffee,13.56,98,1328.88,20,1063.1,2020-04-14,UAE,Sharjah,Supermarket,Female,2.7
SL-01675,Laban,3.5,30,105.0,15,89.25,2021-06-01,UAE,Umm Al Quwain,Supermarket,Male,3.9
SL-01676,Arabic tea,3.74,58,216.92,15,184.38,2022-01-17,UAE,Ras Al Khaimah,Supermarket,Female,4.9
SL-01677,Juice,8.92,66,588.72,5,559.28,2023-12-20,UAE,Abu Dhabi,Hypermarket,Female,1.8
SL-01678,Laban,5.4,20,108.0,20,86.4,2024-01-25,UAE,Umm Al Quwain,Cafe,Female,4.2
SL-01679,Laban,3.92,68,266.56,5,253.23,2022-07-15,UAE,Sharjah,Hypermarket,Male,1.7
SL-01680,Arabic tea,6.65,92,611.8,5,581.21,2020-07-19,UAE,Ras Al Khaimah,Cafe,Male,1.8
SL-01681,Juice,5.78,67,387.26,15,329.17,2023-05-13,UAE,Ajman,Online,Male,3.9
SL-01682,Camel milk,8.9,91,809.9,20,647.92,2020-09-30,UAE,Fujairah,Convenience Store,Male,3.9
SL-01683,Camel milk,17.06,18,307.08,5,291.73,2022-09-20,UAE,Ajman,Hypermarket,Female,4.2
SL-01684,Juice,8.72,83,723.76,15,615.2,2020-10-15,UAE,Ajman,Cafe,Male,4.3
SL-01685,Soft drinks,5.85,36,210.6,5,200.07,2021-09-13,UAE,Ajman,Supermarket,Female,3.3
SL-01686,Soft drinks,3.77,87,327.99,10,295.19,2023-06-28,UAE,Umm Al Quwain,Convenience Store,Male,1.5
SL-01687,Laban,3.41,81,276.21,20,220.97,2021-05-26,UAE,Ajman,Hypermarket,Female,2.2
SL-01688,Laban,5.97,59,352.23,5,334.62,2020-06-16,UAE,Dubai,Convenience Store,Female,4.8
SL-01689,Juice,9.03,33,297.99,0,297.99,2025-06-18,UAE,Fujairah,Online,Male,1.7
SL-01690,Arabic tea,3.46,67,231.82,0,231.82,2022-09-15,UAE,Dubai,Cafe,Female,4.5
SL-01691,Arabic tea,6.25,64,400.0,30,280.0,2023-02-21,UAE,Fujairah,Online,Male,3.6
SL-01692,Arabic tea,5.62,36,202.32,10,182.09,2022-10-26,UAE,Fujairah,Cafe,Male,3.7
SL-01693,Masala chai,3.42,13,44.46,25,33.34,2024-11-11,UAE,Umm Al Quwain,Online,Male,3.0
SL-01694,Arabic coffee,7.66,100,766.0,30,536.2,2024-03-19,UAE,Fujairah,Online,Female,4.3
SL-01695,Laban,5.08,86,436.88,15,371.35,2021-02-07,UAE,Dubai,Cafe,Male,4.4
SL-01696,Laban,3.38,98,331.24,5,314.68,2024-09-23,UAE,Sharjah,Cafe,Female,4.6
SL-01697,Arabic tea,3.97,96,381.12,0,381.12,2025-11-11,UAE,Sharjah,Online,Female,3.3
SL-01698,Camel milk,19.28,81,1561.68,25,1171.26,2022-01-10,UAE,Umm Al Quwain,Online,Female,1.1
SL-01699,Camel milk,15.57,43,669.51,0,669.51,2022-11-04,UAE,Sharjah,Online,Female,3.9
SL-01700,Masala chai,7.09,45,319.05,10,287.14,2025-02-19,UAE,Abu Dhabi,Convenience Store,Male,1.2
SL-01701,Arabic coffee,14.91,34,506.94,30,354.86,2023-08-11,UAE,Umm Al Quwain,Hypermarket,Male,4.1
SL-01702,Arabic coffee,9.01,45,405.45,30,283.81,2023-09-29,UAE,Umm Al Quwain,Hypermarket,Female,4.4
SL-01703,Masala chai,6.08,95,577.6,30,404.32,2021-01-05,UAE,Umm Al Quwain,Hypermarket,Male,2.2
SL-01704,Arabic coffee,9.06,80,724.8,15,616.08,2025-06-11,UAE,Fujairah,Hypermarket,Female,1.8
SL-01705,Masala chai,4.69,57,267.33,10,240.6,2021-04-01,UAE,Umm Al Quwain,Hypermarket,Female,2.3
SL-01706,Soft drinks,4.33,65,281.45,25,211.09,2021-12-29,UAE,Fujairah,Cafe,Male,3.2
SL-01707,Juice,7.71,10,77.1,5,73.25,2024-07-15,UAE,Dubai,Supermarket,Female,4.7
SL-01708,Arabic tea,3.32,92,305.44,10,274.9,2021-02-28,UAE,Ras Al Khaimah,Convenience Store,Male,4.7
SL-01709,Arabic tea,6.78,38,257.64,20,206.11,2020-06-16,UAE,Ras Al Khaimah,Supermarket,Male,1.9
SL-01710,Soft drinks,4.19,86,360.34,10,324.31,2022-06-15,UAE,Dubai,Online,Male,3.8
SL-01711,Soft drinks,5.5,57,313.5,25,235.12,2020-03-26,UAE,Umm Al Quwain,Hypermarket,Male,2.2
SL-01712,Arabic tea,5.06,57,288.42,15,245.16,2022-02-01,UAE,Ras Al Khaimah,Cafe,Other,1.8
SL-01713,Arabic tea,4.59,52,238.68,25,179.01,2024-01-30,UAE,Ras Al Khaimah,Online,Female,3.8
SL-01714,Arabic tea,6.01,56,336.56,10,302.9,2021-07-04,UAE,Sharjah,Hypermarket,Male,2.4
SL-01715,Masala chai,7.3,90,657.0,5,624.15,2025-09-09,UAE,Umm Al Quwain,Cafe,Female,1.4
SL-01716,Arabic coffee,9.76,41,400.16,0,400.16,2022-07-06,UAE,Umm Al Quwain,Cafe,Male,2.4
SL-01717,Juice,5.61,7,39.27,15,33.38,2021-12-02,UAE,Ras Al Khaimah,Online,Female,2.7
SL-01718,Camel milk,14.72,72,1059.84,25,794.88,2020-09-18,UAE,Dubai,Convenience Store,Male,3.8
SL-01719,Arabic coffee,8.54,93,794.22,10,714.8,2025-07-03,UAE,Ras Al Khaimah,Convenience Store,Female,3.9
SL-01720,Juice,8.23,18,148.14,15,125.92,2023-06-01,UAE,Abu Dhabi,Online,Male,3.8
SL-01721,Masala chai,4.16,66,274.56,15,233.38,2020-01-28,UAE,Abu Dhabi,Cafe,Other,3.3
SL-01722,Laban,3.21,97,311.37,10,280.23,2020-09-17,UAE,Ras Al Khaimah,Supermarket,Female,1.3
SL-01723,Laban,4.65,21,97.65,25,73.24,2022-01-04,UAE,Abu Dhabi,Hypermarket,Female,4.1
SL-01724,Arabic tea,2.91,84,244.44,15,207.77,2024-07-10,UAE,Fujairah,Supermarket,Male,1.4
SL-01725,Laban,5.8,88,510.4,15,433.84,2023-11-07,UAE,Umm Al Quwain,Online,Male,2.9
SL-01726,Soft drinks,2.38,46,109.48,5,104.01,2022-01-25,UAE,Fujairah,Online,Female,3.0
SL-01727,Masala chai,5.01,30,150.3,10,135.27,2025-11-15,UAE,Fujairah,Supermarket,Male,4.0
SL-01728,Masala chai,3.1,78,241.8,0,241.8,2020-01-08,UAE,Ras Al Khaimah,Supermarket,Female,1.4
SL-01729,Laban,3.05,42,128.1,15,108.89,2024-03-15,UAE,Sharjah,Supermarket,Female,3.3
SL-01730,Arabic tea,2.35,23,54.05,5,51.35,2023-11-15,UAE,Fujairah,Cafe,Female,3.1
SL-01731,Camel milk,18.47,20,369.4,20,295.52,2021-12-28,UAE,Sharjah,Cafe,Male,2.8
SL-01732,Laban,3.6,57,205.2,0,205.2,2021-05-07,UAE,Ras Al Khaimah,Supermarket,Female,4.6
SL-01733,Arabic tea,6.67,38,253.46,0,253.46,2021-02-12,UAE,Sharjah,Hypermarket,Female,1.7
SL-01734,Juice,5.16,20,103.2,20,82.56,2024-05-11,UAE,Sharjah,Online,Female,3.2
SL-01735,Arabic tea,4.24,15,63.6,25,47.7,2022-09-07,UAE,Ras Al Khaimah,Supermarket,Male,2.5
SL-01736,Arabic tea,4.45,52,231.4,0,231.4,2021-02-08,UAE,Sharjah,Supermarket,Female,4.7
SL-01737,Arabic tea,4.6,85,391.0,25,293.25,2025-11-06,UAE,Sharjah,Cafe,Female,3.8
SL-01738,Juice,8.54,83,708.82,5,673.38,2023-04-14,UAE,Sharjah,Convenience Store,Male,4.1
SL-01739,Arabic coffee,9.26,56,518.56,15,440.78,2025-06-05,UAE,Dubai,Online,Male,1.4
SL-01740,Laban,4.56,64,291.84,30,204.29,2025-11-30,UAE,Umm Al Quwain,Convenience Store,Female,3.8
SL-01741,Arabic tea,2.21,12,26.52,10,23.87,2020-07-15,UAE,Ras Al Khaimah,Cafe,Female,3.6
SL-01742,Laban,3.11,39,121.29,15,103.1,2024-11-11,UAE,Abu Dhabi,Convenience Store,Female,1.2
SL-01743,Arabic coffee,10.08,23,231.84,20,185.47,2022-01-30,UAE,Sharjah,Supermarket,Female,1.4
SL-01744,Soft drinks,4.85,10,48.5,25,36.38,2020-03-04,UAE,Abu Dhabi,Online,Male,3.6
SL-01745,Camel milk,19.07,27,514.89,25,386.17,2023-09-16,UAE,Dubai,Convenience Store,Male,2.0
SL-01746,Soft drinks,5.95,30,178.5,10,160.65,2022-10-05,UAE,Umm Al Quwain,Online,Male,1.6
SL-01747,Laban,5.67,55,311.85,25,233.89,2023-01-21,UAE,Ras Al Khaimah,Convenience Store,Male,4.5
SL-01748,Juice,8.14,54,439.56,30,307.69,2025-06-22,UAE,Ajman,Online,Male,4.6
SL-01749,Masala chai,6.0,81,486.0,25,364.5,2022-07-02,UAE,Ajman,Supermarket,Female,2.8
SL-01750,Camel milk,15.65,15,234.75,5,223.01,2021-11-16,UAE,Umm Al Quwain,Online,Male,3.1
SL-01751,Arabic coffee,7.56,88,665.28,25,498.96,2022-12-07,UAE,Fujairah,Online,Male,2.1
SL-01752,Camel milk,17.13,51,873.63,30,611.54,2021-06-04,UAE,Abu Dhabi,Supermarket,Female,3.0
SL-01753,Laban,6.98,61,425.78,15,361.91,2022-01-25,UAE,Dubai,Supermarket,Male,4.3
SL-01754,Camel milk,17.15,9,154.35,5,146.63,2024-12-15,UAE,Ajman,Cafe,Male,4.0
SL-01755,Laban,6.08,85,516.8,20,413.44,2020-06-28,UAE,Umm Al Quwain,Hypermarket,Female,3.9
SL-01756,Laban,3.06,20,61.2,10,55.08,2022-04-01,UAE,Umm Al Quwain,Convenience Store,Female,2.4
SL-01757,Arabic coffee,5.56,49,272.44,5,258.82,2022-03-07,UAE,Sharjah,Cafe,Male,1.7
SL-01758,Masala chai,6.29,57,358.53,0,358.53,2025-12-04,UAE,Umm Al Quwain,Online,Male,2.0
SL-01759,Masala chai,5.78,19,109.82,20,87.86,2025-10-22,UAE,Sharjah,Supermarket,Male,1.3
SL-01760,Laban,3.07,93,285.51,5,271.23,2021-03-01,UAE,Fujairah,Convenience Store,Male,1.6
SL-01761,Arabic coffee,7.34,49,359.66,0,359.66,2021-05-05,UAE,Ras Al Khaimah,Supermarket,Female,4.1
SL-01762,Arabic tea,3.12,81,252.72,0,252.72,2025-05-05,UAE,Ras Al Khaimah,Cafe,Male,3.6
SL-01763,Laban,5.58,37,206.46,25,154.84,2025-07-02,UAE,Ras Al Khaimah,Online,Male,4.0
SL-01764,Laban,4.0,82,328.0,15,278.8,2022-07-05,UAE,Ajman,Hypermarket,Male,4.5
SL-01765,Soft drinks,3.15,94,296.1,5,281.3,2020-03-26,UAE,Ajman,Convenience Store,Female,2.5
SL-01766,Juice,8.83,19,167.77,0,167.77,2022-07-18,UAE,Ajman,Online,Female,3.2
SL-01767,Juice,4.75,81,384.75,10,346.27,2025-01-26,UAE,Abu Dhabi,Online,Male,2.7
SL-01768,Juice,9.71,60,582.6,10,524.34,2025-12-10,UAE,Sharjah,Convenience Store,Female,1.5
SL-01769,Soft drinks,2.98,92,274.16,5,260.45,2024-01-28,UAE,Ras Al Khaimah,Hypermarket,Female,3.9
SL-01770,Juice,7.29,98,714.42,30,500.09,2021-08-01,UAE,Ajman,Convenience Store,Female,1.9
SL-01771,Juice,4.65,84,390.6,15,332.01,2023-10-15,UAE,Sharjah,Cafe,Male,1.8
SL-01772,Laban,6.56,85,557.6,15,473.96,2022-04-25,UAE,Ras Al Khaimah,Online,Male,2.8
SL-01773,Juice,7.4,23,170.2,10,153.18,2022-03-21,UAE,Fujairah,Cafe,Female,3.6
SL-01774,Soft drinks,3.65,60,219.0,5,208.05,2025-12-13,UAE,Umm Al Quwain,Hypermarket,Female,2.9
SL-01775,Arabic coffee,11.28,5,56.4,25,42.3,2020-08-04,UAE,Dubai,Supermarket,Male,1.0
SL-01776,Masala chai,7.26,41,297.66,10,267.89,2020-09-27,UAE,Abu Dhabi,Hypermarket,Female,2.2
SL-01777,Masala chai,6.12,41,250.92,20,200.74,2023-04-01,UAE,Umm Al Quwain,Online,Male,3.8
SL-01778,Masala chai,3.51,72,252.72,5,240.08,2024-08-05,UAE,Abu Dhabi,Hypermarket,Male,3.1
SL-01779,Soft drinks,4.25,81,344.25,15,292.61,2021-04-09,UAE,Fujairah,Convenience Store,Female,4.6
SL-01780,Arabic coffee,14.45,57,823.65,0,823.65,2024-04-02,UAE,Umm Al Quwain,Supermarket,Male,2.5
SL-01781,Juice,5.02,3,15.06,20,12.05,2022-01-14,UAE,Fujairah,Convenience Store,Female,3.3
SL-01782,Juice,9.36,63,589.68,25,442.26,2024-02-24,UAE,Ras Al Khaimah,Convenience Store,Female,5.0
SL-01783,Camel milk,10.13,80,810.4,10,729.36,2022-03-18,UAE,Fujairah,Online,Female,1.4
SL-01784,Arabic coffee,8.21,92,755.32,30,528.72,2025-07-19,UAE,Umm Al Quwain,Supermarket,Male,4.9
SL-01785,Camel milk,15.46,76,1174.96,15,998.72,2023-02-21,UAE,Abu Dhabi,Convenience Store,Female,1.8
SL-01786,Laban,6.62,4,26.48,15,22.51,2023-06-09,UAE,Sharjah,Hypermarket,Male,2.0
SL-01787,Masala chai,5.24,56,293.44,10,264.1,2025-02-19,UAE,Dubai,Convenience Store,Female,4.0
SL-01788,Arabic coffee,5.8,71,411.8,0,411.8,2023-05-24,UAE,Abu Dhabi,Cafe,Male,3.3
SL-01789,Juice,5.2,61,317.2,15,269.62,2024-03-16,UAE,Ajman,Supermarket,Female,2.1
SL-01790,Masala chai,4.83,66,318.78,30,223.15,2023-11-19,UAE,Umm Al Quwain,Online,Male,2.4
SL-01791,Arabic coffee,7.62,25,190.5,15,161.93,2020-12-13,UAE,Sharjah,Convenience Store,Male,2.8
SL-01792,Arabic tea,5.33,41,218.53,30,152.97,2021-03-14,UAE,Ras Al Khaimah,Supermarket,Male,1.5
SL-01793,Soft drinks,2.3,48,110.4,0,110.4,2020-11-04,UAE,Abu Dhabi,Cafe,Female,4.1
SL-01794,Camel milk,16.68,95,1584.6,30,1109.22,2025-03-02,UAE,Sharjah,Cafe,Male,3.3
SL-01795,Arabic coffee,13.73,86,1180.78,0,1180.78,2020-11-28,UAE,Ras Al Khaimah,Supermarket,Male,1.6
SL-01796,Soft drinks,2.37,12,28.44,0,28.44,2024-05-03,UAE,Ajman,Hypermarket,Male,3.9
SL-01797,Masala chai,6.13,25,153.25,15,130.26,2022-02-01,UAE,Umm Al Quwain,Hypermarket,Female,3.0
SL-01798,Juice,5.73,87,498.51,20,398.81,2020-11-21,UAE,Umm Al Quwain,Supermarket,Male,3.0
SL-01799,Soft drinks,5.9,34,200.6,5,190.57,2020-11-06,UAE,Ras Al Khaimah,Cafe,Female,3.8
SL-01800,Soft drinks,2.75,42,115.5,30,80.85,2023-04-30,UAE,Abu Dhabi,Hypermarket,Male,4.3
SL-01801,Laban,4.65,82,381.3,10,343.17,2022-09-13,UAE,Abu Dhabi,Online,Male,2.4
SL-01802,Laban,3.03,88,266.64,10,239.98,2023-11-10,UAE,Sharjah,Hypermarket,Male,1.3
SL-01803,Arabic coffee,5.6,97,543.2,30,380.24,2024-12-31,UAE,Ajman,Supermarket,Female,4.6
SL-01804,Camel milk,19.73,87,1716.51,0,1716.51,2020-09-26,UAE,Sharjah,Cafe,Female,4.7
SL-01805,Laban,4.05,41,166.05,15,141.14,2025-06-26,UAE,Sharjah,Online,Male,2.2
SL-01806,Masala chai,5.73,96,550.08,5,522.58,2024-08-05,UAE,Abu Dhabi,Cafe,Male,3.8
SL-01807,Juice,9.28,42,389.76,30,272.83,2025-01-26,UAE,Umm Al Quwain,Online,Male,4.6
SL-01808,Soft drinks,2.57,97,249.29,15,211.9,2024-04-11,UAE,Ajman,Supermarket,Female,4.2
SL-01809,Arabic tea,5.16,52,268.32,10,241.49,2021-12-08,UAE,Dubai,Online,Female,3.6
SL-01810,Soft drinks,4.37,24,104.88,5,99.64,2023-10-13,UAE,Dubai,Supermarket,Male,1.6
SL-01811,Soft drinks,2.09,51,106.59,5,101.26,2025-08-06,UAE,Sharjah,Cafe,Male,1.8
SL-01812,Juice,6.61,21,138.81,15,117.99,2023-08-17,UAE,Fujairah,Supermarket,Male,1.4
SL-01813,Arabic coffee,9.77,38,371.26,5,352.7,2024-09-01,UAE,Abu Dhabi,Cafe,Female,4.2
SL-01814,Juice,4.08,40,163.2,25,122.4,2024-10-23,UAE,Abu Dhabi,Convenience Store,Female,3.7
SL-01815,Laban,3.49,17,59.33,20,47.46,2021-06-08,UAE,Sharjah,Convenience Store,Female,4.2
SL-01816,Masala chai,5.83,61,355.63,0,355.63,2023-08-29,UAE,Dubai,Online,Male,2.0
SL-01817,Arabic coffee,7.33,41,300.53,25,225.4,2023-09-18,UAE,Ajman,Convenience Store,Female,3.3
SL-01818,Arabic coffee,6.94,17,117.98,10,106.18,2022-08-28,UAE,Umm Al Quwain,Cafe,Female,1.9
SL-01819,Arabic tea,6.1,63,384.3,20,307.44,2024-04-22,UAE,Ajman,Supermarket,Male,4.5
SL-01820,Arabic tea,2.74,42,115.08,0,115.08,2022-12-25,UAE,Ras Al Khaimah,Online,Male,4.6
SL-01821,Camel milk,13.39,100,1339.0,5,1272.05,2020-08-29,UAE,Umm Al Quwain,Convenience Store,Female,2.5
SL-01822,Juice,5.48,82,449.36,0,449.36,2021-08-21,UAE,Sharjah,Convenience Store,Female,2.9
SL-01823,Arabic tea,3.36,41,137.76,15,117.1,2022-02-09,UAE,Sharjah,Cafe,Female,1.8
SL-01824,Laban,5.42,38,205.96,25,154.47,2022-10-13,UAE,Dubai,Hypermarket,Female,3.0
SL-01825,Arabic tea,3.88,90,349.2,30,244.44,2023-04-27,UAE,Umm Al Quwain,Supermarket,Male,1.8
SL-01826,Camel milk,8.35,83,693.05,30,485.14,2021-08-27,UAE,Ajman,Supermarket,Male,4.1
SL-01827,Juice,7.76,72,558.72,5,530.78,2023-01-25,UAE,Ras Al Khaimah,Online,Female,1.4
SL-01828,Juice,5.66,91,515.06,20,412.05,2020-03-10,UAE,Ajman,Convenience Store,Male,1.5
SL-01829,Camel milk,8.63,42,362.46,20,289.97,2024-03-16,UAE,Ajman,Convenience Store,Male,4.3
SL-01830,Laban,3.1,56,173.6,25,130.2,2020-05-21,UAE,Sharjah,Online,Male,3.5
SL-01831,Arabic coffee,7.83,73,571.59,30,400.11,2021-06-24,UAE,Ras Al Khaimah,Supermarket,Female,1.2
SL-01832,Juice,4.38,9,39.42,5,37.45,2022-08-20,UAE,Abu Dhabi,Supermarket,Female,4.8
SL-01833,Camel milk,17.06,46,784.76,10,706.28,2024-06-28,UAE,Dubai,Online,Male,1.3
SL-01834,Laban,3.25,54,175.5,25,131.62,2021-01-01,UAE,Umm Al Quwain,Online,Female,3.2
SL-01835,Arabic tea,3.04,21,63.84,0,63.84,2020-04-09,UAE,Umm Al Quwain,Convenience Store,Male,1.2
SL-01836,Camel milk,15.71,90,1413.9,5,1343.21,2021-09-17,UAE,Ajman,Supermarket,Male,4.0
SL-01837,Arabic tea,2.69,41,110.29,10,99.26,2025-07-09,UAE,Ajman,Online,Male,4.1
SL-01838,Camel milk,16.04,90,1443.6,15,1227.06,2022-05-05,UAE,Ras Al Khaimah,Supermarket,Male,3.4
SL-01839,Soft drinks,4.33,1,4.33,10,3.9,2021-11-03,UAE,Fujairah,Supermarket,Female,2.5
SL-01840,Juice,5.28,69,364.32,0,364.32,2025-09-23,UAE,Fujairah,Cafe,Male,3.2
SL-01841,Juice,4.96,26,128.96,30,90.27,2022-12-02,UAE,Ras Al Khaimah,Convenience Store,Male,2.3
SL-01842,Juice,4.72,37,174.64,15,148.44,2025-09-27,UAE,Dubai,Online,Female,3.6
SL-01843,Arabic tea,4.03,24,96.72,0,96.72,2022-04-22,UAE,Dubai,Online,Female,4.0
SL-01844,Soft drinks,5.04,95,478.8,25,359.1,2024-01-18,UAE,Sharjah,Hypermarket,Female,4.3
SL-01845,Juice,4.33,81,350.73,5,333.19,2020-02-20,UAE,Ras Al Khaimah,Convenience Store,Male,1.1
SL-01846,Soft drinks,5.32,43,228.76,5,217.32,2024-05-19,UAE,Ajman,Online,Female,2.8
SL-01847,Laban,6.02,63,379.26,15,322.37,2022-10-14,UAE,Ras Al Khaimah,Cafe,Male,4.9
SL-01848,Camel milk,15.4,1,15.4,30,10.78,2023-01-28,UAE,Dubai,Cafe,Male,1.0
SL-01849,Camel milk,11.64,49,570.36,25,427.77,2022-02-20,UAE,Ras Al Khaimah,Hypermarket,Male,2.5
SL-01850,Juice,8.45,48,405.6,0,405.6,2020-05-23,UAE,Sharjah,Online,Female,2.2
SL-01851,Camel milk,11.62,34,395.08,15,335.82,2020-05-04,UAE,Umm Al Quwain,Hypermarket,Male,3.5
SL-01852,Juice,5.05,15,75.75,0,75.75,2023-01-23,UAE,Fujairah,Hypermarket,Male,4.5
SL-01853,Masala chai,3.11,73,227.03,15,192.98,2024-03-25,UAE,Dubai,Hypermarket,Male,2.6
SL-01854,Camel milk,8.45,56,473.2,30,331.24,2020-06-29,UAE,Ajman,Online,Male,1.1
SL-01855,Arabic coffee,5.63,99,557.37,10,501.63,2022-12-30,UAE,Fujairah,Convenience Store,Female,1.8
SL-01856,Camel milk,16.05,25,401.25,5,381.19,2020-06-29,UAE,Fujairah,Online,Female,5.0
SL-01857,Arabic tea,4.82,56,269.92,20,215.94,2020-07-12,UAE,Fujairah,Online,Female,3.9
SL-01858,Masala chai,4.82,77,371.14,10,334.03,2024-02-29,UAE,Ajman,Online,Female,2.5
SL-01859,Arabic coffee,10.51,19,199.69,10,179.72,2024-03-04,UAE,Fujairah,Convenience Store,Male,3.3
SL-01860,Juice,9.9,99,980.1,10,882.09,2024-11-03,UAE,Abu Dhabi,Online,Female,2.6
SL-01861,Camel milk,15.23,18,274.14,10,246.73,2021-11-03,UAE,Sharjah,Online,Male,3.2
SL-01862,Camel milk,12.12,81,981.72,5,932.63,2021-10-15,UAE,Ras Al Khaimah,Convenience Store,Female,4.3
SL-01863,Arabic tea,5.99,18,107.82,30,75.47,2024-09-12,UAE,Umm Al Quwain,Hypermarket,Female,2.6
SL-01864,Camel milk,19.89,70,1392.3,0,1392.3,2021-11-05,UAE,Ras Al Khaimah,Supermarket,Female,2.0
SL-01865,Arabic coffee,7.27,91,661.57,30,463.1,2024-03-09,UAE,Sharjah,Online,Male,3.9
SL-01866,Laban,6.75,67,452.25,25,339.19,2024-07-29,UAE,Umm Al Quwain,Online,Male,2.4
SL-01867,Arabic coffee,12.52,14,175.28,5,166.52,2022-02-10,UAE,Fujairah,Online,Male,3.8
SL-01868,Arabic coffee,5.01,65,325.65,30,227.96,2023-06-09,UAE,Dubai,Online,Male,1.3
SL-01869,Soft drinks,5.02,39,195.78,30,137.05,2022-02-21,UAE,Abu Dhabi,Cafe,Female,4.8
SL-01870,Camel milk,8.19,38,311.22,0,311.22,2020-10-01,UAE,Abu Dhabi,Hypermarket,Female,3.7
SL-01871,Masala chai,5.26,16,84.16,15,71.54,2023-11-06,UAE,Sharjah,Online,Male,3.4
SL-01872,Juice,6.25,39,243.75,15,207.19,2020-06-20,UAE,Ras Al Khaimah,Cafe,Female,3.5
SL-01873,Arabic coffee,9.91,5,49.55,15,42.12,2024-04-20,UAE,Sharjah,Convenience Store,Male,3.8
SL-01874,Arabic tea,4.7,13,61.1,15,51.94,2025-07-01,UAE,Fujairah,Cafe,Female,2.4
SL-01875,Camel milk,12.56,63,791.28,30,553.9,2022-10-02,UAE,Dubai,Online,Male,1.4
SL-01876,Arabic coffee,13.31,81,1078.11,0,1078.11,2025-04-06,UAE,Ajman,Online,Female,2.0
SL-01877,Camel milk,11.87,71,842.77,30,589.94,2020-02-12,UAE,Fujairah,Online,Male,2.6
SL-01878,Arabic coffee,6.28,87,546.36,30,382.45,2025-03-12,UAE,Dubai,Cafe,Male,3.0
SL-01879,Masala chai,6.49,50,324.5,30,227.15,2025-10-17,UAE,Ras Al Khaimah,Supermarket,Male,1.5
SL-01880,Juice,5.04,58,292.32,10,263.09,2024-10-13,UAE,Umm Al Quwain,Hypermarket,Male,3.4
SL-01881,Camel milk,16.24,10,162.4,5,154.28,2021-12-24,UAE,Ajman,Online,Male,2.5
SL-01882,Arabic tea,3.88,39,151.32,5,143.75,2025-07-13,UAE,Abu Dhabi,Convenience Store,Female,3.3
SL-01883,Soft drinks,4.86,90,437.4,0,437.4,2020-04-06,UAE,Dubai,Hypermarket,Male,4.0
SL-01884,Juice,6.98,90,628.2,15,533.97,2021-03-11,UAE,Dubai,Cafe,Female,2.5
SL-01885,Juice,6.84,36,246.24,15,209.3,2024-01-04,UAE,Ras Al Khaimah,Online,Male,1.3
SL-01886,Juice,6.41,32,205.12,5,194.86,2022-03-15,UAE,Dubai,Supermarket,Male,3.3
SL-01887,Juice,7.96,70,557.2,10,501.48,2022-01-29,UAE,Ras Al Khaimah,Convenience Store,Male,4.9
SL-01888,Laban,4.65,72,334.8,0,334.8,2024-05-19,UAE,Abu Dhabi,Hypermarket,Male,1.5
SL-01889,Camel milk,12.46,66,822.36,30,575.65,2025-12-13,UAE,Dubai,Supermarket,Female,2.1
SL-01890,Camel milk,11.64,18,209.52,10,188.57,2025-04-28,UAE,Abu Dhabi,Online,Female,1.8
SL-01891,Juice,6.87,13,89.31,5,84.84,2020-10-17,UAE,Ajman,Cafe,Female,3.2
SL-01892,Soft drinks,4.67,66,308.22,5,292.81,2020-10-24,UAE,Umm Al Quwain,Supermarket,Male,5.0
SL-01893,Laban,3.66,81,296.46,30,207.52,2024-07-22,UAE,Ajman,Convenience Store,Female,4.3
SL-01894,Camel milk,17.03,6,102.18,30,71.53,2024-03-10,UAE,Sharjah,Online,Male,3.7
SL-01895,Juice,6.7,29,194.3,25,145.72,2024-07-23,UAE,Abu Dhabi,Online,Female,4.2
SL-01896,Arabic coffee,13.72,82,1125.04,5,1068.79,2020-11-03,UAE,Abu Dhabi,Cafe,Female,3.0
SL-01897,Juice,7.6,54,410.4,0,410.4,2020-06-12,UAE,Ras Al Khaimah,Supermarket,Female,4.1
SL-01898,Masala chai,4.39,36,158.04,15,134.33,2023-09-01,UAE,Fujairah,Convenience Store,Male,3.1
SL-01899,Masala chai,7.28,61,444.08,20,355.26,2021-07-16,UAE,Ajman,Online,Female,4.4
SL-01900,Juice,6.02,89,535.78,15,455.41,2022-10-27,UAE,Sharjah,Cafe,Female,3.5
SL-01901,Arabic coffee,7.68,35,268.8,30,188.16,2023-08-20,UAE,Sharjah,Cafe,Female,2.3
SL-01902,Soft drinks,4.26,45,191.7,10,172.53,2022-12-16,UAE,Abu Dhabi,Convenience Store,Female,2.6
SL-01903,Laban,4.7,85,399.5,5,379.52,2023-04-23,UAE,Umm Al Quwain,Cafe,Female,1.6
SL-01904,Soft drinks,4.75,47,223.25,25,167.44,2025-10-31,UAE,Ras Al Khaimah,Cafe,Male,4.2
SL-01905,Soft drinks,2.47,93,229.71,10,206.74,2023-10-13,UAE,Fujairah,Hypermarket,Male,4.2
SL-01906,Soft drinks,5.55,64,355.2,10,319.68,2025-02-23,UAE,Abu Dhabi,Online,Male,2.1
SL-01907,Laban,4.37,33,144.21,20,115.37,2024-05-29,UAE,Dubai,Convenience Store,Male,2.5
SL-01908,Camel milk,8.8,33,290.4,15,246.84,2024-09-18,UAE,Ajman,Cafe,Female,2.1
SL-01909,Soft drinks,3.06,55,168.3,25,126.22,2023-07-06,UAE,Ajman,Cafe,Male,2.7
SL-01910,Camel milk,9.68,16,154.88,10,139.39,2021-03-16,UAE,Umm Al Quwain,Supermarket,Male,1.3
SL-01911,Laban,5.14,17,87.38,30,61.17,2020-09-02,UAE,Dubai,Online,Male,4.6
SL-01912,Camel milk,9.34,80,747.2,25,560.4,2022-12-28,UAE,Sharjah,Convenience Store,Male,1.9
SL-01913,Laban,4.41,31,136.71,5,129.87,2021-12-04,UAE,Dubai,Cafe,Female,4.0
SL-01914,Arabic tea,6.83,50,341.5,5,324.43,2023-01-09,UAE,Ras Al Khaimah,Cafe,Male,1.6
SL-01915,Arabic tea,4.43,13,57.59,5,54.71,2021-11-09,UAE,Umm Al Quwain,Online,Male,2.8
SL-01916,Soft drinks,5.67,36,204.12,0,204.12,2024-05-02,UAE,Dubai,Hypermarket,Female,2.7
SL-01917,Juice,5.28,13,68.64,30,48.05,2024-04-23,UAE,Dubai,Online,Female,2.8
SL-01918,Arabic tea,5.08,49,248.92,0,248.92,2024-11-23,UAE,Ras Al Khaimah,Convenience Store,Male,3.7
SL-01919,Arabic tea,6.38,44,280.72,10,252.65,2024-12-16,UAE,Dubai,Online,Female,2.6
SL-01920,Laban,3.82,19,72.58,25,54.44,2021-11-20,UAE,Dubai,Cafe,Female,3.7
SL-01921,Arabic tea,4.02,28,112.56,10,101.3,2022-08-03,UAE,Sharjah,Online,Male,3.9
SL-01922,Juice,7.6,61,463.6,0,463.6,2025-01-26,UAE,Fujairah,Cafe,Male,3.8
SL-01923,Arabic coffee,13.0,50,650.0,20,520.0,2024-12-29,UAE,Sharjah,Convenience Store,Male,3.0
SL-01924,Juice,4.54,33,149.82,10,134.84,2025-05-14,UAE,Abu Dhabi,Convenience Store,Male,5.0
SL-01925,Soft drinks,2.67,75,200.25,25,150.19,2020-05-28,UAE,Ras Al Khaimah,Cafe,Female,1.8
SL-01926,Juice,6.19,98,606.62,5,576.29,2020-07-24,UAE,Dubai,Hypermarket,Male,3.8
SL-01927,Masala chai,3.4,33,112.2,15,95.37,2022-01-31,UAE,Abu Dhabi,Convenience Store,Male,2.7
SL-01928,Soft drinks,3.64,22,80.08,20,64.06,2021-12-21,UAE,Dubai,Hypermarket,Female,3.5
SL-01929,Masala chai,5.74,55,315.7,5,299.91,2020-11-11,UAE,Abu Dhabi,Supermarket,Female,1.8
SL-01930,Camel milk,17.27,35,604.45,30,423.11,2024-02-20,UAE,Umm Al Quwain,Hypermarket,Female,4.1
SL-01931,Arabic coffee,6.79,69,468.51,5,445.08,2023-01-20,UAE,Abu Dhabi,Supermarket,Male,1.7
SL-01932,Laban,6.25,65,406.25,20,325.0,2021-09-30,UAE,Dubai,Online,Male,1.2
SL-01933,Arabic tea,2.66,78,207.48,30,145.24,2025-02-06,UAE,Sharjah,Cafe,Female,2.8
SL-01934,Soft drinks,4.84,92,445.28,5,423.02,2024-03-25,UAE,Abu Dhabi,Cafe,Female,1.3
SL-01935,Soft drinks,2.0,59,118.0,20,94.4,2024-07-12,UAE,Umm Al Quwain,Online,Female,2.6
SL-01936,Laban,4.87,83,404.21,20,323.37,2024-07-17,UAE,Sharjah,Cafe,Female,4.4
SL-01937,Arabic tea,3.26,53,172.78,5,164.14,2020-10-27,UAE,Ras Al Khaimah,Online,Male,1.1
SL-01938,Laban,6.98,39,272.22,0,272.22,2020-04-07,UAE,Ras Al Khaimah,Online,Male,2.2
SL-01939,Masala chai,5.44,97,527.68,0,527.68,2025-01-16,UAE,Abu Dhabi,Online,Female,4.0
SL-01940,Arabic tea,4.95,98,485.1,25,363.82,2022-07-19,UAE,Abu Dhabi,Convenience Store,Male,1.6
SL-01941,Juice,5.52,52,287.04,15,243.98,2021-06-18,UAE,Fujairah,Online,Male,1.8
SL-01942,Juice,9.76,32,312.32,5,296.7,2025-03-20,UAE,Fujairah,Supermarket,Male,1.2
SL-01943,Juice,9.32,56,521.92,0,521.92,2025-05-08,UAE,Ras Al Khaimah,Convenience Store,Male,3.1
SL-01944,Camel milk,19.21,62,1191.02,0,1191.02,2021-11-10,UAE,Sharjah,Convenience Store,Male,4.7
SL-01945,Camel milk,19.91,19,378.29,25,283.72,2022-06-14,UAE,Fujairah,Cafe,Male,1.1
SL-01946,Arabic coffee,10.21,4,40.84,15,34.71,2023-08-30,UAE,Ajman,Convenience Store,Female,2.8
SL-01947,Masala chai,4.84,67,324.28,20,259.42,2025-10-06,UAE,Dubai,Online,Female,2.7
SL-01948,Camel milk,16.0,71,1136.0,25,852.0,2021-09-20,UAE,Fujairah,Cafe,Female,5.0
SL-01949,Arabic tea,3.89,85,330.65,25,247.99,2022-03-15,UAE,Ajman,Convenience Store,Male,4.0
SL-01950,Camel milk,15.4,36,554.4,15,471.24,2021-06-28,UAE,Abu Dhabi,Supermarket,Male,1.0
SL-01951,Soft drinks,3.67,25,91.75,15,77.99,2022-05-12,UAE,Umm Al Quwain,Hypermarket,Male,3.3
SL-01952,Camel milk,19.89,21,417.69,30,292.38,2022-06-16,UAE,Dubai,Convenience Store,Female,4.1
SL-01953,Juice,9.49,22,208.78,25,156.58,2023-11-04,UAE,Ajman,Supermarket,Male,2.8
SL-01954,Laban,5.91,48,283.68,30,198.58,2023-09-16,UAE,Ajman,Convenience Store,Female,3.2
SL-01955,Arabic coffee,11.65,68,792.2,5,752.59,2022-10-01,UAE,Fujairah,Cafe,Female,2.1
SL-01956,Soft drinks,5.26,56,294.56,15,250.38,2024-07-15,UAE,Sharjah,Convenience Store,Female,2.2
SL-01957,Camel milk,19.43,39,757.77,30,530.44,2022-07-04,UAE,Umm Al Quwain,Convenience Store,Male,1.6
SL-01958,Arabic tea,5.92,32,189.44,15,161.02,2024-08-17,UAE,Abu Dhabi,Supermarket,Female,3.0
SL-01959,Arabic coffee,9.0,73,657.0,10,591.3,2020-09-28,UAE,Sharjah,Supermarket,Male,3.5
SL-01960,Arabic tea,3.57,8,28.56,15,24.28,2020-05-05,UAE,Ajman,Online,Male,2.9
SL-01961,Masala chai,7.69,16,123.04,10,110.74,2024-06-11,UAE,Abu Dhabi,Online,Female,3.0
SL-01962,Laban,3.86,56,216.16,30,151.31,2023-10-08,UAE,Abu Dhabi,Convenience Store,Male,4.2
SL-01963,Soft drinks,4.39,76,333.64,15,283.59,2020-02-04,UAE,Umm Al Quwain,Supermarket,Male,1.3
SL-01964,Soft drinks,4.16,64,266.24,0,266.24,2021-12-28,UAE,Umm Al Quwain,Hypermarket,Other,1.0
SL-01965,Camel milk,9.6,47,451.2,25,338.4,2021-11-07,UAE,Fujairah,Convenience Store,Female,1.4
SL-01966,Masala chai,4.65,5,23.25,20,18.6,2022-02-26,UAE,Dubai,Supermarket,Female,4.3
SL-01967,Arabic tea,2.85,51,145.35,30,101.75,2025-11-24,UAE,Ajman,Supermarket,Male,2.2
SL-01968,Camel milk,17.98,37,665.26,5,632.0,2025-10-09,UAE,Dubai,Online,Female,2.0
SL-01969,Camel milk,13.96,29,404.84,25,303.63,2021-10-28,UAE,Sharjah,Supermarket,Male,2.4
SL-01970,Arabic coffee,9.73,58,564.34,10,507.91,2024-06-30,UAE,Ras Al Khaimah,Convenience Store,Male,3.8
SL-01971,Juice,8.84,31,274.04,30,191.83,2025-03-04,UAE,Umm Al Quwain,Convenience Store,Female,1.8
SL-01972,Soft drinks,4.81,5,24.05,0,24.05,2025-01-12,UAE,Dubai,Cafe,Female,1.6
SL-01973,Soft drinks,2.6,10,26.0,10,23.4,2025-05-26,UAE,Umm Al Quwain,Convenience Store,Female,3.3
SL-01974,Juice,6.46,83,536.18,25,402.14,2022-05-09,UAE,Fujairah,Cafe,Female,2.2
SL-01975,Juice,7.94,47,373.18,5,354.52,2022-10-29,UAE,Ajman,Hypermarket,Male,1.2
SL-01976,Juice,5.12,64,327.68,15,278.53,2025-01-15,UAE,Fujairah,Online,Female,4.5
SL-01977,Soft drinks,5.26,96,504.96,25,378.72,2022-01-23,UAE,Ajman,Convenience Store,Female,4.0
SL-01978,Camel milk,18.43,22,405.46,10,364.91,2021-08-29,UAE,Ajman,Supermarket,Male,5.0
SL-01979,Camel milk,18.61,31,576.91,20,461.53,2022-01-09,UAE,Ras Al Khaimah,Online,Female,4.6
SL-01980,Juice,4.23,2,8.46,25,6.34,2020-01-12,UAE,Sharjah,Convenience Store,Female,2.5
SL-01981,Camel milk,13.79,65,896.35,5,851.53,2025-08-30,UAE,Abu Dhabi,Hypermarket,Male,3.6
SL-01982,Masala chai,5.65,68,384.2,20,307.36,2020-06-10,UAE,Ras Al Khaimah,Cafe,Male,4.1
SL-01983,Juice,9.78,76,743.28,20,594.62,2023-03-11,UAE,Sharjah,Cafe,Other,2.8
SL-01984,Masala chai,3.09,76,234.84,25,176.13,2025-03-13,UAE,Umm Al Quwain,Supermarket,Male,4.5
SL-01985,Laban,5.29,41,216.89,30,151.82,2020-06-07,UAE,Ras Al Khaimah,Hypermarket,Male,2.2
SL-01986,Arabic tea,3.15,75,236.25,10,212.63,2022-06-27,UAE,Ajman,Convenience Store,Male,1.9
SL-01987,Arabic tea,4.25,51,216.75,0,216.75,2023-01-25,UAE,Ajman,Supermarket,Female,4.2
SL-01988,Laban,6.26,70,438.2,15,372.47,2023-06-08,UAE,Dubai,Cafe,Female,3.9
SL-01989,Arabic tea,5.0,7,35.0,15,29.75,2021-04-19,UAE,Ras Al Khaimah,Hypermarket,Female,3.2
SL-01990,Arabic tea,3.17,50,158.5,20,126.8,2020-02-28,UAE,Fujairah,Convenience Store,Male,3.6
SL-01991,Arabic coffee,9.3,43,399.9,25,299.93,2022-11-23,UAE,Abu Dhabi,Online,Male,1.5
SL-01992,Soft drinks,4.63,86,398.18,10,358.36,2021-11-02,UAE,Ajman,Hypermarket,Female,1.8
SL-01993,Masala chai,3.49,37,129.13,10,116.22,2021-09-29,UAE,Ras Al Khaimah,Cafe,Female,1.3
SL-01994,Arabic tea,2.61,1,2.61,5,2.48,2025-01-22,UAE,Dubai,Convenience Store,Female,1.5
SL-01995,Masala chai,3.61,99,357.39,30,250.17,2023-02-13,UAE,Umm Al Quwain,Cafe,Male,1.5
SL-01996,Arabic tea,2.42,12,29.04,10,26.14,2022-10-22,UAE,Abu Dhabi,Online,Female,3.2
SL-01997,Arabic coffee,5.18,80,414.4,30,290.08,2023-11-02,UAE,Umm Al Quwain,Supermarket,Other,1.6
SL-01998,Soft drinks,4.09,89,364.01,20,291.21,2023-12-10,UAE,Abu Dhabi,Online,Other,4.0
SL-01999,Camel milk,12.08,50,604.0,30,422.8,2024-07-06,UAE,Umm Al Quwain,Online,Male,3.0
SL-02000,Soft drinks,2.67,80,213.6,25,160.2,2022-07-17,UAE,Ajman,Cafe,Female,1.3
SL-02001,Arabic tea,5.29,100,529.0,15,449.65,2022-03-26,UAE,Ras Al Khaimah,Online,Male,3.6
SL-02002,Camel milk,8.44,25,211.0,0,211.0,2024-03-05,UAE,Ras Al Khaimah,Convenience Store,Male,3.7
SL-02003,Arabic coffee,8.39,96,805.44,30,563.81,2021-01-28,UAE,Dubai,Convenience Store,Female,1.3
SL-02004,Laban,5.08,99,502.92,0,502.92,2023-10-27,UAE,Ras Al Khaimah,Hypermarket,Male,3.2
SL-02005,Camel milk,15.5,5,77.5,30,54.25,2024-10-09,UAE,Umm Al Quwain,Convenience Store,Male,3.1
SL-02006,Masala chai,3.19,14,44.66,0,44.66,2021-09-18,UAE,Sharjah,Hypermarket,Female,4.3
SL-02007,Masala chai,4.7,53,249.1,0,249.1,2023-05-13,UAE,Ras Al Khaimah,Convenience Store,Male,2.2
SL-02008,Juice,4.14,37,153.18,10,137.86,2021-02-14,UAE,Abu Dhabi,Supermarket,Female,4.7
SL-02009,Masala chai,3.57,34,121.38,30,84.97,2022-05-19,UAE,Sharjah,Convenience Store,Female,1.7
SL-02010,Laban,6.2,30,186.0,0,186.0,2020-11-22,UAE,Sharjah,Convenience Store,Female,3.2
SL-02011,Arabic tea,5.56,74,411.44,30,288.01,2023-05-03,UAE,Fujairah,Cafe,Male,3.2
SL-02012,Camel milk,18.74,97,1817.78,0,1817.78,2020-08-01,UAE,Sharjah,Online,Male,2.3
SL-02013,Soft drinks,2.27,76,172.52,0,172.52,2024-07-20,UAE,Dubai,Online,Male,4.2
SL-02014,Laban,3.43,21,72.03,20,57.62,2021-03-01,UAE,Ras Al Khaimah,Hypermarket,Male,1.7
SL-02015,Arabic coffee,13.12,61,800.32,5,760.3,2025-09-18,UAE,Fujairah,Hypermarket,Male,4.8
SL-02016,Soft drinks,5.96,1,5.96,25,4.47,2022-02-07,UAE,Ras Al Khaimah,Convenience Store,Female,3.9
SL-02017,Juice,7.29,8,58.32,15,49.57,2025-12-01,UAE,Abu Dhabi,Cafe,Female,1.8
SL-02018,Masala chai,4.72,52,245.44,20,196.35,2021-05-25,UAE,Ajman,Cafe,Male,2.0
SL-02019,Arabic coffee,9.2,83,763.6,20,610.88,2022-02-22,UAE,Ajman,Supermarket,Female,2.6
SL-02020,Arabic coffee,7.53,17,128.01,20,102.41,2021-06-26,UAE,Abu Dhabi,Cafe,Male,3.7
SL-02021,Arabic coffee,5.4,32,172.8,25,129.6,2022-06-12,UAE,Dubai,Supermarket,Female,1.5
SL-02022,Masala chai,7.8,74,577.2,0,577.2,2020-02-26,UAE,Fujairah,Hypermarket,Female,4.3
SL-02023,Juice,4.64,27,125.28,15,106.49,2024-02-19,UAE,Abu Dhabi,Hypermarket,Female,4.1
SL-02024,Masala chai,7.89,49,386.61,25,289.96,2021-08-20,UAE,Ras Al Khaimah,Convenience Store,Male,1.8
SL-02025,Soft drinks,3.56,25,89.0,30,62.3,2024-11-26,UAE,Fujairah,Hypermarket,Male,4.8
SL-02026,Camel milk,11.03,56,617.68,15,525.03,2025-02-22,UAE,Abu Dhabi,Supermarket,Female,4.3
SL-02027,Laban,4.16,53,220.48,0,220.48,2020-02-26,UAE,Sharjah,Hypermarket,Male,1.7
SL-02028,Juice,8.71,68,592.28,0,592.28,2025-01-14,UAE,Ras Al Khaimah,Online,Male,3.6
SL-02029,Soft drinks,4.75,36,171.0,30,119.7,2024-11-29,UAE,Ajman,Online,Male,2.9
SL-02030,Soft drinks,2.07,31,64.17,25,48.13,2025-09-18,UAE,Ajman,Online,Male,4.8
SL-02031,Arabic coffee,14.34,15,215.1,10,193.59,2023-01-18,UAE,Fujairah,Convenience Store,Female,3.8
SL-02032,Arabic tea,5.29,40,211.6,25,158.7,2021-03-14,UAE,Ajman,Supermarket,Male,4.8
SL-02033,Soft drinks,5.6,33,184.8,30,129.36,2025-12-10,UAE,Abu Dhabi,Cafe,Female,3.3
SL-02034,Soft drinks,4.51,68,306.68,0,306.68,2024-09-15,UAE,Abu Dhabi,Supermarket,Male,3.8
SL-02035,Laban,4.37,62,270.94,5,257.39,2024-10-06,UAE,Abu Dhabi,Supermarket,Female,3.9
SL-02036,Masala chai,6.48,35,226.8,20,181.44,2024-01-01,UAE,Abu Dhabi,Online,Female,4.8
SL-02037,Camel milk,12.56,80,1004.8,5,954.56,2025-04-14,UAE,Abu Dhabi,Convenience Store,Male,2.3
SL-02038,Arabic tea,3.21,43,138.03,15,117.33,2020-11-08,UAE,Abu Dhabi,Online,Female,1.1
SL-02039,Camel milk,14.78,18,266.04,5,252.74,2020-10-24,UAE,Ajman,Supermarket,Male,2.6
SL-02040,Camel milk,16.17,71,1148.07,15,975.86,2024-02-28,UAE,Fujairah,Hypermarket,Male,1.9
SL-02041,Camel milk,8.44,2,16.88,20,13.5,2025-01-16,UAE,Ajman,Supermarket,Other,3.6
SL-02042,Soft drinks,2.37,31,73.47,20,58.78,2022-09-14,UAE,Dubai,Supermarket,Female,4.2
SL-02043,Camel milk,13.71,36,493.56,20,394.85,2022-06-05,UAE,Abu Dhabi,Supermarket,Female,3.0
SL-02044,Arabic tea,4.06,43,174.58,0,174.58,2023-02-11,UAE,Dubai,Cafe,Female,4.7
SL-02045,Camel milk,13.13,45,590.85,10,531.76,2021-02-03,UAE,Umm Al Quwain,Online,Female,1.7
SL-02046,Arabic coffee,10.72,86,921.92,10,829.73,2020-07-04,UAE,Abu Dhabi,Hypermarket,Female,1.9
SL-02047,Arabic coffee,6.79,27,183.33,5,174.16,2022-07-13,UAE,Abu Dhabi,Convenience Store,Male,3.6
SL-02048,Laban,3.54,16,56.64,25,42.48,2023-05-12,UAE,Fujairah,Hypermarket,Male,4.0
SL-02049,Arabic tea,5.43,20,108.6,25,81.45,2024-03-14,UAE,Dubai,Hypermarket,Male,1.0
SL-02050,Camel milk,14.4,88,1267.2,30,887.04,2020-10-26,UAE,Ajman,Supermarket,Male,1.6
SL-02051,Soft drinks,3.66,56,204.96,5,194.71,2025-12-14,UAE,Fujairah,Hypermarket,Male,3.1
SL-02052,Laban,6.6,75,495.0,10,445.5,2022-06-02,UAE,Ajman,Hypermarket,Female,3.4
SL-02053,Juice,6.55,79,517.45,30,362.21,2022-05-27,UAE,Umm Al Quwain,Online,Male,2.0
SL-02054,Arabic coffee,12.98,3,38.94,5,36.99,2021-01-07,UAE,Ajman,Convenience Store,Male,3.1
SL-02055,Arabic tea,4.91,89,436.99,5,415.14,2021-04-08,UAE,Dubai,Hypermarket,Female,3.1
SL-02056,Laban,4.92,84,413.28,20,330.62,2022-08-07,UAE,Fujairah,Hypermarket,Male,1.7
SL-02057,Arabic tea,2.63,7,18.41,20,14.73,2020-12-08,UAE,Umm Al Quwain,Cafe,Female,1.3
SL-02058,Masala chai,5.63,12,67.56,10,60.8,2020-06-29,UAE,Sharjah,Convenience Store,Female,4.3
SL-02059,Juice,6.94,27,187.38,5,178.01,2021-08-28,UAE,Umm Al Quwain,Hypermarket,Female,1.4
SL-02060,Laban,4.77,55,262.35,25,196.76,2025-03-02,UAE,Fujairah,Cafe,Male,4.0
SL-02061,Soft drinks,4.73,44,208.12,0,208.12,2020-04-09,UAE,Dubai,Supermarket,Female,4.1
SL-02062,Arabic tea,6.05,4,24.2,0,24.2,2020-11-28,UAE,Sharjah,Hypermarket,Female,4.2
SL-02063,Camel milk,16.26,62,1008.12,30,705.68,2024-03-01,UAE,Dubai,Online,Female,3.2
SL-02064,Camel milk,17.45,96,1675.2,20,1340.16,2021-04-16,UAE,Dubai,Hypermarket,Other,2.3
SL-02065,Arabic tea,6.57,83,545.31,10,490.78,2021-08-28,UAE,Umm Al Quwain,Convenience Store,Male,1.3
SL-02066,Laban,5.67,70,396.9,15,337.37,2021-09-08,UAE,Sharjah,Online,Female,4.1
SL-02067,Soft drinks,5.3,37,196.1,20,156.88,2025-09-08,UAE,Ras Al Khaimah,Supermarket,Male,2.9
SL-02068,Juice,6.8,6,40.8,20,32.64,2024-03-27,UAE,Dubai,Supermarket,Female,4.5
SL-02069,Masala chai,6.18,12,74.16,10,66.74,2024-03-27,UAE,Fujairah,Cafe,Male,1.6
SL-02070,Laban,3.49,53,184.97,5,175.72,2024-02-22,UAE,Umm Al Quwain,Convenience Store,Female,5.0
SL-02071,Arabic coffee,5.49,40,219.6,30,153.72,2020-06-10,UAE,Abu Dhabi,Cafe,Male,1.2
SL-02072,Arabic coffee,9.7,53,514.1,5,488.4,2025-02-27,UAE,Abu Dhabi,Online,Female,3.5
SL-02073,Laban,4.42,3,13.26,30,9.28,2023-01-01,UAE,Ras Al Khaimah,Cafe,Male,1.3
SL-02074,Arabic tea,2.23,16,35.68,30,24.98,2025-12-07,UAE,Ajman,Convenience Store,Female,1.5
SL-02075,Arabic coffee,5.05,81,409.05,25,306.79,2022-10-16,UAE,Sharjah,Hypermarket,Female,2.9
SL-02076,Laban,3.78,92,347.76,30,243.43,2022-09-19,UAE,Abu Dhabi,Cafe,Female,2.6
SL-02077,Soft drinks,4.69,19,89.11,25,66.83,2025-11-06,UAE,Ajman,Cafe,Female,3.9
SL-02078,Laban,5.58,86,479.88,25,359.91,2024-09-15,UAE,Sharjah,Online,Male,1.1
SL-02079,Arabic tea,5.58,48,267.84,25,200.88,2022-10-28,UAE,Fujairah,Cafe,Male,1.4
SL-02080,Camel milk,13.54,6,81.24,30,56.87,2021-10-03,UAE,Ajman,Convenience Store,Female,3.5
SL-02081,Masala chai,7.73,48,371.04,30,259.73,2024-02-20,UAE,Sharjah,Supermarket,Male,4.2
SL-02082,Masala chai,5.72,24,137.28,10,123.55,2023-06-14,UAE,Abu Dhabi,Supermarket,Female,2.9
SL-02083,Juice,8.75,38,332.5,20,266.0,2022-07-14,UAE,Ras Al Khaimah,Cafe,Female,4.7
SL-02084,Arabic coffee,6.09,31,188.79,20,151.03,2023-02-02,UAE,Fujairah,Cafe,Female,4.3
SL-02085,Masala chai,6.63,18,119.34,15,101.44,2023-04-01,UAE,Ras Al Khaimah,Supermarket,Female,2.4
SL-02086,Arabic coffee,11.39,38,432.82,5,411.18,2023-12-25,UAE,Abu Dhabi,Hypermarket,Male,4.1
SL-02087,Soft drinks,5.31,33,175.23,20,140.18,2021-08-02,UAE,Sharjah,Supermarket,Male,1.9
SL-02088,Arabic tea,2.51,13,32.63,25,24.47,2021-05-21,UAE,Ras Al Khaimah,Online,Female,3.9
SL-02089,Laban,3.19,26,82.94,5,78.79,2022-06-06,UAE,Ras Al Khaimah,Supermarket,Female,1.8
SL-02090,Soft drinks,3.62,42,152.04,5,144.44,2020-12-09,UAE,Dubai,Online,Female,3.9
SL-02091,Arabic tea,5.06,65,328.9,15,279.56,2025-08-12,UAE,Umm Al Quwain,Convenience Store,Other,1.4
SL-02092,Arabic tea,4.04,71,286.84,25,215.13,2022-01-27,UAE,Umm Al Quwain,Cafe,Female,1.0
SL-02093,Soft drinks,5.28,4,21.12,20,16.9,2021-06-07,UAE,Dubai,Convenience Store,Female,1.4
SL-02094,Arabic tea,4.99,2,9.98,5,9.48,2025-07-30,UAE,Fujairah,Online,Male,3.5
SL-02095,Masala chai,6.65,77,512.05,0,512.05,2022-05-25,UAE,Fujairah,Online,Female,4.5
SL-02096,Juice,6.21,45,279.45,5,265.48,2021-05-19,UAE,Dubai,Supermarket,Male,1.3
SL-02097,Arabic tea,4.63,99,458.37,20,366.7,2024-06-14,UAE,Sharjah,Supermarket,Female,1.9
SL-02098,Laban,4.91,4,19.64,20,15.71,2021-10-07,UAE,Abu Dhabi,Online,Male,4.3
SL-02099,Soft drinks,4.43,65,287.95,5,273.55,2024-09-09,UAE,Dubai,Hypermarket,Male,2.3
SL-02100,Camel milk,9.11,5,45.55,25,34.16,2020-06-24,UAE,Fujairah,Convenience Store,Male,3.1
SL-02101,Arabic tea,3.83,3,11.49,30,8.04,2024-10-21,UAE,Umm Al Quwain,Convenience Store,Male,4.7
SL-02102,Juice,9.8,96,940.8,0,940.8,2020-03-14,UAE,Ras Al Khaimah,Supermarket,Male,1.5
SL-02103,Camel milk,19.33,8,154.64,20,123.71,2020-12-28,UAE,Abu Dhabi,Convenience Store,Male,4.5
SL-02104,Arabic tea,6.36,4,25.44,15,21.62,2022-05-21,UAE,Abu Dhabi,Online,Male,4.8
SL-02105,Camel milk,19.43,99,1923.57,5,1827.39,2025-09-16,UAE,Sharjah,Convenience Store,Male,4.3
SL-02106,Laban,3.73,74,276.02,0,276.02,2021-08-07,UAE,Ajman,Online,Male,3.2
SL-02107,Laban,3.84,68,261.12,30,182.78,2022-09-18,UAE,Sharjah,Convenience Store,Female,1.2
SL-02108,Masala chai,7.48,1,7.48,30,5.24,2022-08-30,UAE,Ras Al Khaimah,Online,Female,2.4
SL-02109,Juice,9.18,71,651.78,25,488.84,2024-03-13,UAE,Ras Al Khaimah,Hypermarket,Male,1.8
SL-02110,Laban,5.9,7,41.3,0,41.3,2020-07-13,UAE,Fujairah,Convenience Store,Male,3.8
SL-02111,Laban,4.47,73,326.31,20,261.05,2022-01-14,UAE,Fujairah,Supermarket,Female,2.1
SL-02112,Camel milk,16.58,58,961.64,10,865.48,2024-09-19,UAE,Ras Al Khaimah,Hypermarket,Male,3.4
SL-02113,Arabic tea,5.12,49,250.88,30,175.62,2025-02-11,UAE,Umm Al Quwain,Convenience Store,Female,3.6
SL-02114,Camel milk,18.67,38,709.46,5,673.99,2022-10-13,UAE,Ras Al Khaimah,Convenience Store,Female,3.5
SL-02115,Soft drinks,3.32,14,46.48,10,41.83,2022-03-07,UAE,Dubai,Cafe,Female,3.3
SL-02116,Soft drinks,5.56,14,77.84,5,73.95,2024-10-26,UAE,Umm Al Quwain,Hypermarket,Male,1.6
SL-02117,Juice,7.38,8,59.04,15,50.18,2024-06-18,UAE,Ras Al Khaimah,Supermarket,Other,2.9
SL-02118,Arabic coffee,6.18,98,605.64,15,514.79,2022-07-23,UAE,Dubai,Online,Male,1.9
SL-02119,Laban,5.43,42,228.06,25,171.04,2025-10-31,UAE,Fujairah,Cafe,Female,3.6
SL-02120,Soft drinks,4.63,72,333.36,30,233.35,2024-07-27,UAE,Dubai,Convenience Store,Female,4.6
SL-02121,Arabic coffee,6.18,19,117.42,25,88.06,2021-08-26,UAE,Ras Al Khaimah,Cafe,Male,1.1
SL-02122,Juice,7.54,46,346.84,20,277.47,2024-04-15,UAE,Fujairah,Hypermarket,Male,2.1
SL-02123,Laban,4.51,53,239.03,25,179.27,2024-10-10,UAE,Dubai,Hypermarket,Male,2.9
SL-02124,Camel milk,16.06,88,1413.28,5,1342.62,2023-10-11,UAE,Umm Al Quwain,Hypermarket,Female,2.3
SL-02125,Arabic tea,2.6,25,65.0,30,45.5,2023-06-26,UAE,Sharjah,Online,Female,2.0
SL-02126,Arabic tea,4.55,81,368.55,0,368.55,2022-07-05,UAE,Umm Al Quwain,Supermarket,Female,1.7
SL-02127,Camel milk,8.08,66,533.28,15,453.29,2020-08-13,UAE,Ras Al Khaimah,Online,Female,2.6
SL-02128,Camel milk,18.0,98,1764.0,15,1499.4,2023-10-03,UAE,Ras Al Khaimah,Hypermarket,Male,3.7
SL-02129,Arabic tea,6.85,4,27.4,0,27.4,2023-02-17,UAE,Dubai,Online,Female,3.4
SL-02130,Camel milk,11.52,78,898.56,0,898.56,2021-12-26,UAE,Umm Al Quwain,Convenience Store,Male,2.6
SL-02131,Arabic tea,5.15,26,133.9,30,93.73,2020-07-25,UAE,Ras Al Khaimah,Online,Female,3.5
SL-02132,Arabic coffee,8.68,82,711.76,10,640.58,2023-02-27,UAE,Sharjah,Supermarket,Female,2.8
SL-02133,Juice,4.97,92,457.24,15,388.65,2021-06-16,UAE,Abu Dhabi,Online,Female,2.6
SL-02134,Laban,3.55,3,10.65,20,8.52,2025-04-26,UAE,Umm Al Quwain,Supermarket,Female,3.0
SL-02135,Juice,9.54,21,200.34,20,160.27,2020-04-03,UAE,Fujairah,Cafe,Male,4.1
SL-02136,Juice,9.62,87,836.94,20,669.55,2025-02-02,UAE,Sharjah,Supermarket,Female,1.8
SL-02137,Soft drinks,2.36,17,40.12,10,36.11,2024-07-01,UAE,Sharjah,Hypermarket,Male,4.7
SL-02138,Camel milk,13.61,11,149.71,15,127.25,2021-11-03,UAE,Dubai,Hypermarket,Female,4.6
SL-02139,Arabic coffee,6.02,78,469.56,5,446.08,2022-09-01,UAE,Dubai,Online,Male,4.0
SL-02140,Arabic tea,4.57,86,393.02,10,353.72,2023-11-13,UAE,Abu Dhabi,Online,Female,3.3
SL-02141,Juice,4.73,28,132.44,15,112.57,2020-07-20,UAE,Dubai,Cafe,Male,2.1
SL-02142,Arabic coffee,14.61,75,1095.75,10,986.17,2020-06-25,UAE,Dubai,Hypermarket,Female,2.2
SL-02143,Arabic tea,2.47,36,88.92,10,80.03,2021-02-20,UAE,Dubai,Hypermarket,Male,3.7
SL-02144,Juice,6.82,14,95.48,5,90.71,2022-02-03,UAE,Ajman,Online,Female,1.7
SL-02145,Camel milk,8.17,21,171.57,25,128.68,2022-01-17,UAE,Dubai,Online,Female,3.4
SL-02146,Camel milk,15.54,34,528.36,20,422.69,2025-07-05,UAE,Ajman,Hypermarket,Female,2.4
SL-02147,Arabic tea,5.66,78,441.48,15,375.26,2022-09-22,UAE,Abu Dhabi,Online,Female,1.9
SL-02148,Camel milk,18.18,23,418.14,20,334.51,2025-01-15,UAE,Fujairah,Convenience Store,Male,2.4
SL-02149,Arabic coffee,5.23,90,470.7,20,376.56,2021-05-02,UAE,Ras Al Khaimah,Online,Male,4.7
SL-02150,Juice,6.87,8,54.96,15,46.72,2021-08-23,UAE,Umm Al Quwain,Online,Male,2.6
SL-02151,Arabic tea,5.96,47,280.12,30,196.08,2021-12-01,UAE,Dubai,Online,Female,1.3
SL-02152,Soft drinks,2.9,45,130.5,10,117.45,2024-02-08,UAE,Fujairah,Hypermarket,Male,2.6
SL-02153,Camel milk,17.33,70,1213.1,15,1031.13,2020-10-25,UAE,Dubai,Convenience Store,Male,1.6
SL-02154,Laban,5.61,23,129.03,0,129.03,2025-02-13,UAE,Ras Al Khaimah,Hypermarket,Male,2.6
SL-02155,Arabic tea,4.97,6,29.82,20,23.86,2024-10-27,UAE,Ras Al Khaimah,Cafe,Female,2.1
SL-02156,Laban,5.44,37,201.28,30,140.9,2020-06-03,UAE,Ras Al Khaimah,Supermarket,Female,1.5
SL-02157,Arabic tea,3.65,5,18.25,20,14.6,2022-10-24,UAE,Fujairah,Hypermarket,Female,3.2
SL-02158,Laban,6.88,83,571.04,5,542.49,2025-09-28,UAE,Sharjah,Cafe,Male,3.9
SL-02159,Laban,5.52,83,458.16,0,458.16,2025-02-18,UAE,Sharjah,Convenience Store,Male,3.2
SL-02160,Arabic tea,5.76,5,28.8,25,21.6,2022-08-21,UAE,Fujairah,Online,Male,4.7
SL-02161,Laban,4.61,50,230.5,15,195.92,2020-04-17,UAE,Abu Dhabi,Cafe,Female,3.6
SL-02162,Laban,4.81,49,235.69,30,164.98,2025-03-04,UAE,Dubai,Cafe,Male,3.5
SL-02163,Juice,7.66,64,490.24,15,416.7,2024-11-22,UAE,Ras Al Khaimah,Hypermarket,Female,3.3
SL-02164,Laban,4.99,20,99.8,30,69.86,2025-07-16,UAE,Umm Al Quwain,Hypermarket,Male,3.3
SL-02165,Arabic coffee,5.38,83,446.54,20,357.23,2022-08-30,UAE,Sharjah,Cafe,Male,3.6
SL-02166,Masala chai,3.26,35,114.1,0,114.1,2023-09-21,UAE,Fujairah,Convenience Store,Female,2.6
SL-02167,Arabic coffee,9.57,5,47.85,0,47.85,2021-12-21,UAE,Fujairah,Supermarket,Male,4.6
SL-02168,Arabic tea,5.73,48,275.04,10,247.54,2024-06-02,UAE,Sharjah,Hypermarket,Female,2.6
SL-02169,Soft drinks,2.56,79,202.24,10,182.02,2025-12-21,UAE,Abu Dhabi,Hypermarket,Female,1.5
SL-02170,Arabic coffee,10.76,35,376.6,30,263.62,2021-02-26,UAE,Ajman,Hypermarket,Female,1.8
SL-02171,Masala chai,5.02,34,170.68,0,170.68,2025-06-02,UAE,Fujairah,Convenience Store,Male,4.0
SL-02172,Soft drinks,5.66,44,249.04,15,211.68,2022-06-26,UAE,Abu Dhabi,Cafe,Male,4.8
SL-02173,Arabic tea,5.47,44,240.68,20,192.54,2025-08-28,UAE,Ras Al Khaimah,Convenience Store,Male,4.4
SL-02174,Camel milk,14.72,51,750.72,10,675.65,2022-12-12,UAE,Sharjah,Supermarket,Female,3.0
SL-02175,Juice,9.7,72,698.4,10,628.56,2023-03-22,UAE,Dubai,Cafe,Male,3.0
SL-02176,Arabic tea,3.31,1,3.31,5,3.14,2025-09-29,UAE,Sharjah,Cafe,Male,3.7
SL-02177,Arabic tea,4.88,15,73.2,15,62.22,2023-09-28,UAE,Ras Al Khaimah,Online,Male,1.8
SL-02178,Laban,3.94,5,19.7,0,19.7,2023-08-25,UAE,Umm Al Quwain,Convenience Store,Male,2.2
SL-02179,Masala chai,5.27,42,221.34,30,154.94,2024-02-08,UAE,Sharjah,Hypermarket,Male,3.9
SL-02180,Laban,6.54,54,353.16,15,300.19,2025-01-06,UAE,Fujairah,Cafe,Male,4.2
SL-02181,Arabic tea,3.59,3,10.77,20,8.62,2021-03-22,UAE,Sharjah,Hypermarket,Female,3.6
SL-02182,Masala chai,7.75,12,93.0,0,93.0,2025-12-07,UAE,Umm Al Quwain,Convenience Store,Male,2.5
SL-02183,Camel milk,16.35,68,1111.8,15,945.03,2025-05-11,UAE,Ras Al Khaimah,Supermarket,Female,4.3
SL-02184,Camel milk,11.26,17,191.42,5,181.85,2023-11-27,UAE,Umm Al Quwain,Cafe,Female,4.4
SL-02185,Juice,4.98,18,89.64,10,80.68,2025-09-05,UAE,Ras Al Khaimah,Online,Male,4.8
SL-02186,Juice,8.75,58,507.5,20,406.0,2025-07-11,UAE,Ajman,Convenience Store,Male,1.7
SL-02187,Arabic coffee,8.38,44,368.72,25,276.54,2024-09-24,UAE,Fujairah,Convenience Store,Female,2.4
SL-02188,Masala chai,6.98,41,286.18,30,200.33,2023-06-01,UAE,Fujairah,Cafe,Male,3.0
SL-02189,Laban,6.64,11,73.04,30,51.13,2020-01-26,UAE,Fujairah,Online,Other,1.1
SL-02190,Camel milk,8.51,40,340.4,10,306.36,2020-10-24,UAE,Fujairah,Hypermarket,Female,4.5
SL-02191,Soft drinks,2.52,15,37.8,30,26.46,2023-10-24,UAE,Sharjah,Convenience Store,Male,1.0
SL-02192,Juice,4.2,27,113.4,25,85.05,2021-02-15,UAE,Fujairah,Online,Female,1.7
SL-02193,Masala chai,4.52,67,302.84,20,242.27,2025-07-02,UAE,Ras Al Khaimah,Online,Male,3.5
SL-02194,Soft drinks,4.0,89,356.0,5,338.2,2023-04-13,UAE,Ajman,Online,Female,4.2
SL-02195,Arabic coffee,9.13,96,876.48,0,876.48,2021-11-17,UAE,Abu Dhabi,Convenience Store,Female,4.9
SL-02196,Masala chai,4.44,9,39.96,20,31.97,2021-03-09,UAE,Abu Dhabi,Hypermarket,Female,4.2
SL-02197,Arabic coffee,6.34,9,57.06,5,54.21,2020-01-30,UAE,Abu Dhabi,Cafe,Male,4.4
SL-02198,Arabic coffee,8.05,12,96.6,0,96.6,2024-08-28,UAE,Ajman,Supermarket,Female,3.1
SL-02199,Masala chai,5.45,27,147.15,25,110.36,2025-04-15,UAE,Ras Al Khaimah,Online,Male,3.1
SL-02200,Juice,7.11,12,85.32,25,63.99,2025-05-20,UAE,Ajman,Hypermarket,Female,4.6
SL-02201,Juice,5.93,96,569.28,10,512.35,2020-05-13,UAE,Ras Al Khaimah,Convenience Store,Male,2.5
SL-02202,Masala chai,3.71,12,44.52,20,35.62,2022-09-14,UAE,Umm Al Quwain,Online,Male,3.6
SL-02203,Arabic coffee,6.02,7,42.14,20,33.71,2025-04-04,UAE,Umm Al Quwain,Hypermarket,Female,4.8
SL-02204,Soft drinks,2.25,88,198.0,5,188.1,2022-02-01,UAE,Abu Dhabi,Online,Female,3.9
SL-02205,Arabic tea,6.63,42,278.46,5,264.54,2022-05-26,UAE,Abu Dhabi,Hypermarket,Female,3.3
SL-02206,Arabic coffee,9.12,22,200.64,0,200.64,2020-11-04,UAE,Fujairah,Online,Female,3.6
SL-02207,Arabic coffee,8.03,71,570.13,20,456.1,2024-01-29,UAE,Abu Dhabi,Hypermarket,Female,2.3
SL-02208,Arabic coffee,14.64,74,1083.36,30,758.35,2022-12-28,UAE,Ras Al Khaimah,Hypermarket,Male,4.8
SL-02209,Juice,4.73,93,439.89,25,329.92,2023-04-02,UAE,Ajman,Online,Male,4.2
SL-02210,Soft drinks,5.77,74,426.98,10,384.28,2025-08-02,UAE,Sharjah,Convenience Store,Female,4.8
SL-02211,Laban,5.86,15,87.9,5,83.51,2024-12-02,UAE,Ajman,Cafe,Female,4.4
SL-02212,Camel milk,10.24,23,235.52,15,200.19,2025-04-03,UAE,Dubai,Hypermarket,Male,2.0
SL-02213,Arabic tea,4.64,64,296.96,25,222.72,2023-08-31,UAE,Dubai,Hypermarket,Female,4.6
SL-02214,Soft drinks,4.32,72,311.04,20,248.83,2021-02-07,UAE,Abu Dhabi,Hypermarket,Male,4.2
SL-02215,Soft drinks,5.17,51,263.67,25,197.75,2020-07-01,UAE,Umm Al Quwain,Supermarket,Female,1.7
SL-02216,Masala chai,6.8,63,428.4,20,342.72,2024-11-30,UAE,Umm Al Quwain,Online,Female,3.0
SL-02217,Masala chai,6.42,89,571.38,25,428.54,2022-08-27,UAE,Fujairah,Convenience Store,Female,2.4
SL-02218,Arabic coffee,10.35,8,82.8,30,57.96,2023-05-22,UAE,Umm Al Quwain,Supermarket,Male,2.1
SL-02219,Soft drinks,5.69,83,472.27,0,472.27,2021-03-24,UAE,Umm Al Quwain,Cafe,Female,3.3
SL-02220,Juice,4.4,21,92.4,5,87.78,2020-04-03,UAE,Umm Al Quwain,Cafe,Female,4.5
SL-02221,Arabic tea,2.75,74,203.5,5,193.32,2021-01-13,UAE,Umm Al Quwain,Cafe,Female,3.7
SL-02222,Masala chai,3.99,36,143.64,25,107.73,2022-03-15,UAE,Umm Al Quwain,Cafe,Male,3.4
SL-02223,Camel milk,14.92,61,910.12,0,910.12,2021-04-16,UAE,Abu Dhabi,Cafe,Female,3.4
SL-02224,Soft drinks,3.59,82,294.38,5,279.66,2025-02-28,UAE,Fujairah,Hypermarket,Male,1.6
SL-02225,Juice,6.8,85,578.0,5,549.1,2020-12-31,UAE,Dubai,Supermarket,Female,4.0
SL-02226,Camel milk,9.35,52,486.2,0,486.2,2020-05-10,UAE,Abu Dhabi,Hypermarket,Male,3.5
SL-02227,Juice,4.82,44,212.08,25,159.06,2022-03-21,UAE,Fujairah,Cafe,Female,4.7
SL-02228,Laban,5.99,28,167.72,0,167.72,2022-05-03,UAE,Sharjah,Cafe,Male,2.5
SL-02229,Laban,3.05,23,70.15,15,59.63,2023-03-01,UAE,Fujairah,Convenience Store,Female,1.4
SL-02230,Soft drinks,2.4,37,88.8,0,88.8,2021-07-29,UAE,Umm Al Quwain,Cafe,Female,3.5
SL-02231,Masala chai,7.3,74,540.2,25,405.15,2021-06-11,UAE,Sharjah,Hypermarket,Male,2.1
SL-02232,Camel milk,18.08,76,1374.08,5,1305.38,2024-04-07,UAE,Fujairah,Convenience Store,Other,2.4
SL-02233,Arabic tea,5.95,95,565.25,25,423.94,2023-11-15,UAE,Fujairah,Supermarket,Female,1.9
SL-02234,Soft drinks,5.12,75,384.0,15,326.4,2025-02-01,UAE,Umm Al Quwain,Supermarket,Female,1.9
SL-02235,Camel milk,9.7,25,242.5,15,206.12,2023-06-11,UAE,Sharjah,Cafe,Male,2.5
SL-02236,Arabic tea,6.62,28,185.36,30,129.75,2021-10-01,UAE,Dubai,Convenience Store,Female,4.6
SL-02237,Camel milk,9.69,62,600.78,0,600.78,2022-08-03,UAE,Ajman,Supermarket,Male,1.6
SL-02238,Laban,4.98,8,39.84,5,37.85,2020-12-15,UAE,Ras Al Khaimah,Cafe,Male,3.9
SL-02239,Juice,6.56,76,498.56,0,498.56,2025-12-15,UAE,Ajman,Hypermarket,Male,4.4
SL-02240,Arabic coffee,14.45,14,202.3,10,182.07,2020-02-01,UAE,Sharjah,Convenience Store,Female,1.6
SL-02241,Soft drinks,4.8,37,177.6,0,177.6,2024-07-19,UAE,Abu Dhabi,Supermarket,Male,3.5
SL-02242,Juice,7.39,99,731.61,25,548.71,2020-09-22,UAE,Ajman,Convenience Store,Male,4.1
SL-02243,Masala chai,5.21,87,453.27,30,317.29,2022-10-05,UAE,Sharjah,Convenience Store,Male,4.4
SL-02244,Masala chai,5.4,14,75.6,5,71.82,2020-06-29,UAE,Umm Al Quwain,Convenience Store,Male,1.0
SL-02245,Laban,3.24,16,51.84,30,36.29,2024-08-16,UAE,Umm Al Quwain,Cafe,Male,1.8
SL-02246,Laban,3.92,58,227.36,15,193.26,2020-06-23,UAE,Sharjah,Supermarket,Male,2.7
SL-02247,Laban,3.05,13,39.65,30,27.76,2020-05-04,UAE,Fujairah,Convenience Store,Male,1.6
SL-02248,Arabic tea,5.6,44,246.4,25,184.8,2024-07-31,UAE,Dubai,Online,Male,3.0
SL-02249,Juice,4.61,7,32.27,15,27.43,2023-03-24,UAE,Fujairah,Hypermarket,Male,4.9
SL-02250,Masala chai,7.85,36,282.6,15,240.21,2022-03-16,UAE,Sharjah,Hypermarket,Female,1.7
SL-02251,Camel milk,8.21,56,459.76,5,436.77,2025-01-04,UAE,Sharjah,Cafe,Female,3.7
SL-02252,Juice,8.22,77,632.94,10,569.65,2023-09-29,UAE,Ajman,Supermarket,Male,3.2
SL-02253,Soft drinks,6.0,100,600.0,5,570.0,2024-12-05,UAE,Ras Al Khaimah,Online,Male,4.2
SL-02254,Masala chai,7.19,51,366.69,15,311.69,2025-11-18,UAE,Umm Al Quwain,Hypermarket,Male,3.3
SL-02255,Soft drinks,5.32,90,478.8,30,335.16,2024-07-08,UAE,Ajman,Supermarket,Male,4.9
SL-02256,Juice,6.55,40,262.0,10,235.8,2021-04-22,UAE,Fujairah,Cafe,Male,1.3
SL-02257,Camel milk,13.36,63,841.68,25,631.26,2022-12-11,UAE,Ajman,Supermarket,Female,1.1
SL-02258,Laban,3.94,99,390.06,20,312.05,2023-01-09,UAE,Dubai,Cafe,Female,4.4
SL-02259,Laban,3.01,32,96.32,25,72.24,2022-11-12,UAE,Fujairah,Supermarket,Male,1.7
SL-02260,Laban,5.44,5,27.2,30,19.04,2025-07-28,UAE,Ras Al Khaimah,Convenience Store,Female,3.4
SL-02261,Juice,8.7,68,591.6,15,502.86,2024-12-03,UAE,Fujairah,Hypermarket,Female,1.8
SL-02262,Arabic coffee,6.2,54,334.8,15,284.58,2024-04-13,UAE,Ras Al Khaimah,Cafe,Female,1.4
SL-02263,Camel milk,9.78,63,616.14,10,554.53,2022-08-13,UAE,Dubai,Online,Male,2.1
SL-02264,Arabic tea,2.87,42,120.54,15,102.46,2023-03-30,UAE,Abu Dhabi,Hypermarket,Female,4.9
SL-02265,Laban,5.27,15,79.05,20,63.24,2022-12-17,UAE,Ajman,Supermarket,Male,4.3
SL-02266,Soft drinks,5.53,85,470.05,5,446.55,2021-12-03,UAE,Dubai,Hypermarket,Male,3.1
SL-02267,Camel milk,9.07,8,72.56,30,50.79,2022-11-28,UAE,Abu Dhabi,Supermarket,Female,3.6
SL-02268,Camel milk,18.2,70,1274.0,30,891.8,2025-10-02,UAE,Dubai,Hypermarket,Male,3.8
SL-02269,Laban,5.02,100,502.0,20,401.6,2024-12-25,UAE,Ajman,Hypermarket,Female,1.3
SL-02270,Camel milk,16.77,69,1157.13,20,925.7,2025-09-12,UAE,Fujairah,Cafe,Female,4.7
SL-02271,Camel milk,17.78,10,177.8,20,142.24,2021-05-07,UAE,Ajman,Convenience Store,Male,1.6
SL-02272,Juice,9.68,46,445.28,20,356.22,2025-09-07,UAE,Ras Al Khaimah,Hypermarket,Female,2.8
SL-02273,Masala chai,5.19,2,10.38,20,8.3,2020-07-10,UAE,Abu Dhabi,Supermarket,Female,2.0
SL-02274,Juice,6.85,61,417.85,25,313.39,2020-12-14,UAE,Dubai,Hypermarket,Female,2.5
SL-02275,Masala chai,5.98,12,71.76,30,50.23,2025-08-08,UAE,Fujairah,Supermarket,Female,3.0
SL-02276,Arabic coffee,13.17,35,460.95,30,322.67,2025-08-29,UAE,Abu Dhabi,Cafe,Female,3.2
SL-02277,Soft drinks,3.85,97,373.45,15,317.43,2020-06-25,UAE,Ras Al Khaimah,Online,Female,1.2
SL-02278,Laban,4.42,92,406.64,0,406.64,2023-12-23,UAE,Sharjah,Supermarket,Female,2.7
SL-02279,Juice,4.26,71,302.46,25,226.85,2022-07-07,UAE,Abu Dhabi,Hypermarket,Male,3.7
SL-02280,Masala chai,6.61,46,304.06,0,304.06,2024-06-18,UAE,Umm Al Quwain,Online,Female,4.4
SL-02281,Soft drinks,3.17,6,19.02,20,15.22,2022-10-15,UAE,Ajman,Convenience Store,Female,2.5
SL-02282,Arabic coffee,7.65,79,604.35,15,513.7,2020-09-22,UAE,Dubai,Convenience Store,Male,2.2
SL-02283,Juice,4.07,72,293.04,10,263.74,2023-12-27,UAE,Dubai,Online,Male,4.9
SL-02284,Laban,6.04,81,489.24,15,415.85,2022-06-28,UAE,Sharjah,Cafe,Female,1.0
SL-02285,Masala chai,5.67,69,391.23,25,293.42,2021-07-17,UAE,Ras Al Khaimah,Hypermarket,Female,4.5
SL-02286,Masala chai,4.98,20,99.6,30,69.72,2020-03-31,UAE,Ras Al Khaimah,Online,Female,1.3
SL-02287,Laban,6.33,12,75.96,10,68.36,2022-10-13,UAE,Dubai,Hypermarket,Other,1.5
SL-02288,Masala chai,6.31,77,485.87,25,364.4,2024-07-26,UAE,Umm Al Quwain,Hypermarket,Other,4.5
SL-02289,Camel milk,10.79,61,658.19,25,493.64,2020-06-28,UAE,Ajman,Supermarket,Male,4.9
SL-02290,Masala chai,4.61,66,304.26,0,304.26,2021-11-09,UAE,Ajman,Convenience Store,Female,3.8
SL-02291,Masala chai,7.53,36,271.08,30,189.76,2021-02-02,UAE,Sharjah,Online,Male,1.5
SL-02292,Juice,5.91,5,29.55,30,20.68,2024-09-01,UAE,Abu Dhabi,Convenience Store,Male,4.2
SL-02293,Juice,9.07,61,553.27,30,387.29,2020-09-24,UAE,Fujairah,Online,Female,4.7
SL-02294,Arabic tea,4.58,90,412.2,10,370.98,2020-06-20,UAE,Ras Al Khaimah,Cafe,Female,3.2
SL-02295,Laban,5.16,94,485.04,0,485.04,2021-01-31,UAE,Umm Al Quwain,Online,Male,3.2
SL-02296,Masala chai,3.4,35,119.0,15,101.15,2022-01-26,UAE,Ras Al Khaimah,Supermarket,Female,4.4
SL-02297,Juice,7.76,34,263.84,20,211.07,2022-10-16,UAE,Ajman,Cafe,Female,3.5
SL-02298,Arabic coffee,14.75,51,752.25,25,564.19,2024-04-10,UAE,Ras Al Khaimah,Cafe,Male,4.7
SL-02299,Laban,4.25,12,51.0,10,45.9,2020-07-20,UAE,Sharjah,Cafe,Male,2.3
SL-02300,Camel milk,9.49,18,170.82,25,128.12,2025-05-10,UAE,Ras Al Khaimah,Hypermarket,Male,3.7
SL-02301,Masala chai,4.23,49,207.27,25,155.45,2024-09-26,UAE,Dubai,Convenience Store,Male,2.9
SL-02302,Arabic coffee,12.28,30,368.4,30,257.88,2024-06-05,UAE,Ras Al Khaimah,Cafe,Female,3.2
SL-02303,Soft drinks,3.68,32,117.76,15,100.1,2023-09-04,UAE,Fujairah,Hypermarket,Male,3.3
SL-02304,Masala chai,6.0,49,294.0,15,249.9,2023-05-18,UAE,Dubai,Supermarket,Male,3.6
SL-02305,Arabic tea,2.68,68,182.24,20,145.79,2024-03-16,UAE,Sharjah,Hypermarket,Male,4.7
SL-02306,Arabic coffee,13.65,95,1296.75,30,907.73,2020-07-23,UAE,Ras Al Khaimah,Cafe,Male,3.0
SL-02307,Masala chai,6.95,34,236.3,5,224.49,2025-06-30,UAE,Dubai,Convenience Store,Male,4.5
SL-02308,Arabic tea,4.22,69,291.18,0,291.18,2023-07-30,UAE,Ras Al Khaimah,Online,Female,2.2
SL-02309,Soft drinks,2.77,65,180.05,30,126.03,2024-02-22,UAE,Ras Al Khaimah,Supermarket,Male,2.0
SL-02310,Masala chai,6.99,49,342.51,30,239.76,2023-03-30,UAE,Abu Dhabi,Hypermarket,Female,2.3
SL-02311,Camel milk,9.3,81,753.3,10,677.97,2020-02-07,UAE,Ras Al Khaimah,Cafe,Male,4.7
SL-02312,Arabic coffee,14.32,55,787.6,5,748.22,2022-01-11,UAE,Umm Al Quwain,Hypermarket,Male,1.6
SL-02313,Arabic tea,5.99,55,329.45,15,280.03,2023-07-18,UAE,Fujairah,Online,Male,1.5
SL-02314,Laban,3.27,4,13.08,0,13.08,2021-01-13,UAE,Dubai,Hypermarket,Male,4.9
SL-02315,Masala chai,7.55,65,490.75,30,343.53,2020-09-02,UAE,Sharjah,Cafe,Female,3.6
SL-02316,Camel milk,17.13,69,1181.97,0,1181.97,2025-05-24,UAE,Dubai,Online,Female,4.9
SL-02317,Arabic coffee,9.95,72,716.4,5,680.58,2024-01-07,UAE,Abu Dhabi,Supermarket,Male,3.4
SL-02318,Juice,9.58,2,19.16,30,13.41,2022-12-13,UAE,Sharjah,Online,Male,3.9
SL-02319,Arabic tea,2.82,55,155.1,0,155.1,2025-12-05,UAE,Abu Dhabi,Supermarket,Female,1.2
SL-02320,Masala chai,4.14,98,405.72,15,344.86,2024-04-29,UAE,Sharjah,Hypermarket,Male,3.8
SL-02321,Arabic tea,5.76,7,40.32,15,34.27,2024-02-18,UAE,Ras Al Khaimah,Convenience Store,Female,3.5
SL-02322,Masala chai,7.74,23,178.02,10,160.22,2022-08-10,UAE,Abu Dhabi,Supermarket,Female,3.8
SL-02323,Laban,4.3,33,141.9,10,127.71,2024-10-24,UAE,Umm Al Quwain,Convenience Store,Male,3.7
SL-02324,Masala chai,4.53,48,217.44,10,195.7,2022-03-17,UAE,Fujairah,Online,Male,1.6
SL-02325,Arabic tea,6.4,15,96.0,5,91.2,2023-03-15,UAE,Abu Dhabi,Hypermarket,Female,4.9
SL-02326,Arabic tea,4.69,98,459.62,25,344.71,2020-12-13,UAE,Fujairah,Online,Female,3.5
SL-02327,Juice,6.63,100,663.0,15,563.55,2021-11-12,UAE,Umm Al Quwain,Hypermarket,Male,2.2
SL-02328,Juice,5.02,25,125.5,30,87.85,2020-10-25,UAE,Umm Al Quwain,Cafe,Female,3.7
SL-02329,Juice,6.12,2,12.24,25,9.18,2024-05-04,UAE,Ras Al Khaimah,Supermarket,Female,1.3
SL-02330,Soft drinks,5.31,33,175.23,10,157.71,2022-07-29,UAE,Fujairah,Hypermarket,Male,3.4
SL-02331,Masala chai,6.6,65,429.0,30,300.3,2022-07-29,UAE,Abu Dhabi,Convenience Store,Female,1.9
SL-02332,Masala chai,3.06,90,275.4,30,192.78,2024-06-11,UAE,Fujairah,Supermarket,Female,3.9
SL-02333,Juice,6.85,37,253.45,20,202.76,2022-11-06,UAE,Dubai,Online,Male,1.7
SL-02334,Masala chai,7.58,47,356.26,10,320.63,2025-12-31,UAE,Sharjah,Online,Male,3.1
SL-02335,Masala chai,6.44,61,392.84,20,314.27,2021-03-14,UAE,Ras Al Khaimah,Hypermarket,Male,4.1
SL-02336,Camel milk,15.7,84,1318.8,30,923.16,2021-08-25,UAE,Umm Al Quwain,Convenience Store,Male,3.4
SL-02337,Laban,4.83,65,313.95,20,251.16,2024-10-09,UAE,Fujairah,Convenience Store,Female,3.9
SL-02338,Laban,5.11,100,511.0,5,485.45,2023-07-12,UAE,Umm Al Quwain,Cafe,Male,5.0
SL-02339,Juice,7.47,18,134.46,30,94.12,2021-07-17,UAE,Ajman,Supermarket,Male,2.8
SL-02340,Masala chai,4.88,5,24.4,30,17.08,2022-10-31,UAE,Dubai,Cafe,Female,4.9
SL-02341,Soft drinks,3.07,27,82.89,30,58.02,2022-08-22,UAE,Ras Al Khaimah,Hypermarket,Female,1.7
SL-02342,Soft drinks,4.27,14,59.78,5,56.79,2021-10-05,UAE,Dubai,Cafe,Female,2.6
SL-02343,Laban,3.84,23,88.32,20,70.66,2022-05-18,UAE,Umm Al Quwain,Cafe,Female,3.8
SL-02344,Soft drinks,2.58,6,15.48,30,10.84,2020-01-09,UAE,Dubai,Supermarket,Male,1.7
SL-02345,Camel milk,8.76,67,586.92,15,498.88,2020-05-02,UAE,Ajman,Online,Male,1.2
SL-02346,Laban,6.37,77,490.49,25,367.87,2024-05-01,UAE,Umm Al Quwain,Cafe,Female,3.7
SL-02347,Camel milk,8.13,11,89.43,30,62.6,2023-03-28,UAE,Sharjah,Hypermarket,Male,4.2
SL-02348,Camel milk,19.01,31,589.31,20,471.45,2020-12-14,UAE,Sharjah,Convenience Store,Female,3.6
SL-02349,Laban,5.04,7,35.28,30,24.7,2021-07-20,UAE,Ajman,Convenience Store,Male,4.0
SL-02350,Soft drinks,3.26,53,172.78,30,120.95,2020-05-22,UAE,Ras Al Khaimah,Convenience Store,Female,4.2
SL-02351,Camel milk,10.38,99,1027.62,0,1027.62,2023-02-16,UAE,Ajman,Online,Female,1.0
SL-02352,Masala chai,7.76,76,589.76,15,501.3,2020-07-07,UAE,Ajman,Supermarket,Male,4.6
SL-02353,Juice,6.6,86,567.6,15,482.46,2024-05-28,UAE,Ajman,Convenience Store,Male,1.1
SL-02354,Masala chai,4.5,12,54.0,25,40.5,2025-01-04,UAE,Dubai,Hypermarket,Other,1.0
SL-02355,Laban,4.3,52,223.6,20,178.88,2020-06-20,UAE,Umm Al Quwain,Cafe,Male,3.5
SL-02356,Laban,5.46,48,262.08,30,183.46,2023-04-20,UAE,Ras Al Khaimah,Hypermarket,Male,3.2
SL-02357,Laban,3.56,69,245.64,25,184.23,2025-02-23,UAE,Ras Al Khaimah,Cafe,Female,1.6
SL-02358,Arabic tea,2.08,30,62.4,20,49.92,2021-04-29,UAE,Ajman,Cafe,Female,4.6
SL-02359,Juice,7.17,88,630.96,25,473.22,2020-05-05,UAE,Fujairah,Online,Female,1.3
SL-02360,Masala chai,7.01,55,385.55,5,366.27,2024-03-24,UAE,Sharjah,Online,Female,3.3
SL-02361,Camel milk,16.32,31,505.92,5,480.62,2024-01-08,UAE,Dubai,Supermarket,Male,4.5
SL-02362,Juice,9.1,81,737.1,20,589.68,2020-03-01,UAE,Ras Al Khaimah,Cafe,Female,1.7
SL-02363,Masala chai,7.89,71,560.19,30,392.13,2020-10-25,UAE,Dubai,Cafe,Male,1.6
SL-02364,Arabic tea,4.3,43,184.9,20,147.92,2021-01-04,UAE,Sharjah,Supermarket,Male,2.8
SL-02365,Arabic coffee,12.48,63,786.24,10,707.62,2021-08-15,UAE,Ajman,Cafe,Male,1.3
SL-02366,Masala chai,3.46,92,318.32,20,254.66,2021-07-31,UAE,Ajman,Hypermarket,Male,1.7
SL-02367,Laban,6.77,43,291.11,20,232.89,2022-12-18,UAE,Ras Al Khaimah,Supermarket,Male,4.2
SL-02368,Arabic coffee,12.31,35,430.85,5,409.31,2025-06-14,UAE,Dubai,Cafe,Male,2.2
SL-02369,Arabic tea,6.18,41,253.38,15,215.37,2021-08-02,UAE,Umm Al Quwain,Cafe,Male,4.4
SL-02370,Soft drinks,5.38,47,252.86,15,214.93,2020-07-22,UAE,Umm Al Quwain,Supermarket,Female,1.1
SL-02371,Camel milk,15.59,29,452.11,25,339.08,2021-12-04,UAE,Sharjah,Online,Male,1.2
SL-02372,Soft drinks,5.31,36,191.16,30,133.81,2023-09-05,UAE,Umm Al Quwain,Online,Other,3.0
SL-02373,Arabic coffee,13.85,36,498.6,0,498.6,2025-10-17,UAE,Dubai,Supermarket,Male,3.6
SL-02374,Soft drinks,2.64,34,89.76,25,67.32,2020-10-23,UAE,Ajman,Hypermarket,Male,5.0
SL-02375,Juice,9.65,70,675.5,30,472.85,2023-12-10,UAE,Umm Al Quwain,Convenience Store,Male,1.3
SL-02376,Laban,5.57,97,540.29,0,540.29,2021-12-30,UAE,Dubai,Supermarket,Female,4.9
SL-02377,Arabic tea,4.32,14,60.48,30,42.34,2020-06-27,UAE,Fujairah,Supermarket,Male,2.7
SL-02378,Arabic coffee,8.63,57,491.91,0,491.91,2025-03-08,UAE,Umm Al Quwain,Cafe,Male,1.2
SL-02379,Camel milk,17.72,76,1346.72,10,1212.05,2020-12-20,UAE,Fujairah,Supermarket,Male,2.9
SL-02380,Laban,5.3,40,212.0,20,169.6,2021-07-30,UAE,Fujairah,Convenience Store,Female,1.9
SL-02381,Arabic tea,4.84,60,290.4,15,246.84,2024-08-15,UAE,Ras Al Khaimah,Cafe,Female,4.5
SL-02382,Masala chai,3.66,33,120.78,10,108.7,2025-10-09,UAE,Ajman,Supermarket,Male,3.9
SL-02383,Soft drinks,5.91,26,153.66,30,107.56,2020-10-16,UAE,Sharjah,Cafe,Male,4.6
SL-02384,Camel milk,11.09,6,66.54,5,63.21,2022-01-20,UAE,Sharjah,Cafe,Female,2.6
SL-02385,Camel milk,13.62,38,517.56,5,491.68,2022-09-18,UAE,Umm Al Quwain,Convenience Store,Male,3.1
SL-02386,Masala chai,7.36,20,147.2,15,125.12,2024-11-18,UAE,Ras Al Khaimah,Supermarket,Male,2.1
SL-02387,Camel milk,16.94,58,982.52,5,933.39,2022-10-26,UAE,Ras Al Khaimah,Cafe,Male,3.9
SL-02388,Masala chai,7.65,65,497.25,5,472.39,2022-07-22,UAE,Ras Al Khaimah,Convenience Store,Female,2.3
SL-02389,Juice,9.53,81,771.93,30,540.35,2023-09-17,UAE,Sharjah,Online,Female,3.2
SL-02390,Masala chai,3.27,57,186.39,10,167.75,2023-10-06,UAE,Fujairah,Supermarket,Male,2.8
SL-02391,Masala chai,3.4,51,173.4,5,164.73,2020-05-19,UAE,Abu Dhabi,Cafe,Male,4.3
SL-02392,Laban,6.75,99,668.25,10,601.42,2020-04-22,UAE,Dubai,Supermarket,Female,3.8
SL-02393,Arabic coffee,14.9,14,208.6,5,198.17,2025-09-09,UAE,Dubai,Supermarket,Other,2.9
SL-02394,Juice,4.57,88,402.16,0,402.16,2024-12-28,UAE,Abu Dhabi,Convenience Store,Female,3.8
SL-02395,Arabic coffee,8.89,88,782.32,25,586.74,2024-02-28,UAE,Abu Dhabi,Hypermarket,Female,2.6
SL-02396,Soft drinks,3.26,35,114.1,25,85.58,2021-07-07,UAE,Dubai,Hypermarket,Other,4.6
SL-02397,Soft drinks,3.75,41,153.75,30,107.63,2020-02-13,UAE,Umm Al Quwain,Cafe,Male,4.8
SL-02398,Soft drinks,5.44,98,533.12,30,373.18,2022-05-28,UAE,Fujairah,Supermarket,Male,1.4
SL-02399,Arabic tea,5.6,24,134.4,10,120.96,2023-10-23,UAE,Umm Al Quwain,Cafe,Male,3.5
SL-02400,Camel milk,13.26,6,79.56,30,55.69,2021-06-12,UAE,Ajman,Supermarket,Female,3.8
SL-02401,Juice,7.57,7,52.99,10,47.69,2022-08-02,UAE,Fujairah,Cafe,Female,3.6
SL-02402,Arabic coffee,12.51,9,112.59,0,112.59,2022-06-04,UAE,Dubai,Online,Male,3.7
SL-02403,Masala chai,6.86,2,13.72,5,13.03,2021-05-31,UAE,Fujairah,Cafe,Male,2.1
SL-02404,Camel milk,18.54,55,1019.7,0,1019.7,2020-09-20,UAE,Ras Al Khaimah,Cafe,Female,4.0
SL-02405,Camel milk,14.51,81,1175.31,20,940.25,2021-12-14,UAE,Dubai,Hypermarket,Other,2.3
SL-02406,Laban,4.44,98,435.12,30,304.58,2020-07-06,UAE,Abu Dhabi,Convenience Store,Female,2.4
SL-02407,Masala chai,4.94,5,24.7,0,24.7,2020-03-19,UAE,Ajman,Online,Female,3.3
SL-02408,Juice,7.43,71,527.53,0,527.53,2022-12-12,UAE,Dubai,Cafe,Male,2.8
SL-02409,Camel milk,17.34,31,537.54,15,456.91,2022-06-11,UAE,Ras Al Khaimah,Convenience Store,Female,1.5
SL-02410,Arabic coffee,6.94,37,256.78,10,231.1,2024-05-27,UAE,Ras Al Khaimah,Convenience Store,Female,1.1
SL-02411,Juice,6.75,98,661.5,30,463.05,2021-10-20,UAE,Umm Al Quwain,Hypermarket,Male,1.0
SL-02412,Arabic coffee,8.48,2,16.96,0,16.96,2021-06-16,UAE,Ajman,Hypermarket,Other,2.3
SL-02413,Juice,5.1,14,71.4,15,60.69,2022-02-04,UAE,Ras Al Khaimah,Convenience Store,Male,1.2
SL-02414,Arabic coffee,14.47,90,1302.3,30,911.61,2021-01-25,UAE,Abu Dhabi,Hypermarket,Female,2.2
SL-02415,Camel milk,8.18,5,40.9,20,32.72,2022-09-27,UAE,Dubai,Online,Female,1.2
SL-02416,Camel milk,15.65,70,1095.5,20,876.4,2021-04-22,UAE,Ajman,Cafe,Male,1.1
SL-02417,Camel milk,12.61,57,718.77,5,682.83,2023-10-02,UAE,Umm Al Quwain,Hypermarket,Female,1.0
SL-02418,Juice,6.0,73,438.0,20,350.4,2022-02-01,UAE,Umm Al Quwain,Cafe,Male,4.4
SL-02419,Camel milk,10.05,95,954.75,20,763.8,2022-08-03,UAE,Umm Al Quwain,Online,Male,2.6
SL-02420,Arabic tea,3.2,86,275.2,30,192.64,2024-02-24,UAE,Abu Dhabi,Supermarket,Female,1.6
SL-02421,Masala chai,5.6,10,56.0,10,50.4,2021-05-31,UAE,Ajman,Online,Female,3.8
SL-02422,Camel milk,18.89,15,283.35,0,283.35,2020-01-26,UAE,Umm Al Quwain,Convenience Store,Female,1.9
SL-02423,Soft drinks,2.76,90,248.4,5,235.98,2023-12-15,UAE,Dubai,Cafe,Female,1.7
SL-02424,Laban,6.14,67,411.38,20,329.1,2024-11-11,UAE,Ajman,Supermarket,Female,3.3
SL-02425,Camel milk,17.27,65,1122.55,15,954.17,2020-11-30,UAE,Abu Dhabi,Cafe,Male,3.2
SL-02426,Arabic coffee,10.89,41,446.49,20,357.19,2021-01-20,UAE,Fujairah,Online,Female,2.9
SL-02427,Juice,7.34,6,44.04,25,33.03,2022-06-03,UAE,Dubai,Convenience Store,Female,2.9
SL-02428,Camel milk,14.57,49,713.93,20,571.14,2021-12-07,UAE,Abu Dhabi,Cafe,Female,2.9
SL-02429,Arabic tea,4.55,43,195.65,10,176.08,2021-07-19,UAE,Umm Al Quwain,Supermarket,Female,5.0
SL-02430,Soft drinks,4.89,62,303.18,5,288.02,2023-04-21,UAE,Dubai,Supermarket,Male,1.9
SL-02431,Laban,3.51,30,105.3,5,100.04,2023-02-15,UAE,Fujairah,Hypermarket,Male,1.4
SL-02432,Juice,9.92,84,833.28,5,791.62,2021-03-25,UAE,Fujairah,Hypermarket,Female,4.4
SL-02433,Camel milk,13.06,47,613.82,20,491.06,2020-02-23,UAE,Ras Al Khaimah,Hypermarket,Female,3.7
SL-02434,Soft drinks,2.14,27,57.78,0,57.78,2024-12-02,UAE,Sharjah,Hypermarket,Male,1.5
SL-02435,Juice,6.16,17,104.72,25,78.54,2021-06-19,UAE,Dubai,Hypermarket,Male,1.8
SL-02436,Laban,3.37,43,144.91,0,144.91,2020-08-23,UAE,Ajman,Convenience Store,Male,1.0
SL-02437,Masala chai,6.58,77,506.66,5,481.33,2021-01-28,UAE,Umm Al Quwain,Online,Male,2.4
SL-02438,Laban,5.15,17,87.55,30,61.28,2021-01-02,UAE,Dubai,Supermarket,Female,5.0
SL-02439,Juice,8.1,88,712.8,25,534.6,2020-06-16,UAE,Dubai,Online,Male,4.5
SL-02440,Arabic tea,6.72,75,504.0,25,378.0,2022-12-15,UAE,Ras Al Khaimah,Hypermarket,Male,4.1
SL-02441,Soft drinks,5.37,95,510.15,20,408.12,2021-10-26,UAE,Umm Al Quwain,Convenience Store,Male,2.5
SL-02442,Soft drinks,4.27,26,111.02,0,111.02,2024-07-20,UAE,Ajman,Online,Male,1.2
SL-02443,Laban,6.54,54,353.16,30,247.21,2020-06-15,UAE,Ajman,Online,Female,4.5
SL-02444,Juice,5.4,51,275.4,5,261.63,2024-01-21,UAE,Dubai,Cafe,Female,2.6
SL-02445,Camel milk,11.64,37,430.68,30,301.48,2024-11-02,UAE,Umm Al Quwain,Convenience Store,Male,1.1
SL-02446,Juice,9.88,88,869.44,10,782.5,2023-11-09,UAE,Ras Al Khaimah,Hypermarket,Female,3.3
SL-02447,Camel milk,11.63,78,907.14,15,771.07,2024-04-27,UAE,Abu Dhabi,Online,Male,4.4
SL-02448,Soft drinks,3.74,16,59.84,0,59.84,2021-07-16,UAE,Sharjah,Hypermarket,Male,4.1
SL-02449,Arabic tea,5.69,84,477.96,20,382.37,2025-10-09,UAE,Fujairah,Convenience Store,Male,1.6
SL-02450,Arabic tea,4.57,6,27.42,20,21.94,2021-02-05,UAE,Fujairah,Online,Female,3.4
SL-02451,Arabic coffee,11.23,53,595.19,5,565.43,2020-12-12,UAE,Fujairah,Hypermarket,Female,4.6
SL-02452,Arabic coffee,11.01,88,968.88,15,823.55,2022-09-07,UAE,Sharjah,Hypermarket,Male,2.4
SL-02453,Soft drinks,4.88,37,180.56,15,153.48,2022-08-24,UAE,Abu Dhabi,Convenience Store,Female,2.5
SL-02454,Soft drinks,2.98,26,77.48,30,54.24,2024-02-07,UAE,Dubai,Hypermarket,Male,3.8
SL-02455,Arabic tea,5.34,64,341.76,15,290.5,2025-03-27,UAE,Dubai,Convenience Store,Other,2.1
SL-02456,Arabic tea,5.64,89,501.96,20,401.57,2024-07-02,UAE,Fujairah,Convenience Store,Female,4.2
SL-02457,Laban,5.85,93,544.05,30,380.84,2022-09-09,UAE,Sharjah,Convenience Store,Female,2.4
SL-02458,Juice,6.22,61,379.42,30,265.59,2025-08-21,UAE,Sharjah,Online,Male,3.9
SL-02459,Juice,9.77,9,87.93,15,74.74,2023-03-15,UAE,Abu Dhabi,Convenience Store,Male,1.7
SL-02460,Masala chai,3.11,90,279.9,0,279.9,2023-06-08,UAE,Ras Al Khaimah,Convenience Store,Female,4.7
SL-02461,Laban,3.35,44,147.4,5,140.03,2024-02-29,UAE,Umm Al Quwain,Online,Female,2.3
SL-02462,Laban,4.53,39,176.67,30,123.67,2020-02-25,UAE,Ajman,Hypermarket,Male,4.7
SL-02463,Juice,9.22,36,331.92,5,315.32,2021-05-01,UAE,Abu Dhabi,Convenience Store,Female,3.4
SL-02464,Masala chai,3.91,16,62.56,30,43.79,2022-03-11,UAE,Sharjah,Supermarket,Other,4.8
SL-02465,Soft drinks,5.17,21,108.57,15,92.28,2023-06-19,UAE,Umm Al Quwain,Supermarket,Male,2.3
SL-02466,Soft drinks,4.87,8,38.96,15,33.12,2022-07-14,UAE,Ras Al Khaimah,Online,Male,4.1
SL-02467,Camel milk,19.53,88,1718.64,0,1718.64,2025-07-23,UAE,Dubai,Cafe,Female,3.9
SL-02468,Laban,6.29,22,138.38,5,131.46,2021-01-13,UAE,Dubai,Supermarket,Male,3.2
SL-02469,Laban,4.12,21,86.52,5,82.19,2025-09-01,UAE,Sharjah,Convenience Store,Female,1.7
SL-02470,Arabic tea,4.3,35,150.5,30,105.35,2021-11-01,UAE,Fujairah,Online,Male,3.0
SL-02471,Arabic tea,5.24,87,455.88,0,455.88,2021-08-27,UAE,Fujairah,Cafe,Male,2.4
SL-02472,Soft drinks,5.62,60,337.2,15,286.62,2024-07-23,UAE,Abu Dhabi,Cafe,Male,3.7
SL-02473,Soft drinks,2.78,1,2.78,0,2.78,2024-01-02,UAE,Sharjah,Supermarket,Female,1.2
SL-02474,Arabic tea,2.76,57,157.32,20,125.86,2025-10-27,UAE,Dubai,Supermarket,Female,2.5
SL-02475,Arabic coffee,14.84,5,74.2,0,74.2,2021-06-08,UAE,Abu Dhabi,Online,Female,1.7
SL-02476,Camel milk,11.71,41,480.11,15,408.09,2023-05-18,UAE,Fujairah,Hypermarket,Male,1.1
SL-02477,Soft drinks,5.87,89,522.43,30,365.7,2020-12-21,UAE,Dubai,Hypermarket,Female,3.1
SL-02478,Juice,9.96,5,49.8,5,47.31,2021-09-23,UAE,Dubai,Hypermarket,Male,2.4
SL-02479,Laban,6.1,23,140.3,25,105.22,2025-06-08,UAE,Dubai,Cafe,Female,3.3
SL-02480,Arabic tea,3.23,17,54.91,25,41.18,2022-05-23,UAE,Sharjah,Cafe,Male,4.6
SL-02481,Soft drinks,2.59,20,51.8,25,38.85,2025-11-08,UAE,Fujairah,Online,Male,3.5
SL-02482,Laban,5.43,1,5.43,10,4.89,2022-06-28,UAE,Sharjah,Online,Female,4.3
SL-02483,Arabic tea,3.77,17,64.09,5,60.89,2020-05-22,UAE,Ajman,Online,Male,2.4
SL-02484,Juice,6.38,7,44.66,20,35.73,2025-08-01,UAE,Ajman,Supermarket,Female,2.6
SL-02485,Arabic tea,6.8,98,666.4,20,533.12,2020-06-07,UAE,Umm Al Quwain,Hypermarket,Female,1.8
SL-02486,Camel milk,8.17,16,130.72,5,124.18,2022-06-29,UAE,Ajman,Supermarket,Male,4.4
SL-02487,Laban,5.71,81,462.51,5,439.38,2024-11-15,UAE,Fujairah,Supermarket,Female,3.0
SL-02488,Arabic coffee,12.62,69,870.78,30,609.55,2022-12-11,UAE,Sharjah,Online,Male,2.3
SL-02489,Soft drinks,2.58,28,72.24,25,54.18,2025-09-13,UAE,Abu Dhabi,Hypermarket,Female,4.7
SL-02490,Camel milk,15.62,97,1515.14,20,1212.11,2021-09-23,UAE,Sharjah,Convenience Store,Other,2.4
SL-02491,Arabic coffee,13.16,88,1158.08,25,868.56,2024-07-16,UAE,Umm Al Quwain,Hypermarket,Male,4.8
SL-02492,Camel milk,12.52,80,1001.6,10,901.44,2022-09-19,UAE,Abu Dhabi,Convenience Store,Female,4.6
SL-02493,Arabic tea,6.49,93,603.57,15,513.03,2025-12-17,UAE,Umm Al Quwain,Hypermarket,Male,3.6
SL-02494,Camel milk,11.26,88,990.88,30,693.62,2025-06-11,UAE,Ajman,Convenience Store,Male,1.9
SL-02495,Arabic coffee,8.15,72,586.8,10,528.12,2020-02-25,UAE,Umm Al Quwain,Supermarket,Female,2.3
SL-02496,Arabic coffee,5.72,100,572.0,15,486.2,2023-03-20,UAE,Abu Dhabi,Online,Female,3.0
SL-02497,Arabic coffee,8.99,74,665.26,30,465.68,2023-07-09,UAE,Fujairah,Online,Female,2.5
SL-02498,Arabic coffee,7.77,61,473.97,0,473.97,2021-12-14,UAE,Sharjah,Convenience Store,Male,1.3
SL-02499,Arabic coffee,11.6,48,556.8,0,556.8,2023-11-02,UAE,Ajman,Convenience Store,Male,3.3
SL-02500,Masala chai,5.14,3,15.42,20,12.34,2022-05-16,UAE,Fujairah,Supermarket,Female,2.5
SL-02501,Laban,4.28,71,303.88,15,258.3,2021-07-15,UAE,Sharjah,Hypermarket,Male,4.2
SL-02502,Camel milk,11.04,56,618.24,5,587.33,2025-07-25,UAE,Fujairah,Supermarket,Male,4.5
SL-02503,Camel milk,9.63,85,818.55,0,818.55,2022-09-24,UAE,Abu Dhabi,Convenience Store,Male,1.8
SL-02504,Arabic tea,5.58,80,446.4,15,379.44,2020-05-28,UAE,Ajman,Cafe,Female,2.8
SL-02505,Laban,6.82,61,416.02,5,395.22,2022-08-05,UAE,Dubai,Hypermarket,Male,4.6
SL-02506,Camel milk,17.57,99,1739.43,5,1652.46,2020-04-25,UAE,Abu Dhabi,Online,Female,3.7
SL-02507,Juice,9.75,90,877.5,20,702.0,2024-09-17,UAE,Ras Al Khaimah,Cafe,Female,3.6
SL-02508,Masala chai,4.19,82,343.58,5,326.4,2023-06-18,UAE,Fujairah,Cafe,Female,3.8
SL-02509,Soft drinks,2.46,12,29.52,25,22.14,2025-09-30,UAE,Umm Al Quwain,Online,Male,1.8
SL-02510,Arabic coffee,12.25,75,918.75,25,689.06,2021-10-11,UAE,Sharjah,Hypermarket,Male,1.6
SL-02511,Camel milk,15.03,46,691.38,30,483.97,2023-03-04,UAE,Dubai,Convenience Store,Male,2.5
SL-02512,Laban,5.56,37,205.72,15,174.86,2025-03-16,UAE,Dubai,Supermarket,Male,2.7
SL-02513,Juice,5.84,70,408.8,25,306.6,2025-01-08,UAE,Umm Al Quwain,Online,Female,2.2
SL-02514,Laban,4.8,40,192.0,0,192.0,2020-05-18,UAE,Ajman,Hypermarket,Male,2.4
SL-02515,Masala chai,7.29,5,36.45,0,36.45,2025-04-10,UAE,Ajman,Hypermarket,Male,3.8
SL-02516,Soft drinks,2.15,95,204.25,15,173.61,2025-03-17,UAE,Sharjah,Cafe,Male,1.7
SL-02517,Juice,4.47,82,366.54,20,293.23,2022-07-01,UAE,Fujairah,Convenience Store,Male,3.8
SL-02518,Masala chai,4.03,89,358.67,10,322.8,2023-12-03,UAE,Ras Al Khaimah,Online,Female,1.7
SL-02519,Camel milk,9.94,21,208.74,15,177.43,2020-11-16,UAE,Ajman,Hypermarket,Male,1.9
SL-02520,Arabic tea,3.57,38,135.66,20,108.53,2024-05-30,UAE,Ras Al Khaimah,Cafe,Female,4.1
SL-02521,Masala chai,7.61,53,403.33,25,302.5,2022-12-08,UAE,Ajman,Hypermarket,Male,2.3
SL-02522,Arabic tea,6.51,38,247.38,25,185.54,2023-06-04,UAE,Abu Dhabi,Convenience Store,Female,4.1
SL-02523,Laban,3.49,73,254.77,20,203.82,2022-11-24,UAE,Ras Al Khaimah,Hypermarket,Female,2.0
SL-02524,Masala chai,5.89,37,217.93,5,207.03,2025-11-23,UAE,Ras Al Khaimah,Convenience Store,Female,2.1
SL-02525,Arabic tea,5.38,85,457.3,25,342.97,2023-09-06,UAE,Ras Al Khaimah,Hypermarket,Male,1.2
SL-02526,Laban,4.68,78,365.04,25,273.78,2025-12-23,UAE,Ajman,Hypermarket,Other,3.7
SL-02527,Arabic coffee,12.71,67,851.57,20,681.26,2020-02-02,UAE,Umm Al Quwain,Convenience Store,Male,1.6
SL-02528,Arabic tea,4.86,17,82.62,0,82.62,2020-06-26,UAE,Fujairah,Hypermarket,Male,2.9
SL-02529,Juice,5.96,67,399.32,10,359.39,2024-02-26,UAE,Abu Dhabi,Convenience Store,Female,4.1
SL-02530,Masala chai,5.36,75,402.0,5,381.9,2023-05-21,UAE,Umm Al Quwain,Hypermarket,Male,1.0
SL-02531,Masala chai,5.83,39,227.37,15,193.26,2020-08-11,UAE,Dubai,Hypermarket,Female,1.9
SL-02532,Arabic tea,2.14,95,203.3,30,142.31,2025-03-05,UAE,Sharjah,Supermarket,Male,1.5
SL-02533,Masala chai,7.29,46,335.34,20,268.27,2023-10-13,UAE,Fujairah,Cafe,Male,2.3
SL-02534,Arabic coffee,11.78,61,718.58,0,718.58,2022-06-13,UAE,Ras Al Khaimah,Online,Female,1.3
SL-02535,Camel milk,11.13,47,523.11,20,418.49,2024-05-07,UAE,Sharjah,Hypermarket,Male,2.3
SL-02536,Soft drinks,2.34,29,67.86,20,54.29,2022-01-21,UAE,Ras Al Khaimah,Convenience Store,Male,1.8
SL-02537,Soft drinks,5.32,21,111.72,25,83.79,2023-06-23,UAE,Fujairah,Hypermarket,Male,2.0
SL-02538,Juice,5.76,34,195.84,15,166.46,2025-01-20,UAE,Abu Dhabi,Supermarket,Male,1.9
SL-02539,Arabic coffee,10.79,65,701.35,25,526.01,2020-04-24,UAE,Fujairah,Online,Female,3.2
SL-02540,Camel milk,14.63,84,1228.92,10,1106.03,2020-07-24,UAE,Fujairah,Hypermarket,Female,2.1
SL-02541,Soft drinks,5.54,84,465.36,0,465.36,2025-03-22,UAE,Fujairah,Online,Male,2.1
SL-02542,Masala chai,3.94,5,19.7,10,17.73,2024-02-10,UAE,Abu Dhabi,Convenience Store,Male,1.9
SL-02543,Camel milk,9.96,72,717.12,20,573.7,2023-10-11,UAE,Sharjah,Online,Male,1.7
SL-02544,Arabic coffee,13.72,98,1344.56,5,1277.33,2022-08-15,UAE,Abu Dhabi,Hypermarket,Male,5.0
SL-02545,Camel milk,9.64,18,173.52,10,156.17,2020-02-10,UAE,Ajman,Cafe,Other,1.9
SL-02546,Soft drinks,2.09,26,54.34,10,48.91,2021-05-18,UAE,Ajman,Online,Male,3.9
SL-02547,Arabic coffee,14.01,59,826.59,10,743.93,2025-05-13,UAE,Umm Al Quwain,Supermarket,Male,2.7
SL-02548,Laban,5.44,97,527.68,30,369.38,2023-02-12,UAE,Sharjah,Hypermarket,Female,1.2
SL-02549,Arabic coffee,8.7,8,69.6,0,69.6,2022-11-24,UAE,Abu Dhabi,Hypermarket,Female,3.2
SL-02550,Arabic tea,4.44,31,137.64,0,137.64,2021-06-23,UAE,Abu Dhabi,Convenience Store,Female,4.8
SL-02551,Camel milk,9.52,38,361.76,15,307.5,2020-03-08,UAE,Dubai,Cafe,Female,4.2
SL-02552,Camel milk,13.45,21,282.45,5,268.33,2020-08-27,UAE,Fujairah,Hypermarket,Male,4.5
SL-02553,Juice,8.89,93,826.77,15,702.75,2021-02-20,UAE,Umm Al Quwain,Convenience Store,Female,3.2
SL-02554,Arabic tea,6.59,83,546.97,25,410.23,2021-03-09,UAE,Fujairah,Online,Male,2.0
SL-02555,Laban,6.15,77,473.55,30,331.49,2022-07-20,UAE,Abu Dhabi,Convenience Store,Male,2.4
SL-02556,Laban,6.49,57,369.93,5,351.43,2020-09-19,UAE,Umm Al Quwain,Online,Female,2.4
SL-02557,Soft drinks,2.62,77,201.74,0,201.74,2024-06-02,UAE,Umm Al Quwain,Cafe,Female,2.4
SL-02558,Arabic tea,4.67,92,429.64,10,386.68,2022-02-07,UAE,Ras Al Khaimah,Hypermarket,Female,2.9
SL-02559,Juice,7.44,10,74.4,30,52.08,2020-07-12,UAE,Abu Dhabi,Supermarket,Male,1.3
SL-02560,Camel milk,14.37,66,948.42,0,948.42,2020-07-23,UAE,Abu Dhabi,Convenience Store,Other,3.2
SL-02561,Arabic coffee,14.16,10,141.6,15,120.36,2020-05-27,UAE,Umm Al Quwain,Supermarket,Female,2.9
SL-02562,Arabic tea,5.15,29,149.35,20,119.48,2022-10-28,UAE,Abu Dhabi,Convenience Store,Male,4.9
SL-02563,Arabic coffee,8.55,77,658.35,10,592.52,2021-08-05,UAE,Fujairah,Supermarket,Female,1.7
SL-02564,Juice,9.67,96,928.32,10,835.49,2020-03-28,UAE,Abu Dhabi,Hypermarket,Female,1.7
SL-02565,Masala chai,7.29,20,145.8,5,138.51,2022-12-03,UAE,Dubai,Online,Male,3.7
SL-02566,Laban,6.52,49,319.48,30,223.64,2022-03-11,UAE,Abu Dhabi,Hypermarket,Female,1.0
SL-02567,Soft drinks,5.9,38,224.2,10,201.78,2025-08-06,UAE,Ajman,Supermarket,Male,4.4
SL-02568,Laban,5.4,43,232.2,0,232.2,2024-03-12,UAE,Sharjah,Online,Male,1.7
SL-02569,Laban,5.73,99,567.27,20,453.82,2023-07-06,UAE,Fujairah,Convenience Store,Male,4.1
SL-02570,Soft drinks,5.15,58,298.7,15,253.9,2024-10-15,UAE,Sharjah,Cafe,Female,1.7
SL-02571,Arabic coffee,11.58,21,243.18,20,194.54,2025-01-26,UAE,Fujairah,Convenience Store,Male,2.1
SL-02572,Juice,6.84,22,150.48,5,142.96,2024-06-23,UAE,Sharjah,Cafe,Male,2.7
SL-02573,Masala chai,5.71,19,108.49,30,75.94,2021-10-07,UAE,Ras Al Khaimah,Hypermarket,Male,2.5
SL-02574,Soft drinks,4.37,15,65.55,0,65.55,2023-07-25,UAE,Sharjah,Online,Male,1.6
SL-02575,Masala chai,6.79,90,611.1,20,488.88,2021-09-23,UAE,Ajman,Hypermarket,Male,2.9
SL-02576,Arabic coffee,9.09,80,727.2,25,545.4,2023-10-05,UAE,Sharjah,Hypermarket,Male,2.5
SL-02577,Arabic coffee,7.59,66,500.94,0,500.94,2021-03-14,UAE,Fujairah,Cafe,Male,1.8
SL-02578,Soft drinks,4.62,98,452.76,30,316.93,2022-07-08,UAE,Dubai,Supermarket,Male,3.1
SL-02579,Arabic coffee,13.56,9,122.04,30,85.43,2021-12-09,UAE,Fujairah,Supermarket,Male,1.6
SL-02580,Arabic tea,2.38,96,228.48,10,205.63,2024-11-18,UAE,Ras Al Khaimah,Supermarket,Female,3.2
SL-02581,Laban,4.67,64,298.88,15,254.05,2025-12-14,UAE,Sharjah,Supermarket,Male,3.3
SL-02582,Masala chai,4.31,69,297.39,0,297.39,2020-01-04,UAE,Ajman,Convenience Store,Other,4.0
SL-02583,Camel milk,17.54,23,403.42,20,322.74,2022-09-28,UAE,Ras Al Khaimah,Online,Male,3.1
SL-02584,Arabic tea,3.57,42,149.94,30,104.96,2024-06-23,UAE,Fujairah,Online,Female,2.1
SL-02585,Arabic coffee,8.11,96,778.56,0,778.56,2022-01-08,UAE,Ras Al Khaimah,Online,Female,1.9
SL-02586,Camel milk,15.33,92,1410.36,15,1198.81,2020-03-11,UAE,Umm Al Quwain,Hypermarket,Male,1.8
SL-02587,Masala chai,6.45,6,38.7,10,34.83,2021-04-06,UAE,Abu Dhabi,Cafe,Male,1.9
SL-02588,Masala chai,6.66,66,439.56,20,351.65,2025-01-02,UAE,Umm Al Quwain,Supermarket,Male,4.5
SL-02589,Soft drinks,5.3,53,280.9,20,224.72,2025-11-27,UAE,Ras Al Khaimah,Cafe,Female,2.1
SL-02590,Camel milk,15.82,66,1044.12,25,783.09,2022-06-17,UAE,Abu Dhabi,Supermarket,Female,1.1
SL-02591,Juice,6.53,3,19.59,25,14.69,2023-11-25,UAE,Fujairah,Hypermarket,Female,1.2
SL-02592,Soft drinks,4.99,70,349.3,10,314.37,2020-01-16,UAE,Abu Dhabi,Cafe,Male,4.5
SL-02593,Masala chai,6.16,42,258.72,30,181.1,2022-08-20,UAE,Abu Dhabi,Convenience Store,Male,3.1
SL-02594,Laban,5.84,46,268.64,20,214.91,2021-12-01,UAE,Fujairah,Hypermarket,Female,4.4
SL-02595,Arabic coffee,12.78,99,1265.22,20,1012.18,2024-11-05,UAE,Dubai,Supermarket,Male,3.1
SL-02596,Soft drinks,5.29,97,513.13,15,436.16,2022-04-27,UAE,Abu Dhabi,Hypermarket,Male,3.2
SL-02597,Arabic tea,4.51,50,225.5,25,169.12,2020-12-07,UAE,Umm Al Quwain,Hypermarket,Male,2.9
SL-02598,Laban,4.34,15,65.1,25,48.83,2022-10-12,UAE,Ras Al Khaimah,Online,Male,2.8
SL-02599,Juice,7.31,100,731.0,0,731.0,2021-10-04,UAE,Dubai,Supermarket,Male,3.7
SL-02600,Soft drinks,5.6,92,515.2,20,412.16,2022-07-05,UAE,Abu Dhabi,Supermarket,Female,4.4
SL-02601,Masala chai,7.49,60,449.4,25,337.05,2020-03-22,UAE,Ras Al Khaimah,Supermarket,Female,2.3
SL-02602,Juice,9.72,62,602.64,15,512.24,2024-02-25,UAE,Ajman,Supermarket,Female,2.7
SL-02603,Arabic tea,4.91,1,4.91,25,3.68,2022-12-27,UAE,Ras Al Khaimah,Cafe,Male,3.6
SL-02604,Soft drinks,5.08,80,406.4,5,386.08,2025-03-01,UAE,Ajman,Cafe,Male,2.6
SL-02605,Laban,5.78,46,265.88,20,212.7,2023-05-09,UAE,Ajman,Cafe,Female,3.6
SL-02606,Masala chai,6.3,23,144.9,25,108.67,2021-09-09,UAE,Fujairah,Supermarket,Other,4.3
SL-02607,Arabic coffee,8.91,48,427.68,25,320.76,2023-12-20,UAE,Umm Al Quwain,Online,Female,4.1
SL-02608,Laban,6.32,18,113.76,10,102.38,2021-10-27,UAE,Ajman,Hypermarket,Male,3.0
SL-02609,Masala chai,4.63,78,361.14,10,325.03,2024-12-25,UAE,Fujairah,Online,Female,1.0
SL-02610,Arabic coffee,7.98,18,143.64,20,114.91,2025-04-30,UAE,Umm Al Quwain,Cafe,Male,2.1
SL-02611,Soft drinks,5.06,53,268.18,15,227.95,2024-06-11,UAE,Ras Al Khaimah,Convenience Store,Male,2.8
SL-02612,Juice,4.13,1,4.13,20,3.3,2025-08-01,UAE,Umm Al Quwain,Cafe,Male,3.7
SL-02613,Masala chai,5.8,88,510.4,20,408.32,2025-09-16,UAE,Umm Al Quwain,Cafe,Male,2.1
SL-02614,Soft drinks,5.21,65,338.65,30,237.06,2025-02-20,UAE,Sharjah,Supermarket,Male,2.0
SL-02615,Laban,6.77,44,297.88,5,282.99,2024-04-08,UAE,Ajman,Cafe,Female,3.1
SL-02616,Masala chai,6.88,69,474.72,0,474.72,2021-11-13,UAE,Sharjah,Convenience Store,Male,4.2
SL-02617,Arabic coffee,11.4,51,581.4,0,581.4,2020-05-08,UAE,Sharjah,Hypermarket,Male,4.6
SL-02618,Soft drinks,3.59,59,211.81,0,211.81,2020-09-07,UAE,Ajman,Online,Male,3.4
SL-02619,Camel milk,18.08,23,415.84,10,374.26,2022-06-26,UAE,Ras Al Khaimah,Convenience Store,Male,1.4
SL-02620,Camel milk,14.68,70,1027.6,20,822.08,2023-09-13,UAE,Ras Al Khaimah,Hypermarket,Female,4.2
SL-02621,Juice,5.83,70,408.1,20,326.48,2021-03-10,UAE,Abu Dhabi,Cafe,Female,2.9
SL-02622,Laban,4.39,31,136.09,0,136.09,2020-07-12,UAE,Abu Dhabi,Online,Female,4.7
SL-02623,Camel milk,10.55,87,917.85,10,826.07,2023-12-28,UAE,Fujairah,Online,Female,2.6
SL-02624,Arabic coffee,7.03,46,323.38,15,274.87,2022-02-23,UAE,Sharjah,Supermarket,Female,4.1
SL-02625,Arabic tea,4.19,70,293.3,25,219.97,2025-08-20,UAE,Umm Al Quwain,Convenience Store,Male,3.3
SL-02626,Arabic tea,4.4,93,409.2,0,409.2,2020-05-23,UAE,Fujairah,Supermarket,Female,1.6
SL-02627,Camel milk,9.36,97,907.92,5,862.52,2022-08-03,UAE,Ajman,Convenience Store,Female,1.5
SL-02628,Masala chai,7.59,39,296.01,10,266.41,2025-06-05,UAE,Abu Dhabi,Cafe,Female,1.2
SL-02629,Masala chai,6.33,55,348.15,20,278.52,2024-03-27,UAE,Ajman,Convenience Store,Male,4.8
SL-02630,Soft drinks,5.15,17,87.55,0,87.55,2025-05-10,UAE,Sharjah,Convenience Store,Female,2.7
SL-02631,Soft drinks,3.26,55,179.3,30,125.51,2020-02-02,UAE,Abu Dhabi,Hypermarket,Female,1.7
SL-02632,Masala chai,4.18,82,342.76,25,257.07,2025-08-05,UAE,Fujairah,Convenience Store,Male,1.1
SL-02633,Masala chai,5.4,50,270.0,10,243.0,2022-07-01,UAE,Ras Al Khaimah,Convenience Store,Female,2.3
SL-02634,Laban,4.75,22,104.5,0,104.5,2025-06-26,UAE,Umm Al Quwain,Hypermarket,Female,2.3
SL-02635,Arabic tea,2.41,18,43.38,10,39.04,2020-08-18,UAE,Sharjah,Convenience Store,Male,1.7
SL-02636,Camel milk,16.89,51,861.39,5,818.32,2020-10-05,UAE,Fujairah,Hypermarket,Female,4.7
SL-02637,Arabic coffee,12.79,31,396.49,30,277.54,2021-10-05,UAE,Fujairah,Hypermarket,Female,2.9
SL-02638,Juice,8.63,69,595.47,25,446.6,2023-08-08,UAE,Ras Al Khaimah,Hypermarket,Female,3.2
SL-02639,Laban,4.3,24,103.2,20,82.56,2021-07-27,UAE,Fujairah,Convenience Store,Male,4.4
SL-02640,Arabic coffee,13.59,13,176.67,15,150.17,2020-12-10,UAE,Dubai,Cafe,Male,2.5
SL-02641,Juice,4.4,44,193.6,0,193.6,2022-11-24,UAE,Ras Al Khaimah,Supermarket,Male,3.4
SL-02642,Juice,6.72,35,235.2,15,199.92,2021-08-01,UAE,Abu Dhabi,Convenience Store,Female,2.4
SL-02643,Masala chai,5.19,68,352.92,25,264.69,2025-03-04,UAE,Fujairah,Convenience Store,Male,4.2
SL-02644,Camel milk,12.28,39,478.92,25,359.19,2022-04-12,UAE,Umm Al Quwain,Cafe,Male,2.0
SL-02645,Camel milk,12.0,63,756.0,20,604.8,2022-06-10,UAE,Ras Al Khaimah,Supermarket,Male,1.5
SL-02646,Juice,4.5,9,40.5,25,30.38,2022-01-16,UAE,Abu Dhabi,Hypermarket,Female,3.1
SL-02647,Juice,9.62,66,634.92,15,539.68,2020-10-06,UAE,Ras Al Khaimah,Cafe,Female,4.2
SL-02648,Masala chai,6.97,62,432.14,20,345.71,2024-11-15,UAE,Ajman,Hypermarket,Male,4.3
SL-02649,Soft drinks,3.26,9,29.34,10,26.41,2023-08-31,UAE,Abu Dhabi,Supermarket,Male,2.2
SL-02650,Arabic tea,5.3,42,222.6,25,166.95,2020-07-23,UAE,Abu Dhabi,Online,Female,4.1
SL-02651,Camel milk,14.14,14,197.96,10,178.16,2024-04-11,UAE,Ajman,Online,Male,2.1
SL-02652,Juice,4.53,62,280.86,15,238.73,2024-06-16,UAE,Fujairah,Online,Female,3.4
SL-02653,Laban,6.73,40,269.2,5,255.74,2022-11-18,UAE,Abu Dhabi,Online,Male,3.4
SL-02654,Juice,7.77,56,435.12,10,391.61,2020-04-28,UAE,Sharjah,Supermarket,Female,3.3
SL-02655,Arabic coffee,5.37,7,37.59,20,30.07,2020-03-10,UAE,Ras Al Khaimah,Cafe,Male,1.9
SL-02656,Laban,6.62,88,582.56,25,436.92,2024-08-04,UAE,Sharjah,Hypermarket,Male,1.3
SL-02657,Arabic coffee,10.22,37,378.14,5,359.23,2025-10-08,UAE,Fujairah,Convenience Store,Male,3.9
SL-02658,Arabic tea,4.58,80,366.4,30,256.48,2024-11-29,UAE,Umm Al Quwain,Cafe,Female,3.3
SL-02659,Soft drinks,4.24,48,203.52,30,142.46,2023-11-28,UAE,Umm Al Quwain,Online,Male,3.8
SL-02660,Arabic tea,4.6,67,308.2,25,231.15,2024-12-11,UAE,Dubai,Cafe,Male,1.6
SL-02661,Arabic coffee,10.84,94,1018.96,20,815.17,2022-02-07,UAE,Ras Al Khaimah,Supermarket,Female,2.2
SL-02662,Arabic coffee,11.08,58,642.64,0,642.64,2025-12-07,UAE,Ajman,Supermarket,Female,4.0
SL-02663,Masala chai,7.58,34,257.72,10,231.95,2022-04-24,UAE,Umm Al Quwain,Supermarket,Female,4.2
SL-02664,Juice,6.98,21,146.58,20,117.26,2022-06-10,UAE,Ajman,Cafe,Male,1.7
SL-02665,Arabic coffee,5.3,68,360.4,20,288.32,2020-12-01,UAE,Sharjah,Online,Female,1.5
SL-02666,Laban,3.98,63,250.74,30,175.52,2020-02-16,UAE,Ras Al Khaimah,Supermarket,Male,4.7
SL-02667,Arabic tea,2.11,80,168.8,25,126.6,2021-03-07,UAE,Umm Al Quwain,Cafe,Female,1.7
SL-02668,Juice,6.81,7,47.67,10,42.9,2024-09-28,UAE,Sharjah,Hypermarket,Female,2.7
SL-02669,Laban,3.83,48,183.84,0,183.84,2020-03-25,UAE,Fujairah,Convenience Store,Female,3.2
SL-02670,Arabic tea,5.61,96,538.56,0,538.56,2020-03-22,UAE,Umm Al Quwain,Convenience Store,Male,3.7
SL-02671,Arabic coffee,12.44,16,199.04,20,159.23,2025-12-21,UAE,Abu Dhabi,Cafe,Male,2.0
SL-02672,Soft drinks,5.41,61,330.01,10,297.01,2024-10-13,UAE,Abu Dhabi,Convenience Store,Male,2.0
SL-02673,Camel milk,14.89,89,1325.21,20,1060.17,2021-05-18,UAE,Sharjah,Cafe,Female,4.4
SL-02674,Camel milk,11.4,8,91.2,5,86.64,2020-10-12,UAE,Sharjah,Hypermarket,Female,1.8
SL-02675,Masala chai,7.66,68,520.88,15,442.75,2024-12-06,UAE,Abu Dhabi,Online,Female,1.6
SL-02676,Camel milk,10.6,45,477.0,20,381.6,2023-12-17,UAE,Fujairah,Cafe,Male,2.0
SL-02677,Soft drinks,5.19,8,41.52,25,31.14,2024-10-28,UAE,Dubai,Convenience Store,Female,4.9
SL-02678,Camel milk,12.4,38,471.2,15,400.52,2024-04-29,UAE,Fujairah,Hypermarket,Male,2.3
SL-02679,Arabic tea,3.88,75,291.0,15,247.35,2021-04-18,UAE,Ras Al Khaimah,Hypermarket,Male,4.2
SL-02680,Camel milk,12.56,32,401.92,15,341.63,2025-09-12,UAE,Fujairah,Cafe,Male,1.5
SL-02681,Soft drinks,3.89,24,93.36,15,79.36,2024-03-29,UAE,Dubai,Hypermarket,Female,2.7
SL-02682,Juice,4.03,32,128.96,10,116.06,2022-11-16,UAE,Abu Dhabi,Cafe,Male,4.2
SL-02683,Camel milk,17.8,88,1566.4,15,1331.44,2025-03-06,UAE,Dubai,Supermarket,Female,3.5
SL-02684,Masala chai,6.17,27,166.59,10,149.93,2024-03-09,UAE,Ras Al Khaimah,Convenience Store,Male,2.1
SL-02685,Camel milk,8.45,86,726.7,20,581.36,2020-02-03,UAE,Ras Al Khaimah,Supermarket,Male,4.9
SL-02686,Masala chai,3.71,54,200.34,5,190.32,2021-02-23,UAE,Ajman,Hypermarket,Female,3.0
SL-02687,Masala chai,6.17,87,536.79,10,483.11,2023-07-22,UAE,Ajman,Supermarket,Female,3.3
SL-02688,Arabic tea,3.06,3,9.18,20,7.34,2024-07-05,UAE,Ajman,Cafe,Female,2.7
SL-02689,Masala chai,6.48,85,550.8,30,385.56,2023-02-13,UAE,Ras Al Khaimah,Supermarket,Female,1.7
SL-02690,Laban,5.04,98,493.92,10,444.53,2022-08-29,UAE,Umm Al Quwain,Convenience Store,Female,2.4
SL-02691,Arabic tea,6.16,43,264.88,20,211.9,2025-01-31,UAE,Fujairah,Online,Male,3.0
SL-02692,Masala chai,7.44,3,22.32,25,16.74,2021-03-08,UAE,Ajman,Cafe,Female,4.9
SL-02693,Arabic tea,3.92,35,137.2,30,96.04,2025-08-25,UAE,Fujairah,Supermarket,Male,4.8
SL-02694,Arabic tea,4.61,9,41.49,20,33.19,2024-01-11,UAE,Ajman,Hypermarket,Female,2.8
SL-02695,Laban,3.89,30,116.7,5,110.87,2022-10-25,UAE,Ajman,Convenience Store,Female,2.8
SL-02696,Camel milk,10.79,2,21.58,20,17.26,2023-11-30,UAE,Dubai,Cafe,Female,4.8
SL-02697,Soft drinks,4.05,82,332.1,30,232.47,2021-06-29,UAE,Ajman,Supermarket,Male,1.5
SL-02698,Masala chai,4.32,22,95.04,0,95.04,2022-08-10,UAE,Sharjah,Supermarket,Female,1.7
SL-02699,Camel milk,15.33,93,1425.69,25,1069.27,2023-02-18,UAE,Sharjah,Online,Male,1.0
SL-02700,Camel milk,8.24,91,749.84,25,562.38,2022-05-31,UAE,Ajman,Cafe,Female,2.1
SL-02701,Soft drinks,3.08,100,308.0,5,292.6,2025-05-31,UAE,Umm Al Quwain,Cafe,Female,1.2
SL-02702,Arabic coffee,11.16,13,145.08,25,108.81,2025-03-22,UAE,Abu Dhabi,Hypermarket,Female,3.2
SL-02703,Camel milk,15.05,95,1429.75,20,1143.8,2024-07-24,UAE,Ajman,Hypermarket,Female,4.9
SL-02704,Soft drinks,2.73,48,131.04,0,131.04,2020-02-27,UAE,Ajman,Convenience Store,Female,1.7
SL-02705,Masala chai,7.16,89,637.24,25,477.93,2025-12-25,UAE,Fujairah,Hypermarket,Male,1.4
SL-02706,Arabic tea,5.11,5,25.55,5,24.27,2024-04-11,UAE,Sharjah,Online,Female,1.4
SL-02707,Soft drinks,2.2,2,4.4,5,4.18,2020-08-17,UAE,Ras Al Khaimah,Online,Male,3.6
SL-02708,Soft drinks,5.12,5,25.6,20,20.48,2021-07-09,UAE,Sharjah,Hypermarket,Male,4.2
SL-02709,Camel milk,14.85,26,386.1,15,328.19,2025-05-02,UAE,Ras Al Khaimah,Cafe,Male,2.4
SL-02710,Laban,4.25,8,34.0,0,34.0,2020-02-20,UAE,Ajman,Hypermarket,Male,4.8
SL-02711,Camel milk,17.58,28,492.24,20,393.79,2025-01-23,UAE,Ajman,Supermarket,Male,4.1
SL-02712,Soft drinks,2.64,14,36.96,5,35.11,2025-04-19,UAE,Ras Al Khaimah,Online,Female,4.0
SL-02713,Camel milk,15.86,64,1015.04,5,964.29,2023-07-19,UAE,Abu Dhabi,Supermarket,Male,4.3
SL-02714,Arabic tea,6.61,100,661.0,10,594.9,2021-03-30,UAE,Fujairah,Online,Female,5.0
SL-02715,Laban,3.67,9,33.03,15,28.08,2024-07-25,UAE,Umm Al Quwain,Supermarket,Male,2.2
SL-02716,Camel milk,19.8,19,376.2,30,263.34,2021-06-23,UAE,Abu Dhabi,Convenience Store,Male,4.1
SL-02717,Soft drinks,3.44,12,41.28,25,30.96,2023-01-10,UAE,Ajman,Supermarket,Male,1.7
SL-02718,Arabic tea,2.41,94,226.54,25,169.91,2025-01-01,UAE,Fujairah,Supermarket,Female,2.2
SL-02719,Arabic tea,6.21,24,149.04,15,126.68,2023-12-17,UAE,Ras Al Khaimah,Supermarket,Male,1.7
SL-02720,Masala chai,3.47,17,58.99,15,50.14,2023-05-14,UAE,Ajman,Supermarket,Female,3.4
SL-02721,Arabic coffee,10.57,87,919.59,5,873.61,2023-12-07,UAE,Sharjah,Convenience Store,Female,2.4
SL-02722,Camel milk,12.59,17,214.03,0,214.03,2021-01-07,UAE,Dubai,Cafe,Female,2.3
SL-02723,Soft drinks,5.22,70,365.4,15,310.59,2024-08-21,UAE,Umm Al Quwain,Convenience Store,Female,4.2
SL-02724,Masala chai,5.39,55,296.45,30,207.51,2020-08-28,UAE,Ras Al Khaimah,Online,Male,2.9
SL-02725,Camel milk,14.0,35,490.0,10,441.0,2024-11-30,UAE,Ajman,Convenience Store,Male,4.0
SL-02726,Arabic tea,5.29,12,63.48,20,50.78,2021-06-19,UAE,Dubai,Cafe,Male,2.2
SL-02727,Camel milk,13.25,6,79.5,0,79.5,2022-04-05,UAE,Ajman,Cafe,Female,4.1
SL-02728,Juice,7.65,94,719.1,25,539.32,2023-02-15,UAE,Abu Dhabi,Hypermarket,Female,4.9
SL-02729,Laban,4.08,56,228.48,10,205.63,2025-12-01,UAE,Ajman,Supermarket,Female,1.5
SL-02730,Juice,5.91,56,330.96,5,314.41,2022-03-27,UAE,Abu Dhabi,Supermarket,Male,5.0
SL-02731,Arabic coffee,12.27,88,1079.76,25,809.82,2022-05-02,UAE,Abu Dhabi,Supermarket,Male,2.3
SL-02732,Arabic tea,3.09,8,24.72,0,24.72,2023-04-09,UAE,Dubai,Cafe,Female,2.0
SL-02733,Arabic coffee,12.14,52,631.28,15,536.59,2025-10-15,UAE,Abu Dhabi,Cafe,Male,1.0
SL-02734,Laban,5.29,100,529.0,20,423.2,2020-01-11,UAE,Dubai,Supermarket,Male,2.6
SL-02735,Camel milk,14.96,12,179.52,15,152.59,2025-07-18,UAE,Ras Al Khaimah,Hypermarket,Female,1.6
SL-02736,Soft drinks,5.74,95,545.3,30,381.71,2025-02-26,UAE,Ras Al Khaimah,Cafe,Female,3.3
SL-02737,Arabic coffee,12.16,6,72.96,15,62.02,2020-12-02,UAE,Dubai,Cafe,Female,2.3
SL-02738,Arabic tea,6.33,71,449.43,15,382.02,2020-04-04,UAE,Ajman,Convenience Store,Male,1.2
SL-02739,Laban,6.26,76,475.76,20,380.61,2021-01-31,UAE,Sharjah,Hypermarket,Male,1.5
SL-02740,Arabic coffee,13.35,58,774.3,0,774.3,2024-02-21,UAE,Dubai,Cafe,Female,2.3
SL-02741,Arabic coffee,7.59,65,493.35,5,468.68,2020-03-15,UAE,Umm Al Quwain,Cafe,Female,2.2
SL-02742,Soft drinks,4.54,86,390.44,0,390.44,2023-02-11,UAE,Dubai,Convenience Store,Male,4.1
SL-02743,Juice,6.47,58,375.26,10,337.73,2023-01-24,UAE,Ajman,Cafe,Female,2.0
SL-02744,Arabic tea,4.02,57,229.14,5,217.68,2022-12-29,UAE,Fujairah,Supermarket,Male,3.2
SL-02745,Arabic coffee,12.21,18,219.78,25,164.83,2021-09-15,UAE,Umm Al Quwain,Cafe,Female,3.8
SL-02746,Soft drinks,4.61,66,304.26,15,258.62,2024-05-20,UAE,Ras Al Khaimah,Convenience Store,Female,1.6
SL-02747,Soft drinks,2.13,45,95.85,20,76.68,2021-07-10,UAE,Dubai,Online,Male,2.3
SL-02748,Juice,5.36,46,246.56,25,184.92,2022-06-29,UAE,Abu Dhabi,Online,Male,4.8
SL-02749,Masala chai,7.98,3,23.94,0,23.94,2021-07-25,UAE,Sharjah,Supermarket,Male,1.4
SL-02750,Laban,5.8,14,81.2,20,64.96,2023-09-02,UAE,Dubai,Online,Female,3.5
SL-02751,Masala chai,5.82,37,215.34,25,161.5,2025-03-18,UAE,Umm Al Quwain,Online,Male,1.1
SL-02752,Laban,3.69,8,29.52,10,26.57,2022-09-19,UAE,Ajman,Online,Male,1.3
SL-02753,Laban,3.57,12,42.84,0,42.84,2024-10-15,UAE,Dubai,Hypermarket,Male,4.6
SL-02754,Camel milk,12.21,17,207.57,0,207.57,2020-02-17,UAE,Fujairah,Convenience Store,Female,3.9
SL-02755,Juice,8.41,56,470.96,30,329.67,2022-11-25,UAE,Sharjah,Hypermarket,Female,4.1
SL-02756,Masala chai,4.91,6,29.46,10,26.51,2024-09-12,UAE,Fujairah,Hypermarket,Female,4.9
SL-02757,Soft drinks,5.41,39,210.99,15,179.34,2022-08-27,UAE,Umm Al Quwain,Supermarket,Male,1.4
SL-02758,Camel milk,12.39,93,1152.27,25,864.2,2021-09-01,UAE,Umm Al Quwain,Hypermarket,Female,2.2
SL-02759,Masala chai,4.17,72,300.24,15,255.2,2021-10-30,UAE,Dubai,Online,Other,3.1
SL-02760,Masala chai,6.78,96,650.88,25,488.16,2025-01-29,UAE,Abu Dhabi,Online,Female,1.7
SL-02761,Camel milk,14.11,54,761.94,25,571.45,2024-06-27,UAE,Umm Al Quwain,Online,Female,4.7
SL-02762,Soft drinks,5.42,36,195.12,0,195.12,2024-12-15,UAE,Ras Al Khaimah,Online,Female,2.6
SL-02763,Laban,6.43,35,225.05,30,157.53,2021-10-15,UAE,Ras Al Khaimah,Convenience Store,Male,4.3
SL-02764,Laban,3.24,27,87.48,10,78.73,2025-09-21,UAE,Dubai,Supermarket,Male,4.7
SL-02765,Masala chai,5.5,62,341.0,10,306.9,2022-05-08,UAE,Abu Dhabi,Hypermarket,Male,4.5
SL-02766,Masala chai,3.27,93,304.11,15,258.49,2021-09-09,UAE,Fujairah,Online,Female,4.8
SL-02767,Camel milk,12.04,82,987.28,15,839.19,2021-11-01,UAE,Umm Al Quwain,Convenience Store,Female,4.0
SL-02768,Masala chai,4.28,23,98.44,0,98.44,2020-12-26,UAE,Ajman,Convenience Store,Female,3.6
SL-02769,Arabic tea,2.62,86,225.32,25,168.99,2020-11-24,UAE,Ras Al Khaimah,Online,Female,3.2
SL-02770,Laban,3.59,32,114.88,0,114.88,2023-03-23,UAE,Umm Al Quwain,Online,Male,1.9
SL-02771,Laban,6.5,65,422.5,30,295.75,2024-09-15,UAE,Abu Dhabi,Supermarket,Female,2.1
SL-02772,Laban,3.09,52,160.68,15,136.58,2021-02-16,UAE,Sharjah,Supermarket,Male,1.4
SL-02773,Camel milk,10.18,21,213.78,30,149.65,2020-12-02,UAE,Sharjah,Convenience Store,Male,4.0
SL-02774,Arabic tea,5.63,32,180.16,30,126.11,2025-12-02,UAE,Dubai,Supermarket,Female,1.2
SL-02775,Juice,4.03,31,124.93,15,106.19,2025-08-31,UAE,Abu Dhabi,Supermarket,Female,3.6
SL-02776,Juice,4.32,8,34.56,5,32.83,2025-01-03,UAE,Abu Dhabi,Supermarket,Other,1.8
SL-02777,Laban,6.31,80,504.8,20,403.84,2020-02-24,UAE,Dubai,Supermarket,Male,2.1
SL-02778,Soft drinks,3.19,61,194.59,30,136.21,2021-02-09,UAE,Dubai,Hypermarket,Male,3.8
SL-02779,Laban,6.29,98,616.42,25,462.32,2024-05-08,UAE,Ras Al Khaimah,Online,Male,4.0
SL-02780,Soft drinks,5.04,46,231.84,25,173.88,2025-09-09,UAE,Fujairah,Cafe,Female,5.0
SL-02781,Masala chai,3.49,83,289.67,10,260.7,2024-02-02,UAE,Umm Al Quwain,Online,Female,2.3
SL-02782,Camel milk,15.54,10,155.4,5,147.63,2021-05-03,UAE,Ajman,Convenience Store,Male,3.1
SL-02783,Camel milk,13.67,22,300.74,20,240.59,2021-07-17,UAE,Ras Al Khaimah,Online,Female,1.0
SL-02784,Arabic tea,4.34,98,425.32,0,425.32,2021-03-09,UAE,Fujairah,Hypermarket,Male,4.8
SL-02785,Juice,4.16,89,370.24,20,296.19,2021-06-15,UAE,Dubai,Cafe,Male,4.3
SL-02786,Soft drinks,4.71,98,461.58,20,369.26,2021-05-09,UAE,Fujairah,Online,Male,3.0
SL-02787,Laban,3.79,44,166.76,30,116.73,2021-03-10,UAE,Abu Dhabi,Supermarket,Male,2.7
SL-02788,Camel milk,10.18,37,376.66,20,301.33,2025-08-12,UAE,Dubai,Cafe,Male,2.4
SL-02789,Camel milk,8.18,84,687.12,10,618.41,2022-05-23,UAE,Fujairah,Convenience Store,Male,4.1
SL-02790,Juice,9.78,21,205.38,30,143.77,2024-04-23,UAE,Dubai,Online,Female,4.2
SL-02791,Laban,5.68,49,278.32,20,222.66,2020-03-22,UAE,Sharjah,Online,Male,3.7
SL-02792,Juice,8.81,88,775.28,25,581.46,2022-10-04,UAE,Sharjah,Supermarket,Male,3.8
SL-02793,Laban,6.4,47,300.8,25,225.6,2021-04-17,UAE,Fujairah,Hypermarket,Male,1.2
SL-02794,Arabic tea,4.03,39,157.17,30,110.02,2020-02-09,UAE,Abu Dhabi,Online,Male,2.9
SL-02795,Soft drinks,2.79,6,16.74,30,11.72,2021-10-03,UAE,Fujairah,Cafe,Female,4.6
SL-02796,Masala chai,7.24,90,651.6,25,488.7,2021-07-14,UAE,Fujairah,Supermarket,Female,4.5
SL-02797,Masala chai,5.71,38,216.98,20,173.58,2021-03-14,UAE,Dubai,Hypermarket,Male,2.2
SL-02798,Arabic coffee,9.25,10,92.5,30,64.75,2021-02-17,UAE,Dubai,Convenience Store,Female,1.2
SL-02799,Masala chai,7.56,49,370.44,15,314.87,2024-05-08,UAE,Fujairah,Convenience Store,Female,3.9
SL-02800,Arabic coffee,7.91,92,727.72,30,509.4,2023-09-13,UAE,Abu Dhabi,Hypermarket,Female,4.7
SL-02801,Soft drinks,3.24,12,38.88,0,38.88,2023-02-05,UAE,Dubai,Convenience Store,Male,1.5
SL-02802,Juice,6.52,99,645.48,5,613.21,2024-10-04,UAE,Ajman,Cafe,Female,3.3
SL-02803,Arabic tea,6.8,41,278.8,15,236.98,2021-03-31,UAE,Abu Dhabi,Cafe,Male,4.0
SL-02804,Soft drinks,4.18,10,41.8,15,35.53,2024-03-04,UAE,Ajman,Convenience Store,Female,1.5
SL-02805,Arabic tea,4.81,65,312.65,0,312.65,2020-07-05,UAE,Sharjah,Convenience Store,Male,2.5
SL-02806,Arabic tea,5.36,77,412.72,15,350.81,2023-04-25,UAE,Abu Dhabi,Hypermarket,Female,1.1
SL-02807,Arabic tea,3.46,98,339.08,25,254.31,2025-03-09,UAE,Umm Al Quwain,Convenience Store,Female,2.7
SL-02808,Juice,4.85,46,223.1,0,223.1,2025-08-10,UAE,Ajman,Supermarket,Male,1.8
SL-02809,Juice,4.74,50,237.0,30,165.9,2022-07-30,UAE,Sharjah,Online,Female,3.6
SL-02810,Juice,7.99,8,63.92,5,60.72,2025-12-11,UAE,Dubai,Online,Male,4.9
SL-02811,Camel milk,17.32,57,987.24,10,888.52,2023-08-21,UAE,Umm Al Quwain,Supermarket,Female,3.0
SL-02812,Arabic coffee,9.59,24,230.16,15,195.64,2024-06-03,UAE,Dubai,Hypermarket,Female,2.3
SL-02813,Arabic coffee,10.28,19,195.32,15,166.02,2020-07-06,UAE,Abu Dhabi,Cafe,Female,2.2
SL-02814,Juice,6.5,33,214.5,5,203.78,2022-04-27,UAE,Dubai,Online,Female,2.5
SL-02815,Soft drinks,3.91,9,35.19,30,24.63,2024-06-30,UAE,Umm Al Quwain,Hypermarket,Female,1.8
SL-02816,Juice,6.51,18,117.18,10,105.46,2025-08-26,UAE,Ras Al Khaimah,Hypermarket,Male,3.1
SL-02817,Arabic tea,4.38,7,30.66,15,26.06,2025-11-13,UAE,Fujairah,Supermarket,Female,3.1
SL-02818,Juice,7.55,30,226.5,5,215.18,2022-11-29,UAE,Dubai,Convenience Store,Female,4.1
SL-02819,Camel milk,12.16,4,48.64,25,36.48,2024-09-08,UAE,Ras Al Khaimah,Cafe,Female,2.9
SL-02820,Arabic coffee,5.84,42,245.28,20,196.22,2020-02-06,UAE,Umm Al Quwain,Online,Male,2.0
SL-02821,Masala chai,3.96,84,332.64,25,249.48,2025-08-10,UAE,Sharjah,Online,Male,3.9
SL-02822,Laban,6.53,64,417.92,25,313.44,2020-11-11,UAE,Sharjah,Convenience Store,Male,2.7
SL-02823,Laban,5.82,4,23.28,5,22.12,2025-05-07,UAE,Umm Al Quwain,Cafe,Male,4.4
SL-02824,Soft drinks,5.44,96,522.24,30,365.57,2021-12-22,UAE,Abu Dhabi,Online,Female,1.7
SL-02825,Soft drinks,5.77,19,109.63,15,93.19,2024-02-28,UAE,Dubai,Supermarket,Female,4.3
SL-02826,Arabic coffee,13.87,55,762.85,20,610.28,2023-04-21,UAE,Dubai,Online,Male,1.7
SL-02827,Soft drinks,4.47,70,312.9,10,281.61,2022-08-11,UAE,Dubai,Convenience Store,Male,3.2
SL-02828,Camel milk,12.5,14,175.0,30,122.5,2022-01-03,UAE,Ajman,Cafe,Male,3.3
SL-02829,Soft drinks,2.12,24,50.88,25,38.16,2022-12-26,UAE,Ajman,Cafe,Female,1.1
SL-02830,Soft drinks,4.71,35,164.85,15,140.12,2020-10-19,UAE,Umm Al Quwain,Supermarket,Male,3.2
SL-02831,Juice,6.79,98,665.42,0,665.42,2020-06-10,UAE,Abu Dhabi,Supermarket,Male,1.8
SL-02832,Masala chai,6.43,5,32.15,10,28.94,2025-02-22,UAE,Ras Al Khaimah,Hypermarket,Male,2.7
SL-02833,Soft drinks,3.02,36,108.72,15,92.41,2024-12-09,UAE,Ras Al Khaimah,Hypermarket,Female,4.5
SL-02834,Soft drinks,4.25,57,242.25,15,205.91,2020-05-13,UAE,Abu Dhabi,Cafe,Male,1.9
SL-02835,Arabic coffee,8.98,42,377.16,10,339.44,2023-08-24,UAE,Dubai,Hypermarket,Female,3.5
SL-02836,Camel milk,16.39,29,475.31,25,356.48,2025-07-13,UAE,Ras Al Khaimah,Hypermarket,Male,3.8
SL-02837,Soft drinks,4.16,12,49.92,5,47.42,2020-07-14,UAE,Ras Al Khaimah,Supermarket,Female,1.9
SL-02838,Masala chai,7.87,73,574.51,30,402.16,2024-09-15,UAE,Ajman,Supermarket,Male,2.7
SL-02839,Juice,6.37,43,273.91,30,191.74,2023-05-29,UAE,Abu Dhabi,Online,Female,3.2
SL-02840,Masala chai,7.89,76,599.64,15,509.69,2020-04-05,UAE,Sharjah,Cafe,Female,3.3
SL-02841,Juice,8.34,65,542.1,30,379.47,2025-07-21,UAE,Ras Al Khaimah,Online,Male,1.0
SL-02842,Masala chai,6.77,3,20.31,5,19.29,2021-02-27,UAE,Dubai,Cafe,Male,3.9
SL-02843,Laban,6.84,22,150.48,20,120.38,2024-03-01,UAE,Dubai,Hypermarket,Male,1.3
SL-02844,Arabic tea,6.13,39,239.07,30,167.35,2020-05-21,UAE,Abu Dhabi,Cafe,Male,2.0
SL-02845,Laban,3.9,21,81.9,10,73.71,2021-11-18,UAE,Abu Dhabi,Hypermarket,Male,1.0
SL-02846,Soft drinks,3.43,6,20.58,5,19.55,2023-11-10,UAE,Umm Al Quwain,Convenience Store,Female,4.2
SL-02847,Arabic tea,6.87,15,103.05,20,82.44,2020-05-16,UAE,Fujairah,Hypermarket,Other,2.1
SL-02848,Soft drinks,5.42,75,406.5,20,325.2,2022-05-02,UAE,Umm Al Quwain,Cafe,Female,2.1
SL-02849,Laban,3.77,100,377.0,5,358.15,2021-10-30,UAE,Abu Dhabi,Hypermarket,Male,2.0
SL-02850,Laban,4.71,1,4.71,30,3.3,2022-08-02,UAE,Ras Al Khaimah,Supermarket,Male,4.0
SL-02851,Camel milk,9.52,35,333.2,30,233.24,2024-12-24,UAE,Sharjah,Supermarket,Male,3.3
SL-02852,Arabic tea,3.67,77,282.59,15,240.2,2020-08-19,UAE,Sharjah,Cafe,Female,1.5
SL-02853,Camel milk,9.71,64,621.44,15,528.22,2024-03-02,UAE,Abu Dhabi,Supermarket,Male,2.2
SL-02854,Masala chai,3.8,2,7.6,15,6.46,2021-01-15,UAE,Abu Dhabi,Cafe,Female,2.1
SL-02855,Laban,3.81,58,220.98,10,198.88,2025-01-02,UAE,Ras Al Khaimah,Supermarket,Female,1.7
SL-02856,Camel milk,16.44,13,213.72,15,181.66,2024-09-30,UAE,Sharjah,Hypermarket,Female,1.5
SL-02857,Arabic tea,6.75,61,411.75,10,370.58,2024-04-18,UAE,Abu Dhabi,Cafe,Female,2.6
SL-02858,Camel milk,18.77,19,356.63,25,267.47,2022-07-25,UAE,Dubai,Cafe,Male,2.8
SL-02859,Camel milk,8.05,76,611.8,5,581.21,2021-07-16,UAE,Fujairah,Cafe,Female,2.3
SL-02860,Masala chai,3.31,22,72.82,25,54.62,2023-09-21,UAE,Dubai,Supermarket,Male,1.9
SL-02861,Masala chai,3.05,13,39.65,10,35.69,2023-05-11,UAE,Abu Dhabi,Hypermarket,Male,3.6
SL-02862,Soft drinks,4.66,7,32.62,20,26.1,2021-07-26,UAE,Umm Al Quwain,Online,Male,3.4
SL-02863,Masala chai,5.33,17,90.61,10,81.55,2021-01-17,UAE,Fujairah,Convenience Store,Female,1.6
SL-02864,Laban,5.18,91,471.38,30,329.97,2021-03-24,UAE,Sharjah,Convenience Store,Female,3.2
SL-02865,Laban,3.72,1,3.72,10,3.35,2025-07-11,UAE,Umm Al Quwain,Cafe,Male,1.2
SL-02866,Arabic coffee,8.82,74,652.68,5,620.05,2024-10-27,UAE,Abu Dhabi,Hypermarket,Female,3.4
SL-02867,Masala chai,3.48,80,278.4,0,278.4,2023-04-02,UAE,Abu Dhabi,Convenience Store,Male,3.2
SL-02868,Juice,5.65,67,378.55,10,340.7,2025-11-29,UAE,Fujairah,Cafe,Female,2.4
SL-02869,Laban,3.77,95,358.15,20,286.52,2025-05-11,UAE,Abu Dhabi,Convenience Store,Female,3.8
SL-02870,Soft drinks,3.62,23,83.26,0,83.26,2021-11-20,UAE,Fujairah,Cafe,Male,2.9
SL-02871,Masala chai,4.53,28,126.84,30,88.79,2024-05-23,UAE,Umm Al Quwain,Convenience Store,Female,1.3
SL-02872,Soft drinks,4.22,23,97.06,5,92.21,2022-01-21,UAE,Umm Al Quwain,Convenience Store,Male,1.4
SL-02873,Masala chai,6.65,85,565.25,25,423.94,2025-01-05,UAE,Ajman,Hypermarket,Female,5.0
SL-02874,Soft drinks,4.21,25,105.25,20,84.2,2021-01-06,UAE,Umm Al Quwain,Convenience Store,Female,3.6
SL-02875,Arabic tea,6.73,21,141.33,5,134.26,2020-02-16,UAE,Sharjah,Supermarket,Male,3.3
SL-02876,Arabic tea,2.07,90,186.3,25,139.72,2020-06-11,UAE,Ajman,Online,Male,3.8
SL-02877,Soft drinks,3.64,1,3.64,10,3.28,2024-01-19,UAE,Umm Al Quwain,Convenience Store,Female,1.2
SL-02878,Juice,5.17,9,46.53,15,39.55,2022-08-06,UAE,Umm Al Quwain,Convenience Store,Female,1.1
SL-02879,Laban,3.3,95,313.5,30,219.45,2022-04-02,UAE,Dubai,Cafe,Male,2.5
SL-02880,Laban,5.48,18,98.64,5,93.71,2022-06-29,UAE,Sharjah,Online,Male,4.8
SL-02881,Juice,9.11,89,810.79,0,810.79,2025-06-13,UAE,Ajman,Supermarket,Female,1.6
SL-02882,Arabic coffee,5.37,52,279.24,10,251.32,2020-08-12,UAE,Ajman,Supermarket,Female,4.0
SL-02883,Juice,9.85,17,167.45,15,142.33,2023-12-20,UAE,Sharjah,Hypermarket,Female,3.9
SL-02884,Camel milk,8.18,42,343.56,5,326.38,2024-12-26,UAE,Ajman,Hypermarket,Male,2.7
SL-02885,Arabic tea,4.13,19,78.47,30,54.93,2022-03-22,UAE,Abu Dhabi,Supermarket,Male,4.5
SL-02886,Arabic tea,4.05,2,8.1,25,6.08,2024-11-17,UAE,Umm Al Quwain,Cafe,Male,3.9
SL-02887,Masala chai,3.69,26,95.94,25,71.96,2023-03-24,UAE,Dubai,Online,Male,4.6
SL-02888,Camel milk,18.98,26,493.48,15,419.46,2025-11-13,UAE,Abu Dhabi,Online,Male,4.6
SL-02889,Masala chai,5.38,54,290.52,30,203.36,2022-10-25,UAE,Dubai,Online,Female,1.8
SL-02890,Laban,4.17,80,333.6,0,333.6,2025-04-22,UAE,Umm Al Quwain,Convenience Store,Female,4.2
SL-02891,Masala chai,7.29,13,94.77,20,75.82,2025-07-18,UAE,Ras Al Khaimah,Online,Male,1.3
SL-02892,Laban,5.46,25,136.5,5,129.67,2022-06-16,UAE,Sharjah,Hypermarket,Male,1.7
SL-02893,Juice,5.85,99,579.15,10,521.24,2024-10-20,UAE,Dubai,Online,Male,2.1
SL-02894,Arabic tea,3.68,26,95.68,20,76.54,2020-02-14,UAE,Umm Al Quwain,Online,Female,2.8
SL-02895,Soft drinks,3.44,38,130.72,30,91.5,2021-07-14,UAE,Ras Al Khaimah,Convenience Store,Female,2.5
SL-02896,Juice,7.36,6,44.16,10,39.74,2022-12-26,UAE,Fujairah,Online,Male,3.1
SL-02897,Camel milk,15.83,1,15.83,20,12.66,2023-07-05,UAE,Sharjah,Hypermarket,Female,2.3
SL-02898,Juice,8.45,35,295.75,5,280.96,2020-03-06,UAE,Dubai,Online,Female,1.9
SL-02899,Arabic tea,5.99,75,449.25,30,314.47,2024-10-16,UAE,Abu Dhabi,Online,Female,2.0
SL-02900,Camel milk,11.66,83,967.78,25,725.84,2025-11-10,UAE,Ajman,Supermarket,Male,2.8
SL-02901,Masala chai,4.38,59,258.42,0,258.42,2023-12-10,UAE,Ajman,Online,Male,4.0
SL-02902,Juice,5.54,54,299.16,30,209.41,2022-08-15,UAE,Ajman,Hypermarket,Female,2.6
SL-02903,Juice,7.32,9,65.88,10,59.29,2024-03-06,UAE,Fujairah,Convenience Store,Female,1.3
SL-02904,Arabic tea,4.59,78,358.02,20,286.42,2021-11-14,UAE,Dubai,Supermarket,Male,2.9
SL-02905,Laban,6.37,2,12.74,30,8.92,2024-04-26,UAE,Ras Al Khaimah,Convenience Store,Male,3.8
SL-02906,Camel milk,11.48,31,355.88,10,320.29,2022-07-22,UAE,Ajman,Online,Male,4.6
SL-02907,Arabic coffee,7.48,35,261.8,15,222.53,2025-06-01,UAE,Ras Al Khaimah,Cafe,Male,1.1
SL-02908,Arabic coffee,9.4,28,263.2,0,263.2,2021-05-07,UAE,Umm Al Quwain,Online,Male,4.2
SL-02909,Laban,6.73,24,161.52,25,121.14,2023-02-25,UAE,Abu Dhabi,Online,Male,4.4
SL-02910,Arabic tea,2.41,3,7.23,30,5.06,2023-09-09,UAE,Ras Al Khaimah,Online,Female,3.0
SL-02911,Soft drinks,4.01,43,172.43,25,129.32,2024-08-25,UAE,Ras Al Khaimah,Supermarket,Male,4.0
SL-02912,Soft drinks,3.22,22,70.84,25,53.13,2025-05-26,UAE,Ras Al Khaimah,Cafe,Female,3.0
SL-02913,Juice,4.14,41,169.74,30,118.82,2023-05-24,UAE,Fujairah,Convenience Store,Female,4.4
SL-02914,Laban,3.55,16,56.8,25,42.6,2024-09-26,UAE,Ajman,Supermarket,Male,4.4
SL-02915,Arabic tea,5.5,10,55.0,20,44.0,2024-07-25,UAE,Umm Al Quwain,Online,Female,2.8
SL-02916,Juice,5.24,8,41.92,30,29.34,2020-03-01,UAE,Dubai,Online,Female,3.3
SL-02917,Juice,5.15,75,386.25,20,309.0,2021-10-16,UAE,Abu Dhabi,Cafe,Female,1.3
SL-02918,Juice,4.72,20,94.4,15,80.24,2022-08-13,UAE,Fujairah,Convenience Store,Female,4.1
SL-02919,Juice,4.54,95,431.3,0,431.3,2022-12-10,UAE,Ras Al Khaimah,Online,Female,2.2
SL-02920,Soft drinks,3.62,38,137.56,5,130.68,2022-08-18,UAE,Dubai,Hypermarket,Female,3.4
SL-02921,Camel milk,16.09,31,498.79,10,448.91,2024-01-09,UAE,Sharjah,Cafe,Female,1.5
SL-02922,Arabic tea,4.83,54,260.82,15,221.7,2023-10-24,UAE,Dubai,Online,Female,1.3
SL-02923,Arabic tea,4.69,25,117.25,0,117.25,2023-01-17,UAE,Sharjah,Convenience Store,Other,3.1
SL-02924,Soft drinks,4.25,66,280.5,25,210.38,2020-08-10,UAE,Umm Al Quwain,Convenience Store,Female,2.0
SL-02925,Arabic coffee,6.47,89,575.83,25,431.87,2024-08-23,UAE,Umm Al Quwain,Supermarket,Male,3.2
SL-02926,Juice,7.01,1,7.01,15,5.96,2022-06-27,UAE,Fujairah,Online,Female,2.1
SL-02927,Arabic coffee,6.14,83,509.62,20,407.7,2022-10-31,UAE,Ras Al Khaimah,Supermarket,Male,3.6
SL-02928,Arabic tea,4.9,93,455.7,25,341.78,2025-01-12,UAE,Abu Dhabi,Cafe,Male,1.0
SL-02929,Arabic tea,2.23,61,136.03,0,136.03,2025-01-01,UAE,Ras Al Khaimah,Hypermarket,Male,2.2
SL-02930,Camel milk,10.44,66,689.04,25,516.78,2020-09-25,UAE,Ras Al Khaimah,Supermarket,Female,4.6
SL-02931,Juice,4.96,20,99.2,20,79.36,2023-04-27,UAE,Abu Dhabi,Cafe,Female,3.2
SL-02932,Arabic tea,3.5,68,238.0,10,214.2,2021-08-26,UAE,Umm Al Quwain,Supermarket,Female,1.1
SL-02933,Laban,5.03,75,377.25,10,339.52,2023-02-02,UAE,Ras Al Khaimah,Hypermarket,Female,2.9
SL-02934,Camel milk,8.9,70,623.0,0,623.0,2024-04-25,UAE,Ajman,Cafe,Female,3.9
SL-02935,Arabic tea,2.55,61,155.55,15,132.22,2021-06-30,UAE,Ajman,Hypermarket,Male,1.1
SL-02936,Arabic tea,2.08,80,166.4,0,166.4,2024-09-21,UAE,Ajman,Supermarket,Female,4.2
SL-02937,Soft drinks,4.69,34,159.46,10,143.51,2022-01-23,UAE,Sharjah,Hypermarket,Male,3.4
SL-02938,Arabic coffee,7.53,67,504.51,25,378.38,2020-02-14,UAE,Umm Al Quwain,Online,Female,1.3
SL-02939,Arabic coffee,12.46,85,1059.1,25,794.33,2022-05-30,UAE,Abu Dhabi,Convenience Store,Male,4.5
SL-02940,Juice,7.58,75,568.5,0,568.5,2022-01-18,UAE,Abu Dhabi,Hypermarket,Male,2.0
SL-02941,Laban,6.64,73,484.72,15,412.01,2025-01-12,UAE,Ajman,Supermarket,Male,2.5
SL-02942,Camel milk,9.58,97,929.26,10,836.33,2023-06-16,UAE,Abu Dhabi,Online,Male,4.4
SL-02943,Camel milk,12.22,29,354.38,25,265.79,2025-12-22,UAE,Umm Al Quwain,Online,Male,4.0
SL-02944,Arabic tea,4.2,48,201.6,30,141.12,2023-01-19,UAE,Sharjah,Supermarket,Female,4.5
SL-02945,Arabic tea,6.39,66,421.74,20,337.39,2025-01-24,UAE,Abu Dhabi,Supermarket,Male,3.9
SL-02946,Juice,5.49,48,263.52,10,237.17,2021-06-04,UAE,Fujairah,Online,Male,5.0
SL-02947,Soft drinks,3.71,49,181.79,15,154.52,2025-12-06,UAE,Umm Al Quwain,Online,Female,3.5
SL-02948,Juice,5.7,10,57.0,5,54.15,2021-12-14,UAE,Sharjah,Cafe,Male,4.3
SL-02949,Soft drinks,4.99,33,164.67,5,156.44,2024-08-09,UAE,Ras Al Khaimah,Cafe,Male,1.7
SL-02950,Laban,5.48,2,10.96,15,9.32,2024-07-29,UAE,Ajman,Online,Male,2.8
SL-02951,Soft drinks,2.76,45,124.2,15,105.57,2021-09-24,UAE,Ras Al Khaimah,Cafe,Female,4.8
SL-02952,Laban,6.66,78,519.48,30,363.64,2025-05-09,UAE,Fujairah,Cafe,Male,2.3
SL-02953,Arabic tea,6.86,72,493.92,20,395.14,2024-11-11,UAE,Ajman,Online,Male,1.7
SL-02954,Camel milk,11.61,32,371.52,10,334.37,2022-10-27,UAE,Ras Al Khaimah,Hypermarket,Male,4.8
SL-02955,Laban,6.25,13,81.25,10,73.13,2020-12-12,UAE,Abu Dhabi,Cafe,Female,1.8
SL-02956,Soft drinks,5.96,52,309.92,0,309.92,2020-07-22,UAE,Dubai,Supermarket,Female,2.2
SL-02957,Arabic coffee,14.79,90,1331.1,15,1131.44,2020-10-02,UAE,Ajman,Hypermarket,Female,3.9
SL-02958,Arabic tea,3.52,84,295.68,25,221.76,2020-10-16,UAE,Abu Dhabi,Supermarket,Female,3.9
SL-02959,Soft drinks,3.2,3,9.6,5,9.12,2025-04-09,UAE,Ras Al Khaimah,Cafe,Female,1.6
SL-02960,Soft drinks,2.13,79,168.27,20,134.62,2021-10-16,UAE,Ajman,Convenience Store,Female,2.5
SL-02961,Arabic coffee,12.86,90,1157.4,5,1099.53,2021-09-11,UAE,Sharjah,Supermarket,Male,4.9
SL-02962,Camel milk,14.22,30,426.6,10,383.94,2024-10-13,UAE,Umm Al Quwain,Hypermarket,Male,4.7
SL-02963,Juice,7.65,14,107.1,20,85.68,2020-05-19,UAE,Sharjah,Cafe,Female,2.6
SL-02964,Arabic coffee,14.88,48,714.24,15,607.1,2024-02-01,UAE,Ras Al Khaimah,Hypermarket,Female,1.3
SL-02965,Soft drinks,4.51,1,4.51,15,3.83,2024-10-29,UAE,Ras Al Khaimah,Online,Male,4.7
SL-02966,Laban,4.33,62,268.46,5,255.04,2022-10-12,UAE,Umm Al Quwain,Convenience Store,Female,1.0
SL-02967,Arabic tea,6.7,63,422.1,10,379.89,2022-03-06,UAE,Dubai,Hypermarket,Male,4.9
SL-02968,Juice,7.96,41,326.36,30,228.45,2025-07-24,UAE,Ajman,Supermarket,Male,3.0
SL-02969,Soft drinks,4.57,10,45.7,15,38.84,2022-01-04,UAE,Sharjah,Supermarket,Male,1.3
SL-02970,Camel milk,9.76,43,419.68,30,293.78,2022-03-23,UAE,Ras Al Khaimah,Cafe,Female,1.3
SL-02971,Laban,4.94,27,133.38,15,113.37,2023-04-18,UAE,Dubai,Hypermarket,Male,1.7
SL-02972,Arabic tea,6.98,36,251.28,30,175.9,2023-01-14,UAE,Ajman,Convenience Store,Female,1.0
SL-02973,Juice,6.59,57,375.63,25,281.72,2023-07-15,UAE,Ras Al Khaimah,Online,Female,4.1
SL-02974,Camel milk,19.08,1,19.08,25,14.31,2020-10-19,UAE,Umm Al Quwain,Online,Male,1.3
SL-02975,Arabic tea,4.36,5,21.8,25,16.35,2021-11-12,UAE,Ras Al Khaimah,Convenience Store,Male,3.8
SL-02976,Arabic tea,4.69,45,211.05,0,211.05,2020-05-31,UAE,Sharjah,Convenience Store,Male,4.9
SL-02977,Laban,6.26,72,450.72,30,315.5,2020-11-19,UAE,Sharjah,Cafe,Male,2.4
SL-02978,Arabic coffee,12.37,13,160.81,10,144.73,2024-05-26,UAE,Umm Al Quwain,Online,Male,3.9
SL-02979,Arabic coffee,8.66,78,675.48,25,506.61,2025-04-20,UAE,Dubai,Online,Male,3.0
SL-02980,Camel milk,8.61,2,17.22,20,13.78,2023-06-30,UAE,Abu Dhabi,Supermarket,Female,2.3
SL-02981,Camel milk,14.47,3,43.41,30,30.39,2021-09-04,UAE,Abu Dhabi,Cafe,Female,3.8
SL-02982,Soft drinks,2.33,70,163.1,0,163.1,2021-10-18,UAE,Fujairah,Hypermarket,Female,2.6
SL-02983,Arabic tea,6.7,94,629.8,0,629.8,2024-06-23,UAE,Abu Dhabi,Cafe,Male,4.3
SL-02984,Arabic coffee,14.49,81,1173.69,25,880.27,2020-02-20,UAE,Fujairah,Supermarket,Female,3.1
SL-02985,Soft drinks,3.57,21,74.97,20,59.98,2023-03-03,UAE,Fujairah,Convenience Store,Male,4.6
SL-02986,Arabic coffee,9.37,77,721.49,5,685.42,2024-09-06,UAE,Umm Al Quwain,Hypermarket,Female,2.4
SL-02987,Soft drinks,2.8,25,70.0,20,56.0,2025-09-08,UAE,Ajman,Convenience Store,Male,1.1
SL-02988,Camel milk,17.15,56,960.4,15,816.34,2025-06-01,UAE,Dubai,Cafe,Female,3.4
SL-02989,Camel milk,15.16,6,90.96,25,68.22,2023-03-01,UAE,Fujairah,Supermarket,Female,3.5
SL-02990,Arabic tea,3.11,12,37.32,5,35.45,2021-01-29,UAE,Fujairah,Hypermarket,Female,2.5
SL-02991,Masala chai,5.69,71,403.99,10,363.59,2022-09-14,UAE,Ras Al Khaimah,Supermarket,Male,4.2
SL-02992,Soft drinks,4.63,15,69.45,20,55.56,2021-10-12,UAE,Fujairah,Online,Male,5.0
SL-02993,Soft drinks,2.07,29,60.03,20,48.02,2024-01-28,UAE,Ajman,Supermarket,Male,4.8
SL-02994,Arabic coffee,7.79,62,482.98,25,362.23,2021-07-17,UAE,Fujairah,Supermarket,Female,3.7
SL-02995,Arabic coffee,13.95,11,153.45,15,130.43,2023-10-20,UAE,Umm Al Quwain,Supermarket,Male,4.0
SL-02996,Arabic coffee,7.44,35,260.4,15,221.34,2021-06-25,UAE,Umm Al Quwain,Online,Female,5.0
SL-02997,Arabic tea,4.04,32,129.28,10,116.35,2022-08-08,UAE,Fujairah,Cafe,Male,1.0
SL-02998,Camel milk,9.65,50,482.5,0,482.5,2025-06-14,UAE,Fujairah,Cafe,Male,1.5
SL-02999,Arabic tea,4.78,58,277.24,0,277.24,2020-07-31,UAE,Abu Dhabi,Online,Female,1.2
SL-03000,Juice,5.42,51,276.42,15,234.96,2021-06-13,UAE,Abu Dhabi,Online,Female,2.5
SL-03001,Arabic coffee,10.31,83,855.73,0,855.73,2021-05-09,UAE,Fujairah,Online,Male,1.0
SL-03002,Camel milk,18.31,76,1391.56,0,1391.56,2022-08-29,UAE,Ras Al Khaimah,Supermarket,Other,1.2
SL-03003,Arabic coffee,5.29,47,248.63,5,236.2,2022-03-30,UAE,Dubai,Cafe,Male,1.6
SL-03004,Arabic tea,6.71,97,650.87,10,585.78,2021-04-04,UAE,Ras Al Khaimah,Online,Female,2.5
SL-03005,Laban,5.6,24,134.4,15,114.24,2020-06-25,UAE,Dubai,Supermarket,Female,3.1
SL-03006,Soft drinks,5.45,60,327.0,10,294.3,2022-11-21,UAE,Umm Al Quwain,Online,Female,3.6
SL-03007,Arabic tea,3.37,81,272.97,20,218.38,2023-02-27,UAE,Abu Dhabi,Supermarket,Male,4.0
SL-03008,Arabic coffee,7.85,43,337.55,5,320.67,2021-05-09,UAE,Ras Al Khaimah,Supermarket,Male,1.1
SL-03009,Arabic coffee,10.48,50,524.0,10,471.6,2023-03-05,UAE,Fujairah,Convenience Store,Female,2.1
SL-03010,Arabic tea,3.65,52,189.8,5,180.31,2021-09-03,UAE,Umm Al Quwain,Hypermarket,Female,3.7
SL-03011,Camel milk,13.92,64,890.88,0,890.88,2024-07-30,UAE,Sharjah,Online,Male,1.9
SL-03012,Camel milk,17.73,18,319.14,10,287.23,2025-01-12,UAE,Ras Al Khaimah,Online,Male,1.0
SL-03013,Arabic tea,5.2,97,504.4,15,428.74,2020-09-14,UAE,Ajman,Supermarket,Male,2.4
SL-03014,Masala chai,5.52,4,22.08,0,22.08,2022-08-01,UAE,Sharjah,Hypermarket,Female,1.3
SL-03015,Arabic coffee,12.26,12,147.12,15,125.05,2025-11-26,UAE,Ajman,Supermarket,Male,1.2
SL-03016,Juice,7.43,48,356.64,5,338.81,2023-08-29,UAE,Abu Dhabi,Convenience Store,Male,1.8
SL-03017,Masala chai,5.21,34,177.14,0,177.14,2024-02-05,UAE,Fujairah,Online,Female,3.9
SL-03018,Soft drinks,2.39,41,97.99,25,73.49,2021-05-19,UAE,Ajman,Cafe,Male,3.9
SL-03019,Laban,6.73,11,74.03,30,51.82,2024-11-15,UAE,Fujairah,Cafe,Female,3.1
SL-03020,Arabic coffee,14.37,92,1322.04,15,1123.73,2021-05-19,UAE,Ras Al Khaimah,Hypermarket,Male,2.6
SL-03021,Laban,3.94,42,165.48,25,124.11,2025-02-27,UAE,Ras Al Khaimah,Online,Male,3.7
SL-03022,Juice,7.28,1,7.28,10,6.55,2022-09-21,UAE,Fujairah,Online,Male,1.7
SL-03023,Arabic coffee,11.94,61,728.34,30,509.84,2020-01-25,UAE,Fujairah,Supermarket,Female,2.0
SL-03024,Arabic tea,5.21,73,380.33,5,361.31,2022-09-17,UAE,Abu Dhabi,Supermarket,Female,2.7
SL-03025,Soft drinks,2.76,19,52.44,25,39.33,2021-06-29,UAE,Fujairah,Cafe,Female,1.9
SL-03026,Soft drinks,4.26,52,221.52,10,199.37,2021-06-30,UAE,Sharjah,Supermarket,Male,3.2
SL-03027,Masala chai,4.2,21,88.2,30,61.74,2022-02-04,UAE,Ajman,Online,Male,4.4
SL-03028,Masala chai,3.83,61,233.63,5,221.95,2023-10-17,UAE,Ras Al Khaimah,Hypermarket,Male,3.1
SL-03029,Arabic coffee,6.41,18,115.38,5,109.61,2020-01-01,UAE,Fujairah,Hypermarket,Male,1.4
SL-03030,Camel milk,13.08,25,327.0,5,310.65,2022-05-20,UAE,Umm Al Quwain,Hypermarket,Female,2.2
SL-03031,Masala chai,5.47,10,54.7,20,43.76,2025-06-02,UAE,Ras Al Khaimah,Cafe,Male,3.4
SL-03032,Masala chai,7.1,11,78.1,10,70.29,2024-05-12,UAE,Umm Al Quwain,Convenience Store,Female,1.5
SL-03033,Camel milk,18.98,57,1081.86,10,973.67,2022-04-06,UAE,Ajman,Cafe,Female,3.5
SL-03034,Laban,6.84,16,109.44,0,109.44,2022-05-24,UAE,Dubai,Online,Female,4.9
SL-03035,Arabic coffee,6.55,100,655.0,30,458.5,2025-03-29,UAE,Ajman,Hypermarket,Female,3.0
SL-03036,Juice,5.31,10,53.1,15,45.14,2024-06-19,UAE,Fujairah,Cafe,Female,1.1
SL-03037,Juice,9.57,94,899.58,15,764.64,2020-08-02,UAE,Dubai,Online,Male,3.2
SL-03038,Soft drinks,3.51,5,17.55,10,15.8,2023-05-31,UAE,Ras Al Khaimah,Convenience Store,Male,3.0
SL-03039,Soft drinks,4.52,11,49.72,25,37.29,2023-05-03,UAE,Umm Al Quwain,Supermarket,Female,4.2
SL-03040,Arabic coffee,5.54,64,354.56,10,319.1,2025-09-04,UAE,Dubai,Online,Male,4.0
SL-03041,Soft drinks,3.71,54,200.34,5,190.32,2024-10-26,UAE,Sharjah,Cafe,Female,4.4
SL-03042,Arabic tea,2.8,6,16.8,5,15.96,2024-01-01,UAE,Fujairah,Online,Male,3.0
SL-03043,Arabic coffee,13.47,52,700.44,30,490.31,2025-01-08,UAE,Sharjah,Online,Female,2.1
SL-03044,Masala chai,4.58,63,288.54,25,216.4,2025-06-07,UAE,Ras Al Khaimah,Hypermarket,Male,4.7
SL-03045,Arabic coffee,10.74,70,751.8,25,563.85,2025-09-03,UAE,Sharjah,Cafe,Female,2.0
SL-03046,Juice,4.21,95,399.95,20,319.96,2022-04-30,UAE,Sharjah,Convenience Store,Male,2.1
SL-03047,Soft drinks,5.29,100,529.0,30,370.3,2022-06-30,UAE,Ajman,Convenience Store,Male,1.5
SL-03048,Laban,4.03,49,197.47,0,197.47,2025-12-25,UAE,Abu Dhabi,Supermarket,Male,3.2
SL-03049,Arabic tea,5.25,85,446.25,30,312.37,2023-10-22,UAE,Dubai,Convenience Store,Female,3.2
SL-03050,Soft drinks,3.01,1,3.01,25,2.26,2021-10-31,UAE,Dubai,Hypermarket,Female,2.7
SL-03051,Soft drinks,5.64,76,428.64,20,342.91,2021-10-23,UAE,Fujairah,Convenience Store,Female,2.2
SL-03052,Masala chai,4.99,60,299.4,25,224.55,2025-08-14,UAE,Ras Al Khaimah,Online,Male,3.1
SL-03053,Laban,3.57,17,60.69,5,57.66,2020-08-24,UAE,Ajman,Cafe,Female,3.6
SL-03054,Masala chai,6.29,38,239.02,0,239.02,2022-03-29,UAE,Ajman,Cafe,Male,3.8
SL-03055,Arabic coffee,12.23,74,905.02,25,678.77,2023-01-15,UAE,Sharjah,Online,Male,4.0
SL-03056,Juice,4.15,87,361.05,10,324.95,2024-05-03,UAE,Ras Al Khaimah,Online,Female,3.5
SL-03057,Soft drinks,5.53,70,387.1,5,367.74,2022-04-04,UAE,Dubai,Cafe,Female,2.8
SL-03058,Juice,8.82,7,61.74,30,43.22,2020-12-08,UAE,Ras Al Khaimah,Supermarket,Female,1.6
SL-03059,Juice,6.4,1,6.4,0,6.4,2025-01-15,UAE,Ajman,Convenience Store,Male,2.3
SL-03060,Arabic coffee,10.07,36,362.52,10,326.27,2024-01-08,UAE,Ajman,Cafe,Female,2.3
SL-03061,Juice,6.11,23,140.53,10,126.48,2024-05-01,UAE,Ajman,Online,Male,1.0
SL-03062,Laban,4.79,67,320.93,30,224.65,2023-04-07,UAE,Umm Al Quwain,Online,Female,4.4
SL-03063,Arabic coffee,5.57,10,55.7,15,47.34,2021-12-18,UAE,Ajman,Convenience Store,Male,1.4
SL-03064,Masala chai,7.31,34,248.54,0,248.54,2023-04-27,UAE,Umm Al Quwain,Cafe,Female,2.9
SL-03065,Camel milk,9.72,26,252.72,5,240.08,2020-03-10,UAE,Ras Al Khaimah,Online,Female,5.0
SL-03066,Laban,6.1,41,250.1,30,175.07,2022-10-01,UAE,Ajman,Supermarket,Female,2.8
SL-03067,Juice,5.16,80,412.8,10,371.52,2024-08-11,UAE,Umm Al Quwain,Convenience Store,Male,1.8
SL-03068,Camel milk,10.08,89,897.12,10,807.41,2022-07-03,UAE,Fujairah,Supermarket,Female,3.9
SL-03069,Camel milk,19.8,100,1980.0,30,1386.0,2020-02-19,UAE,Sharjah,Supermarket,Male,3.7
SL-03070,Laban,6.08,82,498.56,0,498.56,2025-06-17,UAE,Umm Al Quwain,Cafe,Male,2.9
SL-03071,Soft drinks,5.36,44,235.84,5,224.05,2023-01-12,UAE,Ras Al Khaimah,Convenience Store,Male,2.5
SL-03072,Laban,3.05,41,125.05,0,125.05,2025-07-08,UAE,Ajman,Hypermarket,Male,4.1
SL-03073,Masala chai,7.94,2,15.88,20,12.7,2022-10-25,UAE,Sharjah,Online,Female,4.8
SL-03074,Arabic coffee,5.19,44,228.36,20,182.69,2024-11-05,UAE,Umm Al Quwain,Cafe,Male,3.6
SL-03075,Camel milk,10.02,79,791.58,10,712.42,2020-06-30,UAE,Sharjah,Hypermarket,Female,4.2
SL-03076,Arabic tea,3.17,12,38.04,10,34.24,2025-11-02,UAE,Ras Al Khaimah,Cafe,Female,1.6
SL-03077,Masala chai,6.05,3,18.15,15,15.43,2024-12-07,UAE,Abu Dhabi,Convenience Store,Male,1.9
SL-03078,Arabic coffee,9.6,37,355.2,20,284.16,2021-04-10,UAE,Ajman,Online,Male,2.5
SL-03079,Arabic coffee,8.09,66,533.94,15,453.85,2021-10-13,UAE,Fujairah,Convenience Store,Other,3.7
SL-03080,Soft drinks,2.01,67,134.67,30,94.27,2025-10-30,UAE,Fujairah,Hypermarket,Female,2.3
SL-03081,Arabic tea,3.98,66,262.68,30,183.88,2022-06-19,UAE,Sharjah,Supermarket,Female,1.6
SL-03082,Soft drinks,5.88,55,323.4,0,323.4,2023-02-20,UAE,Fujairah,Convenience Store,Female,2.5
SL-03083,Soft drinks,3.84,62,238.08,10,214.27,2022-02-27,UAE,Ras Al Khaimah,Hypermarket,Male,4.9
SL-03084,Arabic coffee,5.02,52,261.04,5,247.99,2020-12-20,UAE,Umm Al Quwain,Cafe,Male,4.9
SL-03085,Masala chai,3.46,68,235.28,30,164.7,2023-04-22,UAE,Umm Al Quwain,Supermarket,Male,3.0
SL-03086,Arabic tea,2.73,49,133.77,30,93.64,2020-04-05,UAE,Sharjah,Convenience Store,Female,2.7
SL-03087,Juice,9.57,31,296.67,5,281.84,2025-01-18,UAE,Ajman,Hypermarket,Male,2.9
SL-03088,Laban,5.01,75,375.75,0,375.75,2020-08-19,UAE,Abu Dhabi,Hypermarket,Male,3.7
SL-03089,Camel milk,16.5,98,1617.0,15,1374.45,2025-01-09,UAE,Sharjah,Convenience Store,Female,3.9
SL-03090,Camel milk,16.05,71,1139.55,10,1025.6,2022-11-28,UAE,Umm Al Quwain,Online,Other,3.3
SL-03091,Camel milk,15.53,57,885.21,15,752.43,2020-11-13,UAE,Ajman,Convenience Store,Male,3.4
SL-03092,Arabic tea,6.39,70,447.3,20,357.84,2025-03-10,UAE,Ras Al Khaimah,Supermarket,Female,4.0
SL-03093,Laban,3.27,75,245.25,0,245.25,2023-05-24,UAE,Sharjah,Online,Female,3.2
SL-03094,Masala chai,5.55,78,432.9,30,303.03,2022-05-10,UAE,Fujairah,Online,Male,4.3
SL-03095,Laban,4.05,66,267.3,15,227.21,2020-03-10,UAE,Ajman,Hypermarket,Female,4.4
SL-03096,Arabic coffee,9.79,11,107.69,5,102.31,2021-04-14,UAE,Abu Dhabi,Cafe,Male,1.4
SL-03097,Arabic coffee,12.86,78,1003.08,0,1003.08,2021-02-12,UAE,Fujairah,Convenience Store,Female,3.2
SL-03098,Soft drinks,5.71,83,473.93,30,331.75,2021-02-06,UAE,Ras Al Khaimah,Cafe,Female,4.4
SL-03099,Laban,6.07,4,24.28,25,18.21,2020-05-30,UAE,Umm Al Quwain,Online,Male,2.6
SL-03100,Arabic tea,2.59,59,152.81,20,122.25,2021-08-12,UAE,Abu Dhabi,Hypermarket,Male,1.6
SL-03101,Juice,7.32,30,219.6,5,208.62,2023-05-29,UAE,Sharjah,Cafe,Female,4.4
SL-03102,Laban,6.61,6,39.66,5,37.68,2025-02-28,UAE,Fujairah,Convenience Store,Male,3.0
SL-03103,Laban,5.46,67,365.82,30,256.07,2023-12-22,UAE,Fujairah,Hypermarket,Other,1.8
SL-03104,Arabic coffee,9.46,63,595.98,15,506.58,2022-06-12,UAE,Abu Dhabi,Supermarket,Female,4.4
SL-03105,Camel milk,11.87,44,522.28,25,391.71,2024-01-04,UAE,Dubai,Convenience Store,Male,4.6
SL-03106,Soft drinks,4.57,68,310.76,15,264.15,2025-10-16,UAE,Ras Al Khaimah,Cafe,Female,4.0
SL-03107,Masala chai,6.55,36,235.8,10,212.22,2022-05-07,UAE,Dubai,Convenience Store,Male,3.0
SL-03108,Camel milk,19.66,40,786.4,0,786.4,2021-02-23,UAE,Sharjah,Online,Female,3.6
SL-03109,Arabic tea,2.76,30,82.8,25,62.1,2024-12-23,UAE,Umm Al Quwain,Convenience Store,Female,1.8
SL-03110,Camel milk,11.89,97,1153.33,15,980.33,2024-11-28,UAE,Umm Al Quwain,Cafe,Female,4.0
SL-03111,Arabic tea,4.25,58,246.5,20,197.2,2022-12-29,UAE,Dubai,Hypermarket,Male,4.9
SL-03112,Masala chai,5.13,38,194.94,10,175.45,2022-08-07,UAE,Ajman,Online,Female,2.2
SL-03113,Arabic tea,5.86,93,544.98,30,381.49,2022-06-11,UAE,Ajman,Convenience Store,Female,1.3
SL-03114,Soft drinks,4.45,62,275.9,5,262.11,2021-05-02,UAE,Umm Al Quwain,Online,Female,1.8
SL-03115,Masala chai,5.91,64,378.24,10,340.42,2021-08-26,UAE,Ajman,Hypermarket,Female,3.8
SL-03116,Arabic coffee,9.39,14,131.46,20,105.17,2020-06-03,UAE,Ajman,Cafe,Female,1.8
SL-03117,Soft drinks,4.26,12,51.12,10,46.01,2021-11-01,UAE,Ras Al Khaimah,Convenience Store,Female,3.6
SL-03118,Arabic tea,3.13,23,71.99,10,64.79,2020-10-09,UAE,Dubai,Online,Female,3.9
SL-03119,Laban,4.39,95,417.05,10,375.35,2020-04-08,UAE,Ras Al Khaimah,Hypermarket,Female,4.2
SL-03120,Juice,9.46,39,368.94,10,332.05,2024-05-11,UAE,Umm Al Quwain,Online,Female,3.8
SL-03121,Soft drinks,4.91,45,220.95,25,165.71,2020-12-03,UAE,Fujairah,Cafe,Male,2.1
SL-03122,Arabic coffee,9.87,95,937.65,20,750.12,2020-02-23,UAE,Dubai,Online,Male,1.0
SL-03123,Soft drinks,5.59,10,55.9,20,44.72,2023-03-20,UAE,Fujairah,Supermarket,Male,3.2
SL-03124,Camel milk,10.74,98,1052.52,10,947.27,2020-08-27,UAE,Umm Al Quwain,Convenience Store,Female,2.5
SL-03125,Arabic coffee,10.91,72,785.52,5,746.24,2021-06-10,UAE,Fujairah,Online,Female,2.2
SL-03126,Laban,6.24,17,106.08,20,84.86,2022-04-04,UAE,Ajman,Convenience Store,Female,5.0
SL-03127,Arabic tea,6.67,20,133.4,15,113.39,2024-04-23,UAE,Umm Al Quwain,Convenience Store,Female,4.0
SL-03128,Arabic coffee,13.19,15,197.85,20,158.28,2024-03-26,UAE,Abu Dhabi,Online,Male,2.8
SL-03129,Juice,6.48,10,64.8,0,64.8,2023-02-12,UAE,Abu Dhabi,Convenience Store,Female,4.7
SL-03130,Soft drinks,5.25,5,26.25,5,24.94,2022-06-20,UAE,Umm Al Quwain,Hypermarket,Male,3.8
SL-03131,Masala chai,6.07,70,424.9,0,424.9,2022-06-23,UAE,Dubai,Hypermarket,Female,4.9
SL-03132,Juice,6.93,80,554.4,25,415.8,2020-10-22,UAE,Dubai,Supermarket,Male,2.8
SL-03133,Masala chai,3.75,39,146.25,10,131.63,2021-11-03,UAE,Umm Al Quwain,Online,Male,2.2
SL-03134,Soft drinks,2.98,45,134.1,0,134.1,2024-11-13,UAE,Ajman,Convenience Store,Female,4.6
SL-03135,Masala chai,3.7,49,181.3,30,126.91,2021-06-09,UAE,Dubai,Supermarket,Female,2.0
SL-03136,Juice,5.31,73,387.63,20,310.1,2023-10-03,UAE,Umm Al Quwain,Convenience Store,Female,3.6
SL-03137,Masala chai,5.91,21,124.11,25,93.08,2022-12-12,UAE,Abu Dhabi,Online,Female,2.5
SL-03138,Arabic tea,2.46,78,191.88,0,191.88,2023-08-17,UAE,Dubai,Hypermarket,Female,4.9
SL-03139,Camel milk,19.67,96,1888.32,30,1321.82,2022-05-03,UAE,Sharjah,Convenience Store,Male,3.9
SL-03140,Arabic tea,6.68,35,233.8,30,163.66,2021-07-30,UAE,Sharjah,Convenience Store,Female,2.6
SL-03141,Soft drinks,4.13,69,284.97,5,270.72,2022-08-14,UAE,Ras Al Khaimah,Supermarket,Male,4.0
SL-03142,Camel milk,11.03,47,518.41,10,466.57,2022-03-21,UAE,Ajman,Supermarket,Male,2.9
SL-03143,Soft drinks,3.43,15,51.45,10,46.31,2023-07-21,UAE,Fujairah,Cafe,Male,3.1
SL-03144,Soft drinks,2.25,89,200.25,0,200.25,2024-12-10,UAE,Sharjah,Supermarket,Female,2.1
SL-03145,Juice,7.9,55,434.5,0,434.5,2024-03-11,UAE,Ras Al Khaimah,Hypermarket,Male,3.1
SL-03146,Laban,3.21,13,41.73,25,31.3,2023-07-02,UAE,Fujairah,Cafe,Male,2.0
SL-03147,Soft drinks,4.33,42,181.86,0,181.86,2024-08-16,UAE,Dubai,Convenience Store,Male,2.9
SL-03148,Soft drinks,4.53,2,9.06,15,7.7,2020-07-04,UAE,Umm Al Quwain,Cafe,Male,2.8
SL-03149,Laban,5.69,81,460.89,20,368.71,2025-02-03,UAE,Sharjah,Online,Male,2.3
SL-03150,Arabic tea,2.26,83,187.58,20,150.06,2022-03-21,UAE,Fujairah,Supermarket,Male,2.7
SL-03151,Soft drinks,5.7,93,530.1,0,530.1,2020-02-20,UAE,Sharjah,Convenience Store,Male,4.0
SL-03152,Juice,4.2,24,100.8,5,95.76,2023-10-05,UAE,Dubai,Hypermarket,Female,2.7
SL-03153,Arabic coffee,11.91,43,512.13,25,384.1,2023-03-26,UAE,Dubai,Convenience Store,Female,1.6
SL-03154,Arabic coffee,5.96,38,226.48,30,158.54,2021-02-26,UAE,Abu Dhabi,Supermarket,Male,2.9
SL-03155,Masala chai,3.38,41,138.58,25,103.93,2024-07-03,UAE,Ras Al Khaimah,Cafe,Male,1.4
SL-03156,Juice,9.36,27,252.72,30,176.9,2021-07-13,UAE,Fujairah,Cafe,Male,1.5
SL-03157,Masala chai,3.19,41,130.79,5,124.25,2020-07-12,UAE,Umm Al Quwain,Cafe,Male,3.7
SL-03158,Masala chai,4.89,84,410.76,0,410.76,2021-04-11,UAE,Dubai,Cafe,Female,4.4
SL-03159,Arabic tea,3.04,69,209.76,10,188.78,2021-12-14,UAE,Abu Dhabi,Hypermarket,Female,1.8
SL-03160,Masala chai,3.91,49,191.59,0,191.59,2022-11-07,UAE,Umm Al Quwain,Hypermarket,Male,3.9
SL-03161,Masala chai,7.16,53,379.48,25,284.61,2025-08-12,UAE,Sharjah,Convenience Store,Male,2.2
SL-03162,Juice,5.79,39,225.81,20,180.65,2025-09-28,UAE,Ajman,Online,Female,1.7
SL-03163,Juice,6.58,35,230.3,5,218.78,2023-12-31,UAE,Fujairah,Supermarket,Female,3.3
SL-03164,Soft drinks,3.75,59,221.25,25,165.94,2022-09-20,UAE,Fujairah,Online,Female,4.5
SL-03165,Masala chai,6.31,71,448.01,25,336.01,2022-08-08,UAE,Fujairah,Convenience Store,Male,2.9
SL-03166,Masala chai,5.02,100,502.0,0,502.0,2024-07-13,UAE,Sharjah,Hypermarket,Other,4.9
SL-03167,Masala chai,7.07,73,516.11,30,361.28,2021-10-07,UAE,Dubai,Convenience Store,Male,4.6
SL-03168,Masala chai,6.94,82,569.08,20,455.26,2021-03-07,UAE,Dubai,Cafe,Female,2.7
SL-03169,Masala chai,5.36,48,257.28,5,244.42,2021-10-14,UAE,Abu Dhabi,Online,Female,3.8
SL-03170,Masala chai,7.39,100,739.0,10,665.1,2022-08-13,UAE,Umm Al Quwain,Online,Male,2.3
SL-03171,Masala chai,4.04,75,303.0,25,227.25,2023-10-20,UAE,Fujairah,Online,Male,3.5
SL-03172,Arabic coffee,7.5,38,285.0,5,270.75,2023-05-04,UAE,Fujairah,Online,Female,3.4
SL-03173,Camel milk,12.07,11,132.77,5,126.13,2024-09-09,UAE,Fujairah,Online,Female,3.8
SL-03174,Soft drinks,4.98,71,353.58,5,335.9,2024-08-09,UAE,Sharjah,Convenience Store,Male,3.6
SL-03175,Laban,4.31,96,413.76,15,351.7,2024-05-29,UAE,Abu Dhabi,Cafe,Male,4.1
SL-03176,Arabic coffee,10.38,38,394.44,20,315.55,2020-11-12,UAE,Ajman,Cafe,Female,3.5
SL-03177,Juice,4.58,29,132.82,25,99.62,2025-10-11,UAE,Ras Al Khaimah,Supermarket,Male,4.6
SL-03178,Arabic coffee,6.97,60,418.2,0,418.2,2025-04-25,UAE,Dubai,Hypermarket,Male,4.2
SL-03179,Soft drinks,3.52,61,214.72,25,161.04,2024-10-01,UAE,Abu Dhabi,Supermarket,Female,2.1
SL-03180,Arabic tea,4.41,71,313.11,25,234.83,2023-01-31,UAE,Dubai,Cafe,Female,2.5
SL-03181,Laban,3.83,17,65.11,0,65.11,2023-05-04,UAE,Sharjah,Online,Female,3.4
SL-03182,Arabic tea,5.87,51,299.37,5,284.4,2021-11-04,UAE,Sharjah,Convenience Store,Female,4.0
SL-03183,Juice,9.05,38,343.9,10,309.51,2021-03-21,UAE,Umm Al Quwain,Online,Male,4.3
SL-03184,Juice,4.83,75,362.25,30,253.58,2022-05-31,UAE,Umm Al Quwain,Cafe,Female,2.2
SL-03185,Juice,8.92,34,303.28,20,242.62,2024-08-21,UAE,Umm Al Quwain,Supermarket,Other,1.4
SL-03186,Arabic coffee,14.11,92,1298.12,10,1168.31,2020-04-14,UAE,Ras Al Khaimah,Online,Male,2.6
SL-03187,Juice,8.09,71,574.39,5,545.67,2021-03-05,UAE,Abu Dhabi,Convenience Store,Male,1.4
SL-03188,Juice,4.64,45,208.8,30,146.16,2022-10-08,UAE,Umm Al Quwain,Cafe,Male,2.6
SL-03189,Laban,5.41,94,508.54,20,406.83,2023-01-18,UAE,Dubai,Supermarket,Male,1.9
SL-03190,Soft drinks,3.9,86,335.4,15,285.09,2023-01-25,UAE,Umm Al Quwain,Online,Female,1.8
SL-03191,Laban,6.18,37,228.66,0,228.66,2020-12-28,UAE,Umm Al Quwain,Cafe,Female,3.8
SL-03192,Arabic coffee,5.62,10,56.2,30,39.34,2022-10-25,UAE,Ajman,Online,Female,1.2
SL-03193,Laban,3.36,52,174.72,0,174.72,2020-12-06,UAE,Sharjah,Cafe,Female,3.4
SL-03194,Arabic tea,2.12,40,84.8,25,63.6,2024-09-04,UAE,Abu Dhabi,Supermarket,Male,3.2
SL-03195,Arabic tea,4.08,16,65.28,15,55.49,2020-06-11,UAE,Ras Al Khaimah,Supermarket,Female,1.3
SL-03196,Soft drinks,3.17,16,50.72,30,35.5,2023-09-10,UAE,Umm Al Quwain,Hypermarket,Male,4.6
SL-03197,Masala chai,5.77,20,115.4,0,115.4,2025-05-12,UAE,Abu Dhabi,Convenience Store,Male,2.7
SL-03198,Laban,6.94,13,90.22,15,76.69,2024-04-14,UAE,Umm Al Quwain,Cafe,Male,4.7
SL-03199,Camel milk,8.96,62,555.52,0,555.52,2021-07-07,UAE,Umm Al Quwain,Supermarket,Female,1.5
SL-03200,Arabic tea,5.53,75,414.75,25,311.06,2025-03-15,UAE,Sharjah,Supermarket,Other,2.2
SL-03201,Arabic coffee,13.67,21,287.07,20,229.66,2025-12-25,UAE,Ras Al Khaimah,Supermarket,Male,1.5
SL-03202,Juice,9.11,39,355.29,10,319.76,2022-05-22,UAE,Abu Dhabi,Online,Female,1.3
SL-03203,Juice,6.86,66,452.76,10,407.48,2020-10-20,UAE,Ajman,Online,Male,2.7
SL-03204,Soft drinks,4.22,11,46.42,0,46.42,2024-04-01,UAE,Fujairah,Online,Male,4.9
SL-03205,Camel milk,17.39,37,643.43,5,611.26,2020-07-15,UAE,Abu Dhabi,Hypermarket,Male,2.1
SL-03206,Camel milk,16.52,11,181.72,10,163.55,2024-11-09,UAE,Abu Dhabi,Convenience Store,Male,3.4
SL-03207,Arabic coffee,6.86,9,61.74,15,52.48,2023-08-16,UAE,Ras Al Khaimah,Convenience Store,Female,2.3
SL-03208,Soft drinks,5.03,64,321.92,25,241.44,2023-03-05,UAE,Sharjah,Supermarket,Male,3.5
SL-03209,Juice,8.32,9,74.88,25,56.16,2023-02-04,UAE,Ajman,Cafe,Female,3.8
SL-03210,Laban,5.1,46,234.6,15,199.41,2022-06-23,UAE,Ajman,Cafe,Male,3.3
SL-03211,Camel milk,8.37,14,117.18,20,93.74,2024-07-04,UAE,Fujairah,Convenience Store,Male,2.4
SL-03212,Soft drinks,3.46,100,346.0,20,276.8,2020-12-19,UAE,Sharjah,Hypermarket,Female,1.7
SL-03213,Juice,4.94,52,256.88,5,244.04,2024-04-16,UAE,Umm Al Quwain,Convenience Store,Male,1.1
SL-03214,Arabic tea,2.04,3,6.12,25,4.59,2023-01-29,UAE,Dubai,Supermarket,Male,5.0
SL-03215,Camel milk,18.07,1,18.07,30,12.65,2022-01-07,UAE,Ajman,Cafe,Female,4.8
SL-03216,Masala chai,3.2,90,288.0,20,230.4,2024-08-13,UAE,Ajman,Supermarket,Female,1.0
SL-03217,Juice,7.25,8,58.0,25,43.5,2020-02-01,UAE,Sharjah,Supermarket,Male,3.1
SL-03218,Juice,6.45,25,161.25,20,129.0,2021-10-22,UAE,Fujairah,Supermarket,Male,4.5
SL-03219,Soft drinks,2.92,71,207.32,5,196.95,2023-02-11,UAE,Abu Dhabi,Hypermarket,Female,2.1
SL-03220,Juice,5.96,20,119.2,20,95.36,2023-05-02,UAE,Abu Dhabi,Convenience Store,Other,3.4
SL-03221,Camel milk,8.02,12,96.24,0,96.24,2021-04-19,UAE,Fujairah,Cafe,Male,3.4
SL-03222,Soft drinks,3.49,14,48.86,25,36.65,2023-07-11,UAE,Dubai,Hypermarket,Male,1.1
SL-03223,Soft drinks,3.27,100,327.0,15,277.95,2021-06-21,UAE,Abu Dhabi,Hypermarket,Female,3.1
SL-03224,Arabic tea,2.04,56,114.24,10,102.82,2020-06-16,UAE,Dubai,Convenience Store,Female,3.2
SL-03225,Laban,6.04,68,410.72,5,390.18,2020-10-25,UAE,Dubai,Hypermarket,Female,1.1
SL-03226,Camel milk,18.74,14,262.36,20,209.89,2023-09-25,UAE,Sharjah,Convenience Store,Male,1.3
SL-03227,Arabic tea,5.8,98,568.4,20,454.72,2025-04-07,UAE,Umm Al Quwain,Supermarket,Female,2.1
SL-03228,Laban,4.64,59,273.76,10,246.38,2025-09-19,UAE,Fujairah,Hypermarket,Female,1.7
SL-03229,Arabic coffee,10.55,79,833.45,5,791.78,2020-04-12,UAE,Dubai,Online,Male,2.4
SL-03230,Arabic coffee,14.95,60,897.0,20,717.6,2024-12-26,UAE,Ras Al Khaimah,Supermarket,Female,1.4
SL-03231,Masala chai,7.66,31,237.46,30,166.22,2023-09-21,UAE,Fujairah,Online,Female,1.1
SL-03232,Laban,4.29,45,193.05,15,164.09,2020-03-26,UAE,Umm Al Quwain,Convenience Store,Female,2.2
SL-03233,Laban,6.04,24,144.96,20,115.97,2024-10-26,UAE,Fujairah,Supermarket,Female,3.4
SL-03234,Laban,5.55,89,493.95,10,444.55,2024-10-23,UAE,Sharjah,Hypermarket,Female,4.2
SL-03235,Camel milk,12.53,94,1177.82,0,1177.82,2025-01-26,UAE,Ajman,Convenience Store,Male,2.0
SL-03236,Arabic tea,3.37,57,192.09,0,192.09,2021-01-16,UAE,Dubai,Online,Male,2.8
SL-03237,Soft drinks,3.67,72,264.24,0,264.24,2024-01-05,UAE,Sharjah,Cafe,Female,1.2
SL-03238,Soft drinks,4.54,66,299.64,10,269.68,2021-10-20,UAE,Abu Dhabi,Online,Female,3.5
SL-03239,Arabic coffee,11.13,51,567.63,10,510.87,2022-01-08,UAE,Sharjah,Convenience Store,Male,4.3
SL-03240,Masala chai,7.01,2,14.02,20,11.22,2022-10-23,UAE,Sharjah,Hypermarket,Male,1.6
SL-03241,Soft drinks,2.85,66,188.1,0,188.1,2021-05-31,UAE,Umm Al Quwain,Supermarket,Male,2.8
SL-03242,Masala chai,3.55,43,152.65,10,137.38,2023-10-16,UAE,Abu Dhabi,Online,Female,2.3
SL-03243,Masala chai,5.29,75,396.75,0,396.75,2024-03-31,UAE,Ajman,Hypermarket,Female,3.3
SL-03244,Camel milk,9.95,22,218.9,10,197.01,2022-06-26,UAE,Ajman,Supermarket,Male,4.1
SL-03245,Arabic coffee,6.44,44,283.36,25,212.52,2020-12-04,UAE,Ras Al Khaimah,Convenience Store,Male,4.7
SL-03246,Masala chai,6.2,18,111.6,20,89.28,2021-07-26,UAE,Ajman,Hypermarket,Male,1.1
SL-03247,Laban,4.74,24,113.76,25,85.32,2025-06-11,UAE,Ras Al Khaimah,Cafe,Male,1.6
SL-03248,Masala chai,7.76,77,597.52,5,567.64,2025-03-15,UAE,Umm Al Quwain,Hypermarket,Male,1.3
SL-03249,Laban,6.71,23,154.33,0,154.33,2024-04-15,UAE,Sharjah,Hypermarket,Female,4.6
SL-03250,Laban,3.84,1,3.84,15,3.26,2022-06-01,UAE,Abu Dhabi,Hypermarket,Female,4.0
SL-03251,Camel milk,18.07,76,1373.32,5,1304.65,2024-01-07,UAE,Ras Al Khaimah,Supermarket,Male,4.1
SL-03252,Camel milk,10.22,6,61.32,15,52.12,2022-09-24,UAE,Dubai,Cafe,Male,3.3
SL-03253,Soft drinks,3.49,29,101.21,15,86.03,2020-08-26,UAE,Ras Al Khaimah,Online,Male,1.2
SL-03254,Arabic coffee,5.22,91,475.02,20,380.02,2022-01-24,UAE,Fujairah,Convenience Store,Male,2.5
SL-03255,Arabic tea,3.7,92,340.4,25,255.3,2024-02-18,UAE,Fujairah,Convenience Store,Female,1.3
SL-03256,Masala chai,7.85,40,314.0,0,314.0,2021-08-07,UAE,Fujairah,Online,Female,3.5
SL-03257,Soft drinks,2.0,100,200.0,10,180.0,2024-04-26,UAE,Fujairah,Hypermarket,Male,1.9
SL-03258,Arabic coffee,11.28,60,676.8,30,473.76,2024-12-11,UAE,Ras Al Khaimah,Supermarket,Male,2.5
SL-03259,Arabic coffee,7.88,32,252.16,15,214.34,2023-12-15,UAE,Dubai,Supermarket,Female,4.8
SL-03260,Soft drinks,4.71,90,423.9,0,423.9,2024-09-19,UAE,Dubai,Online,Female,2.7
SL-03261,Arabic coffee,9.28,8,74.24,10,66.82,2020-10-01,UAE,Abu Dhabi,Online,Female,4.0
SL-03262,Soft drinks,2.11,74,156.14,5,148.33,2025-05-06,UAE,Ras Al Khaimah,Supermarket,Female,3.6
SL-03263,Laban,3.22,85,273.7,0,273.7,2020-10-10,UAE,Umm Al Quwain,Cafe,Male,1.5
SL-03264,Arabic coffee,6.14,62,380.68,25,285.51,2025-05-11,UAE,Ras Al Khaimah,Online,Male,3.5
SL-03265,Arabic coffee,9.28,43,399.04,5,379.09,2023-12-28,UAE,Abu Dhabi,Hypermarket,Male,2.9
SL-03266,Laban,3.62,18,65.16,15,55.39,2024-02-14,UAE,Umm Al Quwain,Cafe,Female,3.6
SL-03267,Juice,5.32,64,340.48,0,340.48,2022-02-27,UAE,Dubai,Convenience Store,Female,3.4
SL-03268,Camel milk,8.48,96,814.08,5,773.38,2021-08-31,UAE,Ajman,Convenience Store,Female,2.0
SL-03269,Arabic tea,3.22,90,289.8,0,289.8,2025-08-19,UAE,Abu Dhabi,Hypermarket,Male,2.4
SL-03270,Arabic tea,3.9,79,308.1,5,292.7,2022-11-22,UAE,Abu Dhabi,Online,Female,3.1
SL-03271,Camel milk,13.89,71,986.19,5,936.88,2023-10-28,UAE,Umm Al Quwain,Online,Male,3.3
SL-03272,Soft drinks,5.68,18,102.24,0,102.24,2020-05-04,UAE,Dubai,Supermarket,Female,3.7
SL-03273,Arabic tea,3.94,46,181.24,5,172.18,2024-12-28,UAE,Fujairah,Online,Male,1.7
SL-03274,Arabic tea,5.97,29,173.13,30,121.19,2023-02-19,UAE,Sharjah,Supermarket,Female,3.0
SL-03275,Masala chai,7.72,29,223.88,30,156.72,2024-05-25,UAE,Abu Dhabi,Online,Female,2.5
SL-03276,Masala chai,7.65,50,382.5,20,306.0,2023-04-17,UAE,Ajman,Online,Male,2.8
SL-03277,Laban,4.7,22,103.4,10,93.06,2021-05-07,UAE,Umm Al Quwain,Cafe,Male,2.5
SL-03278,Camel milk,11.68,81,946.08,5,898.78,2024-09-11,UAE,Sharjah,Supermarket,Female,3.3
SL-03279,Masala chai,4.92,43,211.56,30,148.09,2024-09-23,UAE,Dubai,Hypermarket,Female,1.2
SL-03280,Arabic tea,2.63,58,152.54,15,129.66,2023-08-01,UAE,Fujairah,Online,Male,4.8
SL-03281,Arabic coffee,5.22,57,297.54,20,238.03,2021-07-21,UAE,Umm Al Quwain,Hypermarket,Male,4.5
SL-03282,Camel milk,9.57,15,143.55,10,129.19,2022-03-13,UAE,Ajman,Convenience Store,Female,1.7
SL-03283,Masala chai,7.46,60,447.6,20,358.08,2025-07-11,UAE,Umm Al Quwain,Supermarket,Male,2.4
SL-03284,Arabic coffee,10.67,18,192.06,10,172.85,2025-02-22,UAE,Dubai,Cafe,Male,3.6
SL-03285,Camel milk,10.44,84,876.96,20,701.57,2021-08-12,UAE,Ras Al Khaimah,Hypermarket,Male,2.8
SL-03286,Arabic tea,3.22,57,183.54,25,137.66,2023-01-09,UAE,Fujairah,Hypermarket,Female,4.7
SL-03287,Masala chai,3.32,51,169.32,15,143.92,2022-06-18,UAE,Ajman,Online,Male,1.8
SL-03288,Arabic coffee,6.41,67,429.47,15,365.05,2021-09-12,UAE,Abu Dhabi,Supermarket,Male,5.0
SL-03289,Camel milk,17.86,7,125.02,25,93.77,2021-06-02,UAE,Fujairah,Cafe,Male,4.7
SL-03290,Juice,8.9,99,881.1,30,616.77,2024-09-28,UAE,Ras Al Khaimah,Hypermarket,Male,4.0
SL-03291,Arabic tea,4.26,74,315.24,15,267.95,2024-07-18,UAE,Dubai,Cafe,Male,4.9
SL-03292,Juice,8.34,82,683.88,0,683.88,2022-11-03,UAE,Fujairah,Hypermarket,Male,4.4
SL-03293,Laban,6.67,56,373.52,20,298.82,2024-09-13,UAE,Abu Dhabi,Supermarket,Female,2.5
SL-03294,Masala chai,5.84,7,40.88,0,40.88,2021-01-18,UAE,Umm Al Quwain,Hypermarket,Male,3.5
SL-03295,Laban,6.72,48,322.56,0,322.56,2023-04-10,UAE,Umm Al Quwain,Supermarket,Male,4.6
SL-03296,Juice,4.66,45,209.7,30,146.79,2025-11-15,UAE,Ras Al Khaimah,Supermarket,Female,1.2
SL-03297,Arabic coffee,10.1,82,828.2,30,579.74,2020-09-07,UAE,Fujairah,Supermarket,Male,3.6
SL-03298,Masala chai,3.31,31,102.61,0,102.61,2020-11-06,UAE,Sharjah,Online,Male,3.0
SL-03299,Arabic coffee,7.14,43,307.02,5,291.67,2025-05-09,UAE,Ras Al Khaimah,Supermarket,Male,3.6
SL-03300,Masala chai,5.29,46,243.34,20,194.67,2021-02-26,UAE,Dubai,Hypermarket,Male,3.6
SL-03301,Juice,7.1,41,291.1,15,247.44,2025-01-20,UAE,Sharjah,Online,Male,4.4
SL-03302,Laban,4.05,12,48.6,20,38.88,2021-02-24,UAE,Dubai,Hypermarket,Female,4.2
SL-03303,Juice,9.38,68,637.84,25,478.38,2021-01-17,UAE,Ras Al Khaimah,Hypermarket,Male,1.4
SL-03304,Camel milk,12.39,50,619.5,15,526.58,2025-04-09,UAE,Umm Al Quwain,Cafe,Female,1.5
SL-03305,Arabic tea,6.16,57,351.12,10,316.01,2024-08-22,UAE,Ras Al Khaimah,Cafe,Male,1.8
SL-03306,Camel milk,13.72,6,82.32,25,61.74,2022-04-29,UAE,Sharjah,Supermarket,Male,4.9
SL-03307,Masala chai,3.95,46,181.7,25,136.28,2024-12-06,UAE,Ras Al Khaimah,Supermarket,Female,2.7
SL-03308,Arabic coffee,6.5,48,312.0,5,296.4,2025-09-16,UAE,Sharjah,Hypermarket,Other,3.3
SL-03309,Soft drinks,3.13,50,156.5,15,133.02,2025-05-28,UAE,Fujairah,Hypermarket,Male,4.6
SL-03310,Masala chai,5.8,9,52.2,25,39.15,2024-10-18,UAE,Sharjah,Cafe,Female,4.7
SL-03311,Laban,4.94,27,133.38,0,133.38,2023-10-28,UAE,Umm Al Quwain,Hypermarket,Male,4.2
SL-03312,Soft drinks,2.63,60,157.8,5,149.91,2022-06-28,UAE,Ajman,Online,Male,3.2
SL-03313,Masala chai,4.58,82,375.56,10,338.0,2025-10-22,UAE,Umm Al Quwain,Supermarket,Male,1.5
SL-03314,Masala chai,7.72,55,424.6,0,424.6,2022-02-19,UAE,Abu Dhabi,Supermarket,Female,2.9
SL-03315,Camel milk,14.42,73,1052.66,15,894.76,2022-07-05,UAE,Abu Dhabi,Supermarket,Female,4.1
SL-03316,Laban,6.46,22,142.12,15,120.8,2021-04-19,UAE,Umm Al Quwain,Online,Male,4.7
SL-03317,Camel milk,18.55,65,1205.75,10,1085.17,2025-08-26,UAE,Abu Dhabi,Convenience Store,Male,3.9
SL-03318,Juice,5.19,100,519.0,20,415.2,2020-10-26,UAE,Dubai,Supermarket,Male,1.3
SL-03319,Camel milk,17.93,92,1649.56,30,1154.69,2025-06-25,UAE,Sharjah,Hypermarket,Male,3.7
SL-03320,Soft drinks,5.55,7,38.85,10,34.97,2025-01-05,UAE,Fujairah,Online,Female,3.8
SL-03321,Juice,4.56,80,364.8,30,255.36,2025-04-28,UAE,Umm Al Quwain,Online,Female,3.7
SL-03322,Camel milk,12.51,91,1138.41,20,910.73,2025-02-07,UAE,Ajman,Convenience Store,Female,2.6
SL-03323,Juice,5.78,78,450.84,20,360.67,2023-03-23,UAE,Fujairah,Online,Female,1.9
SL-03324,Arabic tea,3.33,3,9.99,20,7.99,2023-02-27,UAE,Fujairah,Convenience Store,Male,4.7
SL-03325,Soft drinks,5.95,49,291.55,25,218.66,2022-03-31,UAE,Fujairah,Convenience Store,Male,2.8
SL-03326,Arabic coffee,6.82,12,81.84,20,65.47,2020-02-24,UAE,Dubai,Convenience Store,Male,3.5
SL-03327,Juice,4.13,89,367.57,10,330.81,2023-10-02,UAE,Ajman,Hypermarket,Male,4.0
SL-03328,Juice,8.73,76,663.48,0,663.48,2020-06-28,UAE,Dubai,Convenience Store,Male,3.8
SL-03329,Camel milk,12.76,20,255.2,15,216.92,2023-11-29,UAE,Dubai,Supermarket,Female,1.5
SL-03330,Laban,5.29,27,142.83,25,107.12,2022-04-12,UAE,Sharjah,Online,Female,3.4
SL-03331,Soft drinks,3.27,65,212.55,20,170.04,2022-02-04,UAE,Fujairah,Hypermarket,Male,4.6
SL-03332,Camel milk,11.4,52,592.8,15,503.88,2025-08-31,UAE,Ras Al Khaimah,Supermarket,Female,2.5
SL-03333,Juice,9.91,50,495.5,30,346.85,2022-04-30,UAE,Sharjah,Hypermarket,Female,1.1
SL-03334,Camel milk,19.31,64,1235.84,25,926.88,2025-10-24,UAE,Abu Dhabi,Online,Male,1.6
SL-03335,Soft drinks,3.24,69,223.56,10,201.2,2025-08-02,UAE,Sharjah,Cafe,Female,5.0
SL-03336,Arabic coffee,6.29,1,6.29,0,6.29,2021-08-01,UAE,Umm Al Quwain,Supermarket,Female,3.9
SL-03337,Camel milk,14.55,86,1251.3,0,1251.3,2020-03-12,UAE,Dubai,Convenience Store,Female,2.5
SL-03338,Masala chai,3.43,4,13.72,20,10.98,2025-07-22,UAE,Umm Al Quwain,Convenience Store,Male,4.3
SL-03339,Camel milk,12.81,84,1076.04,5,1022.24,2022-03-22,UAE,Fujairah,Supermarket,Female,3.8
SL-03340,Soft drinks,3.28,54,177.12,30,123.98,2022-04-02,UAE,Fujairah,Hypermarket,Male,3.9
SL-03341,Arabic tea,2.06,8,16.48,0,16.48,2022-08-19,UAE,Fujairah,Supermarket,Female,3.1
SL-03342,Camel milk,14.64,67,980.88,0,980.88,2025-12-17,UAE,Fujairah,Supermarket,Female,2.2
SL-03343,Camel milk,10.08,83,836.64,5,794.81,2022-01-06,UAE,Sharjah,Convenience Store,Male,3.2
SL-03344,Laban,5.73,80,458.4,25,343.8,2024-12-21,UAE,Abu Dhabi,Supermarket,Female,3.8
SL-03345,Juice,6.55,32,209.6,30,146.72,2020-04-11,UAE,Ajman,Online,Male,4.7
SL-03346,Laban,6.16,11,67.76,5,64.37,2023-05-26,UAE,Abu Dhabi,Online,Female,2.4
SL-03347,Arabic tea,4.29,90,386.1,10,347.49,2022-06-21,UAE,Umm Al Quwain,Online,Female,4.5
SL-03348,Camel milk,19.92,12,239.04,0,239.04,2022-09-28,UAE,Sharjah,Cafe,Female,3.7
SL-03349,Camel milk,18.34,56,1027.04,15,872.98,2021-07-25,UAE,Abu Dhabi,Cafe,Male,3.0
SL-03350,Camel milk,14.69,16,235.04,25,176.28,2025-04-27,UAE,Sharjah,Hypermarket,Female,3.4
SL-03351,Juice,8.4,46,386.4,25,289.8,2025-05-15,UAE,Dubai,Supermarket,Male,2.9
SL-03352,Arabic coffee,13.67,66,902.22,15,766.89,2025-12-14,UAE,Ajman,Online,Female,1.5
SL-03353,Laban,6.24,28,174.72,15,148.51,2024-01-04,UAE,Abu Dhabi,Online,Female,4.6
SL-03354,Camel milk,9.05,84,760.2,15,646.17,2021-10-12,UAE,Umm Al Quwain,Hypermarket,Male,2.6
SL-03355,Soft drinks,3.7,56,207.2,15,176.12,2022-03-08,UAE,Ras Al Khaimah,Cafe,Male,3.8
SL-03356,Juice,7.86,11,86.46,15,73.49,2020-01-03,UAE,Umm Al Quwain,Convenience Store,Male,3.2
SL-03357,Juice,5.75,75,431.25,5,409.69,2023-08-17,UAE,Umm Al Quwain,Convenience Store,Female,1.4
SL-03358,Masala chai,6.11,62,378.82,15,322.0,2025-07-24,UAE,Abu Dhabi,Online,Male,3.4
SL-03359,Juice,5.78,71,410.38,30,287.27,2020-04-10,UAE,Abu Dhabi,Cafe,Male,4.0
SL-03360,Masala chai,3.15,10,31.5,25,23.62,2024-05-06,UAE,Sharjah,Supermarket,Female,1.4
SL-03361,Masala chai,5.41,75,405.75,5,385.46,2023-12-14,UAE,Ras Al Khaimah,Supermarket,Female,1.6
SL-03362,Arabic tea,3.98,12,47.76,20,38.21,2023-06-17,UAE,Ras Al Khaimah,Online,Male,1.5
SL-03363,Laban,4.71,8,37.68,30,26.38,2022-01-22,UAE,Fujairah,Convenience Store,Female,1.0
SL-03364,Masala chai,4.35,91,395.85,25,296.89,2025-07-05,UAE,Abu Dhabi,Cafe,Female,3.2
SL-03365,Masala chai,6.2,7,43.4,25,32.55,2020-03-14,UAE,Abu Dhabi,Supermarket,Female,3.4
SL-03366,Camel milk,9.22,20,184.4,10,165.96,2020-05-27,UAE,Fujairah,Supermarket,Male,3.0
SL-03367,Juice,5.65,74,418.1,30,292.67,2021-09-03,UAE,Dubai,Online,Female,3.4
SL-03368,Soft drinks,2.65,25,66.25,15,56.31,2020-03-05,UAE,Ras Al Khaimah,Hypermarket,Female,3.5
SL-03369,Juice,5.01,6,30.06,0,30.06,2021-07-11,UAE,Umm Al Quwain,Online,Female,1.1
SL-03370,Arabic tea,3.31,23,76.13,15,64.71,2025-01-22,UAE,Fujairah,Online,Male,3.8
SL-03371,Masala chai,4.2,95,399.0,25,299.25,2021-01-11,UAE,Sharjah,Supermarket,Female,2.3
SL-03372,Arabic tea,5.21,36,187.56,10,168.8,2025-07-24,UAE,Ajman,Cafe,Male,2.6
SL-03373,Masala chai,3.25,49,159.25,20,127.4,2024-03-06,UAE,Ajman,Hypermarket,Male,2.2
SL-03374,Soft drinks,3.02,93,280.86,0,280.86,2024-09-11,UAE,Sharjah,Online,Female,4.6
SL-03375,Masala chai,7.64,66,504.24,5,479.03,2022-07-25,UAE,Fujairah,Convenience Store,Female,4.1
SL-03376,Arabic coffee,14.4,46,662.4,25,496.8,2025-07-18,UAE,Ras Al Khaimah,Online,Female,4.4
SL-03377,Soft drinks,3.74,51,190.74,30,133.52,2025-03-02,UAE,Sharjah,Cafe,Male,1.6
SL-03378,Juice,6.19,61,377.59,0,377.59,2024-07-31,UAE,Ras Al Khaimah,Cafe,Male,1.6
SL-03379,Arabic tea,6.02,72,433.44,5,411.77,2024-10-29,UAE,Fujairah,Convenience Store,Male,4.5
SL-03380,Laban,5.76,69,397.44,0,397.44,2023-07-31,UAE,Sharjah,Supermarket,Female,4.2
SL-03381,Arabic tea,2.3,93,213.9,0,213.9,2021-11-07,UAE,Ras Al Khaimah,Hypermarket,Female,2.6
SL-03382,Arabic coffee,13.23,7,92.61,15,78.72,2022-03-14,UAE,Abu Dhabi,Convenience Store,Male,4.9
SL-03383,Laban,3.18,60,190.8,15,162.18,2023-07-13,UAE,Abu Dhabi,Online,Female,4.4
SL-03384,Masala chai,6.17,45,277.65,25,208.24,2020-09-16,UAE,Fujairah,Supermarket,Male,4.7
SL-03385,Juice,4.83,72,347.76,10,312.98,2020-01-20,UAE,Dubai,Convenience Store,Male,1.5
SL-03386,Masala chai,7.96,3,23.88,25,17.91,2022-07-18,UAE,Abu Dhabi,Cafe,Male,1.8
SL-03387,Camel milk,9.67,60,580.2,20,464.16,2023-09-16,UAE,Sharjah,Hypermarket,Female,4.0
SL-03388,Soft drinks,2.31,93,214.83,25,161.12,2020-04-29,UAE,Dubai,Supermarket,Male,3.6
SL-03389,Masala chai,7.97,22,175.34,15,149.04,2021-09-02,UAE,Sharjah,Hypermarket,Female,4.3
SL-03390,Laban,4.74,87,412.38,15,350.52,2024-01-28,UAE,Abu Dhabi,Convenience Store,Male,1.2
SL-03391,Juice,5.34,25,133.5,20,106.8,2020-11-24,UAE,Fujairah,Convenience Store,Male,2.4
SL-03392,Masala chai,6.16,56,344.96,0,344.96,2022-08-08,UAE,Umm Al Quwain,Cafe,Female,3.5
SL-03393,Masala chai,3.47,62,215.14,25,161.36,2022-06-19,UAE,Sharjah,Convenience Store,Female,2.3
SL-03394,Arabic coffee,9.54,5,47.7,30,33.39,2021-03-16,UAE,Ajman,Hypermarket,Male,3.2
SL-03395,Juice,6.73,32,215.36,15,183.06,2020-12-21,UAE,Sharjah,Online,Male,4.4
SL-03396,Arabic coffee,8.17,61,498.37,10,448.53,2021-02-19,UAE,Ajman,Hypermarket,Female,2.0
SL-03397,Soft drinks,5.01,4,20.04,20,16.03,2024-12-15,UAE,Sharjah,Cafe,Male,4.9
SL-03398,Juice,4.96,76,376.96,20,301.57,2024-11-02,UAE,Dubai,Online,Female,1.3
SL-03399,Soft drinks,2.08,31,64.48,20,51.58,2025-07-16,UAE,Ras Al Khaimah,Convenience Store,Female,2.7
SL-03400,Camel milk,11.73,5,58.65,25,43.99,2021-05-27,UAE,Sharjah,Cafe,Female,3.2
SL-03401,Arabic coffee,12.04,54,650.16,15,552.64,2022-05-31,UAE,Abu Dhabi,Supermarket,Female,4.8
SL-03402,Masala chai,6.91,100,691.0,20,552.8,2023-11-10,UAE,Ras Al Khaimah,Cafe,Female,2.2
SL-03403,Arabic tea,6.68,85,567.8,10,511.02,2022-09-19,UAE,Fujairah,Hypermarket,Male,2.5
SL-03404,Juice,5.79,6,34.74,30,24.32,2022-08-30,UAE,Fujairah,Hypermarket,Female,4.1
SL-03405,Camel milk,10.96,17,186.32,15,158.37,2020-09-18,UAE,Sharjah,Convenience Store,Male,2.9
SL-03406,Camel milk,16.62,38,631.56,20,505.25,2020-12-14,UAE,Dubai,Convenience Store,Female,1.8
SL-03407,Laban,6.4,26,166.4,25,124.8,2022-07-10,UAE,Sharjah,Hypermarket,Male,3.5
SL-03408,Arabic tea,2.42,5,12.1,25,9.08,2025-06-04,UAE,Fujairah,Hypermarket,Female,3.3
SL-03409,Camel milk,16.14,14,225.96,10,203.36,2025-03-30,UAE,Dubai,Online,Male,3.3
SL-03410,Laban,3.51,44,154.44,30,108.11,2021-04-01,UAE,Dubai,Online,Male,1.6
SL-03411,Arabic tea,4.14,88,364.32,20,291.46,2021-09-29,UAE,Dubai,Supermarket,Female,3.0
SL-03412,Soft drinks,2.39,71,169.69,5,161.21,2024-12-18,UAE,Ajman,Cafe,Female,4.1
SL-03413,Soft drinks,4.72,56,264.32,30,185.02,2025-10-05,UAE,Ajman,Supermarket,Female,2.4
SL-03414,Arabic coffee,9.51,1,9.51,15,8.08,2020-11-27,UAE,Fujairah,Convenience Store,Male,3.4
SL-03415,Masala chai,7.32,8,58.56,10,52.7,2021-12-28,UAE,Sharjah,Convenience Store,Male,4.2
SL-03416,Camel milk,9.57,83,794.31,15,675.16,2020-05-20,UAE,Fujairah,Cafe,Male,3.0
SL-03417,Soft drinks,4.98,40,199.2,25,149.4,2024-06-25,UAE,Sharjah,Supermarket,Male,2.3
SL-03418,Juice,8.57,7,59.99,5,56.99,2022-04-22,UAE,Fujairah,Supermarket,Male,3.4
SL-03419,Masala chai,5.04,89,448.56,15,381.28,2021-08-21,UAE,Fujairah,Convenience Store,Male,1.3
SL-03420,Soft drinks,5.16,70,361.2,20,288.96,2021-06-25,UAE,Dubai,Supermarket,Male,2.0
SL-03421,Juice,5.04,7,35.28,30,24.7,2024-03-17,UAE,Umm Al Quwain,Convenience Store,Male,2.0
SL-03422,Camel milk,9.21,40,368.4,5,349.98,2021-11-23,UAE,Abu Dhabi,Supermarket,Male,3.1
SL-03423,Masala chai,6.98,23,160.54,0,160.54,2020-11-10,UAE,Umm Al Quwain,Cafe,Female,3.7
SL-03424,Arabic tea,5.36,67,359.12,0,359.12,2022-08-31,UAE,Fujairah,Online,Male,4.4
SL-03425,Laban,5.26,86,452.36,25,339.27,2020-02-21,UAE,Dubai,Online,Other,4.0
SL-03426,Juice,8.49,76,645.24,25,483.93,2020-06-24,UAE,Sharjah,Online,Male,1.7
SL-03427,Camel milk,12.24,11,134.64,10,121.18,2020-02-06,UAE,Fujairah,Supermarket,Female,4.9
SL-03428,Juice,4.68,31,145.08,10,130.57,2025-12-23,UAE,Ras Al Khaimah,Convenience Store,Female,1.1
SL-03429,Arabic tea,5.03,14,70.42,5,66.9,2021-03-27,UAE,Abu Dhabi,Online,Male,2.5
SL-03430,Arabic tea,4.92,11,54.12,20,43.3,2024-09-17,UAE,Sharjah,Convenience Store,Male,4.7
SL-03431,Laban,4.89,79,386.31,15,328.36,2022-02-01,UAE,Sharjah,Convenience Store,Male,1.5
SL-03432,Juice,6.57,11,72.27,5,68.66,2025-08-14,UAE,Ajman,Online,Female,4.2
SL-03433,Laban,4.66,19,88.54,30,61.98,2021-07-04,UAE,Ajman,Hypermarket,Female,2.6
SL-03434,Arabic coffee,9.02,49,441.98,30,309.39,2024-01-28,UAE,Ajman,Cafe,Male,1.1
SL-03435,Juice,5.24,13,68.12,5,64.71,2020-07-09,UAE,Ras Al Khaimah,Cafe,Male,2.1
SL-03436,Soft drinks,4.92,28,137.76,25,103.32,2023-05-21,UAE,Fujairah,Convenience Store,Female,4.8
SL-03437,Masala chai,6.94,49,340.06,5,323.06,2023-04-30,UAE,Ajman,Online,Male,1.9
SL-03438,Arabic coffee,6.1,59,359.9,15,305.92,2021-02-22,UAE,Umm Al Quwain,Supermarket,Female,1.7
SL-03439,Masala chai,3.93,66,259.38,5,246.41,2024-09-22,UAE,Dubai,Cafe,Male,3.1
SL-03440,Soft drinks,5.55,54,299.7,10,269.73,2024-03-24,UAE,Ajman,Supermarket,Female,2.6
SL-03441,Laban,6.91,50,345.5,20,276.4,2022-08-05,UAE,Ras Al Khaimah,Online,Female,1.9
SL-03442,Camel milk,8.34,70,583.8,5,554.61,2022-07-18,UAE,Ajman,Cafe,Female,1.9
SL-03443,Arabic coffee,13.43,98,1316.14,10,1184.53,2021-04-10,UAE,Ras Al Khaimah,Hypermarket,Female,1.6
SL-03444,Arabic coffee,11.44,62,709.28,0,709.28,2020-06-27,UAE,Ajman,Convenience Store,Female,2.1
SL-03445,Masala chai,3.25,96,312.0,25,234.0,2021-11-28,UAE,Abu Dhabi,Cafe,Male,3.2
SL-03446,Soft drinks,4.05,36,145.8,15,123.93,2021-04-12,UAE,Dubai,Cafe,Male,1.4
SL-03447,Juice,8.18,99,809.82,15,688.35,2025-01-09,UAE,Fujairah,Supermarket,Female,2.9
SL-03448,Laban,5.45,94,512.3,20,409.84,2023-03-12,UAE,Fujairah,Convenience Store,Female,2.9
SL-03449,Laban,5.46,80,436.8,20,349.44,2021-03-12,UAE,Dubai,Convenience Store,Male,4.5
SL-03450,Juice,4.75,36,171.0,20,136.8,2023-12-28,UAE,Umm Al Quwain,Online,Female,5.0
SL-03451,Laban,5.95,71,422.45,20,337.96,2020-02-08,UAE,Ras Al Khaimah,Supermarket,Other,4.6
SL-03452,Juice,4.46,28,124.88,25,93.66,2024-07-28,UAE,Umm Al Quwain,Convenience Store,Male,2.0
SL-03453,Soft drinks,5.32,22,117.04,20,93.63,2021-12-30,UAE,Ajman,Convenience Store,Female,2.8
SL-03454,Arabic coffee,13.67,54,738.18,0,738.18,2025-06-21,UAE,Ajman,Cafe,Male,2.6
SL-03455,Laban,5.03,12,60.36,20,48.29,2020-08-07,UAE,Umm Al Quwain,Hypermarket,Female,3.8
SL-03456,Juice,7.18,22,157.96,25,118.47,2020-02-23,UAE,Dubai,Supermarket,Female,3.6
SL-03457,Juice,4.46,64,285.44,10,256.9,2022-03-07,UAE,Abu Dhabi,Hypermarket,Male,1.9
SL-03458,Juice,9.53,31,295.43,0,295.43,2020-05-30,UAE,Ajman,Cafe,Female,2.3
SL-03459,Arabic tea,6.24,40,249.6,25,187.2,2024-01-03,UAE,Ras Al Khaimah,Supermarket,Male,3.7
SL-03460,Arabic coffee,7.96,67,533.32,30,373.32,2022-08-18,UAE,Sharjah,Cafe,Male,3.8
SL-03461,Arabic coffee,10.98,76,834.48,20,667.58,2022-06-11,UAE,Umm Al Quwain,Supermarket,Male,4.4
SL-03462,Laban,5.53,19,105.07,10,94.56,2020-10-12,UAE,Umm Al Quwain,Convenience Store,Male,4.2
SL-03463,Arabic tea,5.0,95,475.0,5,451.25,2022-11-06,UAE,Sharjah,Cafe,Female,1.3
SL-03464,Arabic tea,4.47,54,241.38,5,229.31,2020-06-01,UAE,Dubai,Hypermarket,Female,2.6
SL-03465,Camel milk,16.35,51,833.85,5,792.16,2022-05-01,UAE,Ras Al Khaimah,Cafe,Male,2.0
SL-03466,Arabic coffee,12.73,33,420.09,10,378.08,2020-08-03,UAE,Abu Dhabi,Supermarket,Male,1.9
SL-03467,Laban,3.97,99,393.03,30,275.12,2023-10-15,UAE,Ajman,Cafe,Male,3.6
SL-03468,Arabic tea,6.79,6,40.74,25,30.55,2025-03-18,UAE,Ras Al Khaimah,Online,Female,2.2
SL-03469,Soft drinks,4.52,94,424.88,0,424.88,2021-03-16,UAE,Ras Al Khaimah,Cafe,Female,1.7
SL-03470,Juice,6.9,100,690.0,5,655.5,2020-09-29,UAE,Sharjah,Supermarket,Male,3.0
SL-03471,Soft drinks,2.86,80,228.8,15,194.48,2021-07-11,UAE,Abu Dhabi,Online,Male,2.9
SL-03472,Camel milk,13.75,29,398.75,25,299.06,2021-06-27,UAE,Sharjah,Supermarket,Female,1.7
SL-03473,Arabic coffee,6.72,22,147.84,25,110.88,2022-07-29,UAE,Umm Al Quwain,Convenience Store,Male,3.5
SL-03474,Arabic tea,6.05,53,320.65,25,240.49,2023-06-17,UAE,Abu Dhabi,Hypermarket,Female,2.7
SL-03475,Camel milk,9.13,70,639.1,0,639.1,2023-01-13,UAE,Fujairah,Convenience Store,Male,1.7
SL-03476,Soft drinks,4.68,86,402.48,0,402.48,2024-02-15,UAE,Abu Dhabi,Convenience Store,Male,4.3
SL-03477,Camel milk,16.37,40,654.8,15,556.58,2021-04-28,UAE,Ajman,Convenience Store,Female,4.8
SL-03478,Arabic coffee,12.36,55,679.8,25,509.85,2023-03-13,UAE,Dubai,Convenience Store,Male,2.1
SL-03479,Camel milk,11.71,45,526.95,5,500.6,2022-02-27,UAE,Ras Al Khaimah,Cafe,Female,1.3
SL-03480,Juice,4.23,40,169.2,30,118.44,2021-01-17,UAE,Fujairah,Hypermarket,Male,2.3
SL-03481,Arabic coffee,11.33,8,90.64,20,72.51,2020-10-16,UAE,Umm Al Quwain,Hypermarket,Male,1.3
SL-03482,Camel milk,15.72,41,644.52,15,547.84,2021-12-19,UAE,Sharjah,Cafe,Male,4.0
SL-03483,Camel milk,15.61,23,359.03,5,341.08,2024-09-30,UAE,Ajman,Online,Female,2.7
SL-03484,Laban,3.69,22,81.18,20,64.94,2022-10-21,UAE,Sharjah,Hypermarket,Male,2.5
SL-03485,Camel milk,18.02,81,1459.62,30,1021.73,2022-08-02,UAE,Ras Al Khaimah,Hypermarket,Female,1.1
SL-03486,Arabic tea,5.97,17,101.49,10,91.34,2021-12-28,UAE,Fujairah,Hypermarket,Male,2.5
SL-03487,Laban,5.98,35,209.3,15,177.91,2022-07-31,UAE,Abu Dhabi,Hypermarket,Female,3.7
SL-03488,Soft drinks,3.03,61,184.83,10,166.35,2022-11-08,UAE,Dubai,Cafe,Male,4.6
SL-03489,Arabic coffee,5.37,56,300.72,30,210.5,2022-10-17,UAE,Umm Al Quwain,Convenience Store,Female,1.7
SL-03490,Arabic coffee,10.62,50,531.0,20,424.8,2023-01-06,UAE,Abu Dhabi,Cafe,Male,1.1
SL-03491,Soft drinks,3.36,3,10.08,20,8.06,2025-11-12,UAE,Umm Al Quwain,Convenience Store,Male,4.0
SL-03492,Arabic tea,5.11,48,245.28,20,196.22,2022-10-15,UAE,Sharjah,Online,Female,4.5
SL-03493,Laban,4.71,78,367.38,30,257.17,2021-01-28,UAE,Ajman,Convenience Store,Male,2.3
SL-03494,Arabic tea,6.31,52,328.12,10,295.31,2025-11-12,UAE,Dubai,Convenience Store,Male,4.2
SL-03495,Soft drinks,2.02,98,197.96,20,158.37,2025-09-14,UAE,Umm Al Quwain,Cafe,Male,1.5
SL-03496,Juice,5.27,36,189.72,10,170.75,2025-10-15,UAE,Fujairah,Cafe,Female,3.7
SL-03497,Juice,6.58,76,500.08,20,400.06,2021-03-12,UAE,Ras Al Khaimah,Cafe,Male,1.1
SL-03498,Juice,8.2,83,680.6,0,680.6,2022-12-04,UAE,Umm Al Quwain,Online,Female,1.3
SL-03499,Laban,4.76,11,52.36,0,52.36,2025-01-09,UAE,Dubai,Hypermarket,Female,2.0
SL-03500,Camel milk,12.04,62,746.48,30,522.54,2023-10-19,UAE,Sharjah,Online,Male,2.3
SL-03501,Camel milk,14.51,65,943.15,15,801.68,2022-12-04,UAE,Dubai,Supermarket,Male,3.6
SL-03502,Laban,6.55,88,576.4,5,547.58,2024-02-16,UAE,Abu Dhabi,Convenience Store,Female,4.9
SL-03503,Laban,6.55,56,366.8,20,293.44,2023-02-13,UAE,Ras Al Khaimah,Convenience Store,Male,4.9
SL-03504,Masala chai,6.8,3,20.4,25,15.3,2022-07-28,UAE,Sharjah,Online,Male,3.8
SL-03505,Juice,6.06,6,36.36,5,34.54,2024-11-15,UAE,Umm Al Quwain,Convenience Store,Female,4.2
SL-03506,Camel milk,13.66,90,1229.4,20,983.52,2021-05-24,UAE,Ras Al Khaimah,Hypermarket,Female,4.2
SL-03507,Masala chai,7.79,17,132.43,10,119.19,2025-07-02,UAE,Dubai,Hypermarket,Female,4.5
SL-03508,Juice,8.47,97,821.59,15,698.35,2024-08-11,UAE,Umm Al Quwain,Convenience Store,Female,4.2
SL-03509,Arabic tea,5.78,67,387.26,25,290.45,2020-07-31,UAE,Sharjah,Cafe,Male,4.0
SL-03510,Arabic coffee,8.85,42,371.7,20,297.36,2020-03-30,UAE,Sharjah,Hypermarket,Male,4.4
SL-03511,Arabic tea,2.4,98,235.2,5,223.44,2020-12-10,UAE,Ajman,Cafe,Female,3.4
SL-03512,Arabic tea,5.05,27,136.35,0,136.35,2024-02-19,UAE,Umm Al Quwain,Convenience Store,Female,3.0
SL-03513,Soft drinks,5.63,91,512.33,15,435.48,2020-07-18,UAE,Ajman,Convenience Store,Female,4.0
SL-03514,Soft drinks,3.55,54,191.7,5,182.11,2023-05-30,UAE,Dubai,Hypermarket,Female,1.9
SL-03515,Arabic coffee,7.81,81,632.61,20,506.09,2022-09-28,UAE,Sharjah,Online,Female,3.4
SL-03516,Soft drinks,2.42,10,24.2,25,18.15,2024-09-23,UAE,Abu Dhabi,Hypermarket,Male,2.8
SL-03517,Camel milk,13.72,96,1317.12,0,1317.12,2023-05-19,UAE,Ajman,Hypermarket,Female,4.5
SL-03518,Masala chai,7.33,60,439.8,15,373.83,2024-05-08,UAE,Ajman,Hypermarket,Female,4.6
SL-03519,Soft drinks,5.77,57,328.89,20,263.11,2025-06-23,UAE,Sharjah,Supermarket,Female,4.6
SL-03520,Arabic tea,4.48,64,286.72,30,200.7,2022-09-07,UAE,Umm Al Quwain,Convenience Store,Female,3.7
SL-03521,Masala chai,7.2,92,662.4,10,596.16,2025-02-25,UAE,Abu Dhabi,Cafe,Male,1.8
SL-03522,Arabic tea,3.27,4,13.08,30,9.16,2025-04-30,UAE,Umm Al Quwain,Hypermarket,Male,2.9
SL-03523,Masala chai,3.13,20,62.6,0,62.6,2023-06-16,UAE,Umm Al Quwain,Online,Male,2.4
SL-03524,Laban,4.78,26,124.28,10,111.85,2022-04-30,UAE,Dubai,Supermarket,Male,2.9
SL-03525,Arabic coffee,12.77,8,102.16,20,81.73,2020-07-09,UAE,Ras Al Khaimah,Supermarket,Female,3.6
SL-03526,Laban,6.4,95,608.0,0,608.0,2025-09-04,UAE,Umm Al Quwain,Online,Male,2.4
SL-03527,Soft drinks,2.97,38,112.86,25,84.65,2023-09-28,UAE,Sharjah,Convenience Store,Male,4.9
SL-03528,Arabic coffee,11.57,47,543.79,5,516.6,2021-06-17,UAE,Sharjah,Hypermarket,Female,4.5
SL-03529,Juice,6.58,5,32.9,25,24.68,2025-03-25,UAE,Fujairah,Supermarket,Female,1.1
SL-03530,Camel milk,18.27,74,1351.98,25,1013.98,2023-06-14,UAE,Dubai,Supermarket,Male,2.0
SL-03531,Laban,6.96,86,598.56,10,538.7,2025-08-17,UAE,Umm Al Quwain,Online,Male,3.4
SL-03532,Laban,5.37,52,279.24,30,195.47,2023-07-27,UAE,Sharjah,Supermarket,Male,1.4
SL-03533,Laban,3.86,58,223.88,30,156.72,2023-06-09,UAE,Sharjah,Online,Male,2.2
SL-03534,Juice,6.69,12,80.28,20,64.22,2023-02-23,UAE,Fujairah,Online,Female,3.7
SL-03535,Arabic coffee,9.62,75,721.5,15,613.28,2020-03-05,UAE,Ajman,Online,Female,1.6
SL-03536,Arabic coffee,8.73,18,157.14,10,141.43,2020-03-09,UAE,Ajman,Convenience Store,Female,3.3
SL-03537,Laban,5.57,9,50.13,10,45.12,2020-01-15,UAE,Fujairah,Hypermarket,Female,3.8
SL-03538,Arabic coffee,6.8,91,618.8,5,587.86,2023-07-16,UAE,Ajman,Online,Female,4.4
SL-03539,Masala chai,7.19,88,632.72,5,601.08,2020-10-01,UAE,Ras Al Khaimah,Cafe,Male,4.7
SL-03540,Masala chai,3.27,9,29.43,5,27.96,2025-06-07,UAE,Dubai,Cafe,Male,1.1
SL-03541,Masala chai,5.26,32,168.32,5,159.9,2025-08-11,UAE,Ras Al Khaimah,Cafe,Female,2.0
SL-03542,Masala chai,3.84,59,226.56,10,203.9,2023-09-02,UAE,Umm Al Quwain,Convenience Store,Female,1.0
SL-03543,Laban,4.05,14,56.7,0,56.7,2025-08-28,UAE,Fujairah,Hypermarket,Female,1.9
SL-03544,Juice,7.87,46,362.02,0,362.02,2025-07-28,UAE,Ras Al Khaimah,Online,Male,4.7
SL-03545,Juice,5.81,27,156.87,0,156.87,2020-02-05,UAE,Abu Dhabi,Convenience Store,Male,3.7
SL-03546,Soft drinks,3.42,48,164.16,5,155.95,2020-11-17,UAE,Sharjah,Online,Female,3.1
SL-03547,Masala chai,4.05,80,324.0,20,259.2,2021-05-02,UAE,Umm Al Quwain,Cafe,Male,1.7
SL-03548,Juice,7.3,42,306.6,10,275.94,2023-05-28,UAE,Ras Al Khaimah,Cafe,Male,3.3
SL-03549,Arabic coffee,13.86,10,138.6,5,131.67,2021-03-29,UAE,Ras Al Khaimah,Online,Male,4.2
SL-03550,Juice,6.76,98,662.48,20,529.98,2021-02-01,UAE,Abu Dhabi,Hypermarket,Female,4.8
SL-03551,Laban,3.88,69,267.72,30,187.4,2020-06-17,UAE,Ras Al Khaimah,Supermarket,Female,3.9
SL-03552,Arabic coffee,5.55,26,144.3,20,115.44,2021-06-04,UAE,Dubai,Convenience Store,Female,1.8
SL-03553,Arabic coffee,11.07,23,254.61,10,229.15,2025-03-12,UAE,Abu Dhabi,Supermarket,Female,4.5
SL-03554,Arabic coffee,13.41,98,1314.18,30,919.93,2020-09-16,UAE,Dubai,Cafe,Female,1.4
SL-03555,Laban,4.26,61,259.86,5,246.87,2024-07-02,UAE,Sharjah,Supermarket,Other,2.2
SL-03556,Camel milk,10.36,11,113.96,10,102.56,2020-09-14,UAE,Fujairah,Convenience Store,Male,4.4
SL-03557,Masala chai,4.12,25,103.0,0,103.0,2025-12-22,UAE,Umm Al Quwain,Convenience Store,Male,2.8
SL-03558,Camel milk,16.06,13,208.78,0,208.78,2023-07-05,UAE,Ras Al Khaimah,Online,Male,3.2
SL-03559,Masala chai,5.28,95,501.6,30,351.12,2023-08-26,UAE,Fujairah,Online,Male,4.2
SL-03560,Masala chai,3.6,72,259.2,25,194.4,2022-12-29,UAE,Abu Dhabi,Cafe,Female,1.6
SL-03561,Masala chai,3.76,54,203.04,10,182.74,2021-02-25,UAE,Fujairah,Supermarket,Female,4.7
SL-03562,Camel milk,13.03,14,182.42,25,136.82,2021-01-17,UAE,Fujairah,Online,Other,2.5
SL-03563,Camel milk,8.71,97,844.87,30,591.41,2022-10-21,UAE,Umm Al Quwain,Cafe,Female,1.6
SL-03564,Soft drinks,5.2,16,83.2,15,70.72,2021-05-30,UAE,Ras Al Khaimah,Hypermarket,Male,3.0
SL-03565,Soft drinks,4.75,82,389.5,30,272.65,2024-04-09,UAE,Ajman,Convenience Store,Female,2.6
SL-03566,Arabic tea,5.09,100,509.0,15,432.65,2025-07-26,UAE,Abu Dhabi,Supermarket,Female,3.5
SL-03567,Laban,6.2,91,564.2,0,564.2,2021-07-23,UAE,Fujairah,Supermarket,Male,3.3
SL-03568,Arabic coffee,13.0,82,1066.0,25,799.5,2025-02-10,UAE,Sharjah,Online,Male,1.5
SL-03569,Camel milk,16.44,21,345.24,5,327.98,2022-12-30,UAE,Dubai,Supermarket,Female,3.6
SL-03570,Laban,4.36,64,279.04,25,209.28,2021-05-15,UAE,Abu Dhabi,Convenience Store,Female,3.2
SL-03571,Soft drinks,4.44,12,53.28,10,47.95,2023-09-18,UAE,Sharjah,Hypermarket,Female,4.2
SL-03572,Arabic coffee,14.96,83,1241.68,0,1241.68,2024-06-24,UAE,Fujairah,Hypermarket,Female,4.8
SL-03573,Camel milk,17.67,6,106.02,10,95.42,2022-01-15,UAE,Ras Al Khaimah,Supermarket,Male,4.7
SL-03574,Masala chai,3.06,46,140.76,30,98.53,2024-06-22,UAE,Sharjah,Online,Male,4.8
SL-03575,Arabic coffee,14.8,44,651.2,0,651.2,2025-08-20,UAE,Fujairah,Cafe,Male,4.5
SL-03576,Arabic coffee,10.84,43,466.12,15,396.2,2024-05-12,UAE,Ajman,Convenience Store,Male,1.4
SL-03577,Masala chai,6.14,46,282.44,15,240.07,2025-12-14,UAE,Umm Al Quwain,Hypermarket,Male,3.2
SL-03578,Laban,6.71,57,382.47,25,286.85,2022-08-31,UAE,Ajman,Convenience Store,Male,4.9
SL-03579,Camel milk,10.47,85,889.95,0,889.95,2020-04-04,UAE,Ajman,Hypermarket,Female,1.6
SL-03580,Camel milk,19.91,94,1871.54,30,1310.08,2025-05-28,UAE,Abu Dhabi,Cafe,Male,4.7
SL-03581,Arabic tea,4.95,86,425.7,30,297.99,2022-05-27,UAE,Ajman,Supermarket,Female,3.5
SL-03582,Laban,3.07,43,132.01,0,132.01,2023-08-14,UAE,Umm Al Quwain,Convenience Store,Female,3.1
SL-03583,Arabic coffee,7.46,22,164.12,25,123.09,2021-05-14,UAE,Ras Al Khaimah,Convenience Store,Male,3.4
SL-03584,Masala chai,5.3,73,386.9,25,290.18,2022-09-07,UAE,Dubai,Convenience Store,Male,2.8
SL-03585,Laban,4.43,12,53.16,25,39.87,2023-09-19,UAE,Ajman,Online,Male,1.2
SL-03586,Arabic coffee,7.21,85,612.85,25,459.64,2025-09-22,UAE,Ajman,Online,Male,3.2
SL-03587,Arabic tea,4.59,81,371.79,20,297.43,2021-09-03,UAE,Fujairah,Online,Female,2.3
SL-03588,Laban,6.56,48,314.88,30,220.42,2021-10-12,UAE,Fujairah,Cafe,Female,4.5
SL-03589,Laban,6.62,92,609.04,20,487.23,2024-03-09,UAE,Dubai,Supermarket,Female,1.6
SL-03590,Soft drinks,2.17,66,143.22,20,114.58,2024-09-26,UAE,Sharjah,Online,Female,2.2
SL-03591,Juice,9.44,82,774.08,15,657.97,2023-08-19,UAE,Ras Al Khaimah,Supermarket,Female,2.6
SL-03592,Arabic tea,4.76,62,295.12,10,265.61,2025-04-29,UAE,Fujairah,Convenience Store,Female,4.3
SL-03593,Masala chai,3.73,30,111.9,10,100.71,2023-11-12,UAE,Fujairah,Hypermarket,Male,2.9
SL-03594,Arabic coffee,12.87,43,553.41,20,442.73,2025-06-24,UAE,Fujairah,Hypermarket,Female,3.8
SL-03595,Masala chai,5.69,59,335.71,10,302.14,2025-11-26,UAE,Dubai,Supermarket,Female,2.2
SL-03596,Juice,8.1,21,170.1,15,144.58,2021-04-27,UAE,Ajman,Convenience Store,Female,4.4
SL-03597,Arabic tea,5.09,64,325.76,15,276.9,2023-12-27,UAE,Sharjah,Convenience Store,Male,3.5
SL-03598,Arabic tea,3.59,99,355.41,10,319.87,2024-07-09,UAE,Umm Al Quwain,Online,Male,1.4
SL-03599,Juice,7.18,55,394.9,5,375.15,2022-04-26,UAE,Fujairah,Supermarket,Female,1.2
SL-03600,Masala chai,6.68,24,160.32,0,160.32,2020-06-03,UAE,Umm Al Quwain,Supermarket,Male,1.8
SL-03601,Camel milk,17.1,42,718.2,20,574.56,2021-06-01,UAE,Ajman,Hypermarket,Male,2.1
SL-03602,Laban,4.12,70,288.4,30,201.88,2021-11-16,UAE,Fujairah,Hypermarket,Male,3.7
SL-03603,Juice,6.29,71,446.59,0,446.59,2020-07-20,UAE,Ras Al Khaimah,Cafe,Female,2.7
SL-03604,Camel milk,17.65,65,1147.25,0,1147.25,2023-05-13,UAE,Sharjah,Supermarket,Female,1.8
SL-03605,Laban,3.02,43,129.86,30,90.9,2025-11-28,UAE,Abu Dhabi,Online,Female,2.5
SL-03606,Juice,6.4,96,614.4,15,522.24,2020-03-05,UAE,Dubai,Convenience Store,Male,2.1
SL-03607,Masala chai,4.23,20,84.6,15,71.91,2022-12-30,UAE,Dubai,Cafe,Female,2.9
SL-03608,Arabic coffee,13.25,52,689.0,25,516.75,2023-09-24,UAE,Fujairah,Hypermarket,Female,1.2
SL-03609,Arabic coffee,7.06,90,635.4,30,444.78,2021-09-19,UAE,Umm Al Quwain,Convenience Store,Female,1.3
SL-03610,Arabic coffee,10.31,45,463.95,15,394.36,2020-06-23,UAE,Ajman,Hypermarket,Female,2.5
SL-03611,Soft drinks,5.92,46,272.32,10,245.09,2025-07-29,UAE,Fujairah,Hypermarket,Female,4.4
SL-03612,Juice,6.04,41,247.64,20,198.11,2024-09-03,UAE,Abu Dhabi,Supermarket,Female,2.5
SL-03613,Masala chai,4.09,78,319.02,10,287.12,2024-06-07,UAE,Ajman,Online,Female,2.1
SL-03614,Camel milk,13.35,79,1054.65,30,738.25,2020-12-02,UAE,Umm Al Quwain,Supermarket,Female,4.3
SL-03615,Arabic coffee,12.81,73,935.13,25,701.35,2025-06-02,UAE,Ras Al Khaimah,Supermarket,Female,1.3
SL-03616,Masala chai,4.85,20,97.0,20,77.6,2021-11-07,UAE,Fujairah,Convenience Store,Male,4.2
SL-03617,Masala chai,4.03,13,52.39,15,44.53,2022-09-28,UAE,Sharjah,Cafe,Female,3.1
SL-03618,Laban,6.12,44,269.28,25,201.96,2023-12-06,UAE,Ras Al Khaimah,Online,Male,2.8
SL-03619,Juice,8.68,75,651.0,0,651.0,2022-12-14,UAE,Ajman,Supermarket,Male,2.2
SL-03620,Arabic coffee,12.94,27,349.38,25,262.04,2025-04-12,UAE,Umm Al Quwain,Convenience Store,Male,4.1
SL-03621,Arabic coffee,9.93,44,436.92,30,305.84,2020-01-11,UAE,Ajman,Cafe,Male,1.6
SL-03622,Arabic tea,4.91,99,486.09,20,388.87,2022-09-14,UAE,Umm Al Quwain,Supermarket,Male,4.8
SL-03623,Masala chai,7.33,45,329.85,5,313.36,2020-07-27,UAE,Sharjah,Cafe,Male,1.5
SL-03624,Arabic coffee,5.48,16,87.68,10,78.91,2023-03-24,UAE,Fujairah,Convenience Store,Male,4.4
SL-03625,Laban,6.84,31,212.04,25,159.03,2021-12-09,UAE,Dubai,Convenience Store,Female,2.9
SL-03626,Masala chai,7.71,60,462.6,20,370.08,2023-01-12,UAE,Sharjah,Online,Male,1.9
SL-03627,Arabic coffee,14.66,82,1202.12,15,1021.8,2024-03-12,UAE,Sharjah,Supermarket,Male,2.3
SL-03628,Juice,5.28,86,454.08,10,408.67,2024-03-07,UAE,Abu Dhabi,Hypermarket,Female,3.1
SL-03629,Masala chai,5.76,100,576.0,25,432.0,2025-06-13,UAE,Fujairah,Cafe,Female,4.3
SL-03630,Arabic coffee,10.98,63,691.74,10,622.57,2021-09-28,UAE,Ras Al Khaimah,Supermarket,Female,2.6
SL-03631,Arabic tea,6.49,68,441.32,30,308.92,2022-09-03,UAE,Sharjah,Supermarket,Female,2.6
SL-03632,Soft drinks,4.97,84,417.48,30,292.24,2025-03-19,UAE,Fujairah,Convenience Store,Male,2.2
SL-03633,Camel milk,11.02,76,837.52,15,711.89,2025-06-26,UAE,Fujairah,Supermarket,Male,4.9
SL-03634,Arabic coffee,13.09,89,1165.01,5,1106.76,2023-10-24,UAE,Sharjah,Supermarket,Female,3.9
SL-03635,Camel milk,14.22,28,398.16,15,338.44,2021-05-17,UAE,Sharjah,Convenience Store,Female,2.6
SL-03636,Juice,4.15,78,323.7,30,226.59,2020-05-07,UAE,Ajman,Supermarket,Male,2.8
SL-03637,Arabic coffee,13.46,98,1319.08,0,1319.08,2023-01-09,UAE,Ajman,Supermarket,Female,2.8
SL-03638,Laban,3.13,70,219.1,15,186.23,2023-07-09,UAE,Fujairah,Cafe,Male,3.1
SL-03639,Arabic coffee,5.98,91,544.18,5,516.97,2024-10-03,UAE,Dubai,Convenience Store,Female,4.1
SL-03640,Juice,6.41,32,205.12,10,184.61,2023-12-29,UAE,Abu Dhabi,Online,Male,2.0
SL-03641,Arabic coffee,10.27,53,544.31,0,544.31,2022-05-28,UAE,Ajman,Supermarket,Male,1.5
SL-03642,Masala chai,6.9,28,193.2,5,183.54,2020-01-30,UAE,Umm Al Quwain,Convenience Store,Female,4.0
SL-03643,Camel milk,11.27,7,78.89,20,63.11,2022-07-17,UAE,Ajman,Convenience Store,Male,3.5
SL-03644,Juice,6.43,87,559.41,5,531.44,2024-08-22,UAE,Sharjah,Online,Female,3.9
SL-03645,Juice,8.61,9,77.49,25,58.12,2020-02-15,UAE,Sharjah,Cafe,Female,1.8
SL-03646,Arabic coffee,5.52,59,325.68,25,244.26,2024-11-24,UAE,Fujairah,Hypermarket,Female,4.1
SL-03647,Arabic tea,3.82,20,76.4,15,64.94,2023-11-04,UAE,Umm Al Quwain,Supermarket,Female,4.9
SL-03648,Soft drinks,5.79,86,497.94,15,423.25,2020-10-06,UAE,Abu Dhabi,Online,Female,4.8
SL-03649,Soft drinks,5.55,98,543.9,20,435.12,2021-06-01,UAE,Ajman,Online,Female,1.4
SL-03650,Arabic coffee,6.28,26,163.28,30,114.3,2021-11-12,UAE,Umm Al Quwain,Hypermarket,Male,3.5
SL-03651,Masala chai,7.33,49,359.17,0,359.17,2021-08-24,UAE,Dubai,Cafe,Male,3.6
SL-03652,Arabic tea,3.67,80,293.6,30,205.52,2025-01-23,UAE,Sharjah,Online,Female,4.0
SL-03653,Masala chai,6.15,35,215.25,15,182.96,2023-07-22,UAE,Sharjah,Hypermarket,Male,3.7
SL-03654,Masala chai,4.43,10,44.3,0,44.3,2023-11-04,UAE,Ras Al Khaimah,Supermarket,Female,3.8
SL-03655,Camel milk,10.57,58,613.06,5,582.41,2022-04-24,UAE,Ras Al Khaimah,Supermarket,Female,1.6
SL-03656,Laban,6.3,83,522.9,20,418.32,2024-10-22,UAE,Dubai,Cafe,Male,4.4
SL-03657,Laban,4.2,13,54.6,20,43.68,2022-12-01,UAE,Umm Al Quwain,Convenience Store,Female,4.8
SL-03658,Juice,8.02,22,176.44,0,176.44,2022-09-22,UAE,Dubai,Convenience Store,Female,2.0
SL-03659,Masala chai,4.33,8,34.64,0,34.64,2024-05-13,UAE,Dubai,Hypermarket,Male,3.2
SL-03660,Camel milk,10.35,66,683.1,15,580.63,2025-05-31,UAE,Umm Al Quwain,Online,Female,2.9
SL-03661,Camel milk,16.79,2,33.58,15,28.54,2022-08-29,UAE,Fujairah,Online,Male,4.9
SL-03662,Arabic tea,4.33,19,82.27,25,61.7,2025-05-31,UAE,Ras Al Khaimah,Convenience Store,Male,2.7
SL-03663,Arabic coffee,13.38,82,1097.16,15,932.59,2025-11-14,UAE,Abu Dhabi,Supermarket,Female,1.2
SL-03664,Arabic tea,4.58,72,329.76,0,329.76,2022-06-29,UAE,Fujairah,Convenience Store,Male,2.6
SL-03665,Camel milk,10.71,86,921.06,5,875.01,2022-11-17,UAE,Ajman,Convenience Store,Female,4.2
SL-03666,Laban,4.72,39,184.08,0,184.08,2022-08-02,UAE,Ras Al Khaimah,Cafe,Male,1.1
SL-03667,Laban,5.73,50,286.5,30,200.55,2025-06-15,UAE,Sharjah,Cafe,Male,3.3
SL-03668,Arabic coffee,5.15,39,200.85,5,190.81,2020-08-05,UAE,Sharjah,Supermarket,Female,3.4
SL-03669,Camel milk,14.63,95,1389.85,30,972.9,2021-08-05,UAE,Sharjah,Cafe,Female,1.8
SL-03670,Laban,4.57,2,9.14,15,7.77,2022-10-07,UAE,Sharjah,Hypermarket,Male,2.3
SL-03671,Camel milk,15.18,82,1244.76,15,1058.05,2021-12-04,UAE,Fujairah,Hypermarket,Female,2.4
SL-03672,Juice,8.78,18,158.04,5,150.14,2020-04-12,UAE,Dubai,Online,Female,4.7
SL-03673,Laban,5.83,59,343.97,10,309.57,2022-08-07,UAE,Umm Al Quwain,Convenience Store,Female,1.6
SL-03674,Soft drinks,5.09,48,244.32,20,195.46,2020-12-04,UAE,Abu Dhabi,Cafe,Female,1.8
SL-03675,Camel milk,12.9,58,748.2,5,710.79,2023-10-16,UAE,Umm Al Quwain,Convenience Store,Female,2.9
SL-03676,Masala chai,4.89,28,136.92,30,95.84,2020-11-29,UAE,Fujairah,Convenience Store,Male,4.5
SL-03677,Masala chai,3.24,98,317.52,0,317.52,2023-09-15,UAE,Abu Dhabi,Cafe,Male,1.3
SL-03678,Masala chai,5.57,82,456.74,20,365.39,2022-06-22,UAE,Fujairah,Online,Female,1.0
SL-03679,Masala chai,7.04,78,549.12,15,466.75,2025-06-13,UAE,Dubai,Online,Female,1.3
SL-03680,Arabic coffee,5.27,5,26.35,10,23.72,2023-05-27,UAE,Ajman,Cafe,Male,1.2
SL-03681,Camel milk,9.55,90,859.5,15,730.57,2022-08-07,UAE,Dubai,Convenience Store,Male,2.6
SL-03682,Arabic tea,5.17,72,372.24,20,297.79,2022-11-26,UAE,Sharjah,Hypermarket,Male,2.5
SL-03683,Camel milk,17.07,59,1007.13,30,704.99,2024-11-19,UAE,Umm Al Quwain,Online,Male,4.5
SL-03684,Arabic tea,2.3,50,115.0,10,103.5,2025-02-06,UAE,Abu Dhabi,Convenience Store,Male,4.8
SL-03685,Arabic coffee,11.35,30,340.5,30,238.35,2022-07-13,UAE,Dubai,Online,Female,1.2
SL-03686,Soft drinks,3.06,54,165.24,25,123.93,2025-08-09,UAE,Umm Al Quwain,Online,Male,4.0
SL-03687,Masala chai,7.97,44,350.68,0,350.68,2025-12-24,UAE,Umm Al Quwain,Supermarket,Male,2.1
SL-03688,Arabic tea,2.22,39,86.58,25,64.94,2021-04-24,UAE,Umm Al Quwain,Online,Female,1.9
SL-03689,Laban,3.37,45,151.65,15,128.9,2020-07-29,UAE,Dubai,Convenience Store,Female,1.6
SL-03690,Juice,7.57,75,567.75,10,510.98,2025-05-09,UAE,Umm Al Quwain,Cafe,Female,2.2
SL-03691,Juice,8.99,14,125.86,0,125.86,2024-05-25,UAE,Dubai,Online,Female,3.3
SL-03692,Masala chai,7.41,47,348.27,10,313.44,2025-09-27,UAE,Fujairah,Convenience Store,Male,2.8
SL-03693,Laban,6.16,20,123.2,5,117.04,2023-01-04,UAE,Ajman,Cafe,Male,3.0
SL-03694,Arabic coffee,5.25,27,141.75,20,113.4,2024-04-06,UAE,Dubai,Cafe,Female,4.8
SL-03695,Laban,6.43,95,610.85,15,519.22,2022-01-15,UAE,Dubai,Online,Male,3.4
SL-03696,Arabic tea,6.77,92,622.84,30,435.99,2024-08-05,UAE,Ajman,Supermarket,Male,1.5
SL-03697,Arabic tea,4.74,5,23.7,20,18.96,2024-12-03,UAE,Umm Al Quwain,Online,Female,4.6
SL-03698,Laban,4.5,6,27.0,30,18.9,2024-07-22,UAE,Fujairah,Hypermarket,Female,4.6
SL-03699,Soft drinks,3.5,64,224.0,15,190.4,2024-12-23,UAE,Ras Al Khaimah,Hypermarket,Female,4.2
SL-03700,Camel milk,16.04,11,176.44,0,176.44,2024-09-14,UAE,Ajman,Hypermarket,Other,1.5
SL-03701,Soft drinks,2.75,5,13.75,15,11.69,2022-02-27,UAE,Ras Al Khaimah,Hypermarket,Male,1.7
SL-03702,Arabic coffee,14.42,31,447.02,0,447.02,2022-07-30,UAE,Umm Al Quwain,Hypermarket,Male,3.4
SL-03703,Masala chai,4.4,3,13.2,30,9.24,2024-03-27,UAE,Ajman,Supermarket,Female,4.8
SL-03704,Laban,6.94,34,235.96,25,176.97,2021-06-18,UAE,Abu Dhabi,Supermarket,Male,2.4
SL-03705,Soft drinks,3.36,69,231.84,15,197.06,2025-09-02,UAE,Sharjah,Hypermarket,Female,1.4
SL-03706,Masala chai,4.21,92,387.32,30,271.12,2022-12-21,UAE,Dubai,Supermarket,Female,4.4
SL-03707,Masala chai,5.66,72,407.52,10,366.77,2022-10-02,UAE,Sharjah,Cafe,Male,4.8
SL-03708,Camel milk,9.4,75,705.0,25,528.75,2024-01-23,UAE,Umm Al Quwain,Cafe,Female,2.0
SL-03709,Masala chai,7.82,19,148.58,20,118.86,2024-08-07,UAE,Umm Al Quwain,Supermarket,Male,4.9
SL-03710,Arabic tea,6.97,17,118.49,10,106.64,2024-10-03,UAE,Sharjah,Supermarket,Male,4.4
SL-03711,Laban,5.12,58,296.96,20,237.57,2021-06-16,UAE,Ajman,Supermarket,Female,1.2
SL-03712,Soft drinks,2.49,10,24.9,15,21.17,2023-08-28,UAE,Dubai,Supermarket,Female,3.9
SL-03713,Laban,4.61,54,248.94,5,236.49,2025-04-17,UAE,Ras Al Khaimah,Cafe,Female,3.2
SL-03714,Laban,5.1,62,316.2,5,300.39,2020-11-08,UAE,Ras Al Khaimah,Online,Male,4.2
SL-03715,Masala chai,7.01,40,280.4,20,224.32,2025-04-25,UAE,Sharjah,Online,Male,4.3
SL-03716,Arabic coffee,10.77,40,430.8,10,387.72,2022-01-18,UAE,Dubai,Online,Male,1.8
SL-03717,Laban,5.23,1,5.23,15,4.45,2022-01-02,UAE,Dubai,Supermarket,Male,3.8
SL-03718,Laban,4.95,44,217.8,25,163.35,2021-10-14,UAE,Dubai,Hypermarket,Female,1.6
SL-03719,Arabic coffee,12.03,97,1166.91,0,1166.91,2023-01-17,UAE,Dubai,Online,Male,2.5
SL-03720,Camel milk,12.78,68,869.04,15,738.68,2020-08-15,UAE,Ras Al Khaimah,Hypermarket,Female,3.8
SL-03721,Arabic tea,6.44,52,334.88,15,284.65,2021-02-04,UAE,Abu Dhabi,Online,Male,4.0
SL-03722,Masala chai,3.86,88,339.68,25,254.76,2020-07-27,UAE,Ras Al Khaimah,Online,Male,1.7
SL-03723,Soft drinks,5.47,51,278.97,0,278.97,2022-02-11,UAE,Ajman,Cafe,Female,2.4
SL-03724,Soft drinks,2.05,48,98.4,20,78.72,2022-06-04,UAE,Ajman,Hypermarket,Female,3.8
SL-03725,Juice,7.21,83,598.43,0,598.43,2023-10-06,UAE,Ajman,Supermarket,Female,4.5
SL-03726,Juice,9.87,20,197.4,5,187.53,2025-12-17,UAE,Abu Dhabi,Online,Male,2.1
SL-03727,Masala chai,5.5,13,71.5,20,57.2,2021-03-13,UAE,Fujairah,Online,Male,2.5
SL-03728,Laban,4.73,78,368.94,30,258.26,2020-10-28,UAE,Ajman,Hypermarket,Male,1.5
SL-03729,Laban,3.52,16,56.32,30,39.42,2021-06-01,UAE,Ras Al Khaimah,Hypermarket,Female,3.9
SL-03730,Soft drinks,2.91,20,58.2,20,46.56,2022-03-20,UAE,Ajman,Supermarket,Female,3.3
SL-03731,Arabic tea,4.38,44,192.72,20,154.18,2024-03-03,UAE,Abu Dhabi,Cafe,Female,2.4
SL-03732,Masala chai,7.05,10,70.5,15,59.93,2020-12-07,UAE,Umm Al Quwain,Hypermarket,Female,3.6
SL-03733,Masala chai,6.01,3,18.03,30,12.62,2021-03-29,UAE,Ajman,Convenience Store,Female,2.8
SL-03734,Arabic tea,6.82,24,163.68,10,147.31,2021-10-11,UAE,Ras Al Khaimah,Online,Female,3.3
SL-03735,Juice,4.78,77,368.06,0,368.06,2023-05-15,UAE,Ras Al Khaimah,Cafe,Male,1.3
SL-03736,Arabic coffee,10.75,61,655.75,25,491.81,2025-03-03,UAE,Ajman,Hypermarket,Female,3.6
SL-03737,Juice,5.03,97,487.91,10,439.12,2023-11-04,UAE,Sharjah,Hypermarket,Female,1.8
SL-03738,Arabic tea,3.52,60,211.2,20,168.96,2024-01-22,UAE,Ajman,Hypermarket,Female,4.5
SL-03739,Juice,4.66,52,242.32,30,169.62,2020-06-25,UAE,Fujairah,Convenience Store,Male,3.1
SL-03740,Arabic tea,2.78,74,205.72,0,205.72,2020-03-17,UAE,Umm Al Quwain,Hypermarket,Male,3.1
SL-03741,Arabic coffee,7.97,38,302.86,15,257.43,2020-07-23,UAE,Ras Al Khaimah,Online,Female,3.5
SL-03742,Laban,4.15,77,319.55,0,319.55,2021-06-06,UAE,Ajman,Convenience Store,Male,2.9
SL-03743,Masala chai,7.39,52,384.28,15,326.64,2021-09-21,UAE,Fujairah,Hypermarket,Male,2.0
SL-03744,Camel milk,10.65,77,820.05,5,779.05,2023-01-04,UAE,Dubai,Cafe,Female,3.9
SL-03745,Arabic tea,5.15,8,41.2,0,41.2,2021-04-10,UAE,Fujairah,Convenience Store,Male,2.0
SL-03746,Arabic tea,4.3,24,103.2,15,87.72,2023-09-06,UAE,Sharjah,Supermarket,Male,4.8
SL-03747,Juice,7.43,2,14.86,0,14.86,2022-07-01,UAE,Fujairah,Supermarket,Female,1.5
SL-03748,Soft drinks,5.92,79,467.68,20,374.14,2021-10-08,UAE,Fujairah,Convenience Store,Male,2.2
SL-03749,Laban,5.15,32,164.8,30,115.36,2025-05-25,UAE,Umm Al Quwain,Convenience Store,Female,3.7
SL-03750,Arabic tea,4.38,11,48.18,10,43.36,2024-11-01,UAE,Abu Dhabi,Cafe,Male,1.7
SL-03751,Arabic tea,6.56,95,623.2,10,560.88,2022-04-10,UAE,Ajman,Hypermarket,Male,1.0
SL-03752,Soft drinks,4.42,3,13.26,20,10.61,2024-07-23,UAE,Dubai,Supermarket,Male,4.4
SL-03753,Camel milk,18.38,83,1525.54,10,1372.99,2023-08-23,UAE,Sharjah,Hypermarket,Male,3.0
SL-03754,Masala chai,4.3,7,30.1,25,22.57,2025-07-11,UAE,Sharjah,Hypermarket,Female,1.5
SL-03755,Laban,3.57,91,324.87,25,243.65,2023-01-01,UAE,Dubai,Online,Male,2.5
SL-03756,Laban,3.9,26,101.4,10,91.26,2023-08-01,UAE,Abu Dhabi,Cafe,Male,1.1
SL-03757,Arabic tea,3.06,100,306.0,25,229.5,2021-12-15,UAE,Ras Al Khaimah,Hypermarket,Female,3.8
SL-03758,Laban,4.88,89,434.32,5,412.6,2025-09-23,UAE,Sharjah,Online,Male,4.3
SL-03759,Camel milk,18.7,32,598.4,0,598.4,2022-05-02,UAE,Ajman,Hypermarket,Male,2.0
SL-03760,Camel milk,10.17,30,305.1,15,259.33,2025-05-02,UAE,Sharjah,Supermarket,Female,1.6
SL-03761,Masala chai,3.11,73,227.03,20,181.62,2020-08-13,UAE,Sharjah,Hypermarket,Female,2.8
SL-03762,Soft drinks,2.92,6,17.52,10,15.77,2021-06-24,UAE,Dubai,Online,Male,2.0
SL-03763,Masala chai,3.48,4,13.92,15,11.83,2025-12-28,UAE,Fujairah,Supermarket,Male,2.4
SL-03764,Arabic tea,4.49,76,341.24,10,307.12,2023-05-10,UAE,Fujairah,Supermarket,Male,1.6
SL-03765,Masala chai,4.97,10,49.7,0,49.7,2020-12-24,UAE,Ras Al Khaimah,Cafe,Male,4.3
SL-03766,Soft drinks,3.28,66,216.48,30,151.54,2020-11-04,UAE,Umm Al Quwain,Supermarket,Female,4.1
SL-03767,Laban,3.36,32,107.52,30,75.26,2022-07-03,UAE,Fujairah,Convenience Store,Female,2.4
SL-03768,Arabic coffee,11.89,79,939.31,10,845.38,2021-03-26,UAE,Umm Al Quwain,Supermarket,Female,4.5
SL-03769,Masala chai,6.46,97,626.62,10,563.96,2024-05-25,UAE,Sharjah,Online,Female,4.6
SL-03770,Juice,8.79,23,202.17,20,161.74,2020-03-12,UAE,Fujairah,Hypermarket,Other,2.6
SL-03771,Arabic tea,5.92,16,94.72,25,71.04,2024-02-02,UAE,Ajman,Hypermarket,Female,1.3
SL-03772,Arabic coffee,9.33,41,382.53,5,363.4,2023-07-04,UAE,Dubai,Supermarket,Male,4.8
SL-03773,Camel milk,11.47,8,91.76,10,82.58,2024-01-08,UAE,Ras Al Khaimah,Cafe,Female,3.0
SL-03774,Arabic coffee,11.52,77,887.04,15,753.98,2024-09-26,UAE,Ajman,Supermarket,Male,3.7
SL-03775,Camel milk,18.95,65,1231.75,0,1231.75,2023-03-11,UAE,Fujairah,Cafe,Male,1.2
SL-03776,Arabic tea,5.77,94,542.38,0,542.38,2025-06-11,UAE,Umm Al Quwain,Supermarket,Female,3.4
SL-03777,Arabic tea,4.57,65,297.05,20,237.64,2024-05-19,UAE,Dubai,Cafe,Female,1.2
SL-03778,Arabic coffee,6.15,32,196.8,20,157.44,2023-12-14,UAE,Ras Al Khaimah,Supermarket,Male,3.0
SL-03779,Camel milk,14.33,88,1261.04,10,1134.94,2020-05-24,UAE,Ajman,Cafe,Male,2.4
SL-03780,Arabic coffee,10.91,43,469.13,15,398.76,2025-05-14,UAE,Umm Al Quwain,Cafe,Female,1.6
SL-03781,Soft drinks,4.1,2,8.2,15,6.97,2021-04-04,UAE,Abu Dhabi,Online,Male,1.0
SL-03782,Arabic coffee,11.69,38,444.22,15,377.59,2023-03-04,UAE,Abu Dhabi,Hypermarket,Male,2.4
SL-03783,Camel milk,13.59,29,394.11,25,295.58,2024-06-27,UAE,Fujairah,Supermarket,Female,1.9
SL-03784,Laban,4.77,67,319.59,30,223.71,2021-02-26,UAE,Ras Al Khaimah,Cafe,Female,3.3
SL-03785,Arabic coffee,7.55,37,279.35,20,223.48,2022-12-01,UAE,Ras Al Khaimah,Hypermarket,Male,4.6
SL-03786,Juice,6.88,73,502.24,0,502.24,2025-01-14,UAE,Ajman,Online,Female,3.9
SL-03787,Masala chai,3.34,72,240.48,10,216.43,2023-05-31,UAE,Umm Al Quwain,Online,Female,1.3
SL-03788,Masala chai,5.16,45,232.2,25,174.15,2023-05-28,UAE,Ras Al Khaimah,Convenience Store,Female,1.8
SL-03789,Soft drinks,5.7,12,68.4,20,54.72,2020-03-07,UAE,Dubai,Online,Male,4.7
SL-03790,Arabic coffee,5.32,45,239.4,20,191.52,2022-05-26,UAE,Umm Al Quwain,Convenience Store,Male,4.0
SL-03791,Soft drinks,5.08,91,462.28,15,392.94,2024-03-30,UAE,Ajman,Hypermarket,Male,1.8
SL-03792,Juice,8.13,62,504.06,0,504.06,2023-03-05,UAE,Ras Al Khaimah,Hypermarket,Female,1.4
SL-03793,Laban,4.92,20,98.4,0,98.4,2021-07-21,UAE,Umm Al Quwain,Supermarket,Male,3.7
SL-03794,Masala chai,7.78,38,295.64,10,266.08,2023-04-26,UAE,Sharjah,Supermarket,Female,5.0
SL-03795,Laban,6.97,65,453.05,25,339.79,2022-05-05,UAE,Fujairah,Supermarket,Female,3.3
SL-03796,Laban,6.39,52,332.28,25,249.21,2023-06-23,UAE,Ajman,Hypermarket,Female,2.9
SL-03797,Juice,4.58,28,128.24,0,128.24,2020-08-31,UAE,Abu Dhabi,Convenience Store,Male,1.9
SL-03798,Camel milk,8.36,11,91.96,10,82.76,2022-07-14,UAE,Abu Dhabi,Convenience Store,Male,2.2
SL-03799,Camel milk,13.9,92,1278.8,10,1150.92,2024-08-17,UAE,Dubai,Online,Other,3.3
SL-03800,Masala chai,7.95,53,421.35,30,294.94,2022-03-08,UAE,Ajman,Hypermarket,Female,3.0
SL-03801,Masala chai,3.5,78,273.0,30,191.1,2023-09-02,UAE,Ajman,Hypermarket,Male,1.6
SL-03802,Arabic coffee,9.04,1,9.04,5,8.59,2023-03-21,UAE,Abu Dhabi,Hypermarket,Male,1.9
SL-03803,Camel milk,12.47,96,1197.12,15,1017.55,2024-02-20,UAE,Ajman,Supermarket,Male,1.3
SL-03804,Laban,5.26,6,31.56,30,22.09,2021-11-10,UAE,Sharjah,Supermarket,Female,4.4
SL-03805,Arabic tea,6.31,2,12.62,10,11.36,2021-04-15,UAE,Dubai,Online,Male,1.2
SL-03806,Arabic tea,2.9,75,217.5,5,206.62,2025-06-13,UAE,Ajman,Cafe,Female,4.1
SL-03807,Arabic coffee,11.14,75,835.5,20,668.4,2025-04-24,UAE,Ajman,Hypermarket,Male,2.3
SL-03808,Juice,7.67,71,544.57,30,381.2,2021-08-15,UAE,Umm Al Quwain,Convenience Store,Male,1.6
SL-03809,Soft drinks,5.2,34,176.8,25,132.6,2024-05-28,UAE,Ras Al Khaimah,Hypermarket,Male,3.2
SL-03810,Soft drinks,4.9,32,156.8,30,109.76,2020-06-19,UAE,Ajman,Hypermarket,Male,2.2
SL-03811,Soft drinks,5.77,15,86.55,20,69.24,2021-05-13,UAE,Dubai,Hypermarket,Male,2.5
SL-03812,Masala chai,6.94,78,541.32,30,378.92,2020-04-10,UAE,Abu Dhabi,Cafe,Male,2.5
SL-03813,Masala chai,5.27,12,63.24,30,44.27,2021-02-21,UAE,Ras Al Khaimah,Cafe,Female,1.5
SL-03814,Arabic tea,4.9,79,387.1,5,367.74,2021-08-08,UAE,Fujairah,Convenience Store,Female,2.5
SL-03815,Masala chai,6.63,53,351.39,20,281.11,2022-06-21,UAE,Ras Al Khaimah,Hypermarket,Male,4.9
SL-03816,Masala chai,3.39,12,40.68,5,38.65,2021-02-28,UAE,Umm Al Quwain,Supermarket,Female,1.4
SL-03817,Masala chai,3.05,44,134.2,0,134.2,2024-12-27,UAE,Fujairah,Hypermarket,Male,3.5
SL-03818,Arabic tea,4.94,1,4.94,10,4.45,2020-01-06,UAE,Sharjah,Online,Male,2.4
SL-03819,Laban,5.98,7,41.86,30,29.3,2025-08-23,UAE,Ajman,Online,Male,3.6
SL-03820,Juice,7.16,9,64.44,0,64.44,2024-05-15,UAE,Abu Dhabi,Supermarket,Male,4.2
SL-03821,Masala chai,4.57,17,77.69,30,54.38,2023-01-05,UAE,Abu Dhabi,Online,Male,4.9
SL-03822,Arabic tea,2.27,93,211.11,10,190.0,2025-01-16,UAE,Dubai,Hypermarket,Male,5.0
SL-03823,Masala chai,4.29,81,347.49,20,277.99,2022-07-29,UAE,Ras Al Khaimah,Cafe,Male,3.4
SL-03824,Soft drinks,4.43,91,403.13,5,382.97,2024-07-14,UAE,Ajman,Cafe,Male,1.7
SL-03825,Masala chai,3.35,50,167.5,0,167.5,2023-12-07,UAE,Abu Dhabi,Hypermarket,Male,4.2
SL-03826,Soft drinks,5.76,90,518.4,25,388.8,2024-06-12,UAE,Ras Al Khaimah,Supermarket,Male,4.7
SL-03827,Soft drinks,2.35,5,11.75,0,11.75,2023-04-24,UAE,Dubai,Cafe,Female,3.6
SL-03828,Juice,8.72,22,191.84,10,172.66,2020-03-28,UAE,Abu Dhabi,Online,Male,4.7
SL-03829,Camel milk,11.37,38,432.06,20,345.65,2024-03-30,UAE,Ajman,Online,Female,4.5
SL-03830,Arabic tea,5.18,75,388.5,30,271.95,2020-10-11,UAE,Ras Al Khaimah,Cafe,Male,2.0
SL-03831,Juice,4.07,84,341.88,5,324.79,2025-02-10,UAE,Ajman,Supermarket,Male,1.2
SL-03832,Arabic tea,4.34,97,420.98,0,420.98,2022-06-27,UAE,Ajman,Online,Female,4.1
SL-03833,Arabic coffee,9.8,74,725.2,10,652.68,2020-05-31,UAE,Ras Al Khaimah,Hypermarket,Female,4.3
SL-03834,Juice,7.17,15,107.55,0,107.55,2020-08-01,UAE,Ajman,Supermarket,Female,4.0
SL-03835,Camel milk,11.34,4,45.36,5,43.09,2023-12-31,UAE,Dubai,Convenience Store,Male,1.3
SL-03836,Masala chai,7.25,55,398.75,15,338.94,2025-10-26,UAE,Sharjah,Hypermarket,Male,3.7
SL-03837,Masala chai,6.32,94,594.08,15,504.97,2021-03-22,UAE,Fujairah,Convenience Store,Male,1.6
SL-03838,Juice,8.66,4,34.64,30,24.25,2020-08-14,UAE,Abu Dhabi,Hypermarket,Male,4.6
SL-03839,Masala chai,6.09,75,456.75,20,365.4,2022-05-28,UAE,Abu Dhabi,Online,Female,4.9
SL-03840,Arabic coffee,8.86,15,132.9,25,99.67,2021-03-01,UAE,Ras Al Khaimah,Online,Female,2.8
SL-03841,Juice,5.3,73,386.9,30,270.83,2025-09-05,UAE,Sharjah,Online,Female,1.6
SL-03842,Juice,8.31,20,166.2,5,157.89,2024-03-20,UAE,Umm Al Quwain,Cafe,Female,4.4
SL-03843,Arabic tea,3.65,85,310.25,5,294.74,2024-05-08,UAE,Umm Al Quwain,Cafe,Male,2.9
SL-03844,Laban,4.81,12,57.72,10,51.95,2023-01-25,UAE,Fujairah,Supermarket,Other,4.8
SL-03845,Laban,3.8,16,60.8,30,42.56,2024-10-29,UAE,Ajman,Cafe,Male,4.7
SL-03846,Camel milk,12.38,72,891.36,25,668.52,2025-03-09,UAE,Dubai,Online,Female,4.3
SL-03847,Laban,3.5,92,322.0,0,322.0,2022-02-08,UAE,Ajman,Hypermarket,Male,2.6
SL-03848,Masala chai,6.75,51,344.25,10,309.83,2025-01-08,UAE,Ajman,Hypermarket,Female,3.1
SL-03849,Camel milk,9.22,38,350.36,25,262.77,2022-08-03,UAE,Fujairah,Convenience Store,Male,1.0
SL-03850,Laban,5.87,33,193.71,25,145.28,2024-06-06,UAE,Abu Dhabi,Online,Female,4.9
SL-03851,Juice,9.72,75,729.0,5,692.55,2020-08-12,UAE,Sharjah,Convenience Store,Male,4.3
SL-03852,Masala chai,3.12,23,71.76,15,61.0,2021-03-31,UAE,Dubai,Supermarket,Male,1.3
SL-03853,Arabic coffee,12.71,8,101.68,0,101.68,2025-02-25,UAE,Umm Al Quwain,Convenience Store,Male,2.7
SL-03854,Soft drinks,4.25,33,140.25,30,98.17,2020-12-25,UAE,Fujairah,Cafe,Female,1.3
SL-03855,Arabic tea,3.15,7,22.05,25,16.54,2022-03-02,UAE,Fujairah,Cafe,Female,3.6
SL-03856,Laban,6.41,86,551.26,15,468.57,2024-07-16,UAE,Umm Al Quwain,Cafe,Female,4.1
SL-03857,Juice,4.77,87,414.99,5,394.24,2021-05-26,UAE,Dubai,Supermarket,Male,2.0
SL-03858,Juice,8.06,60,483.6,25,362.7,2023-07-22,UAE,Abu Dhabi,Online,Female,4.8
SL-03859,Arabic coffee,9.19,78,716.82,5,680.98,2021-07-11,UAE,Abu Dhabi,Supermarket,Female,3.1
SL-03860,Soft drinks,2.08,28,58.24,30,40.77,2023-03-23,UAE,Dubai,Cafe,Female,2.6
SL-03861,Camel milk,13.77,9,123.93,25,92.95,2024-08-20,UAE,Fujairah,Hypermarket,Female,1.6
SL-03862,Masala chai,6.82,89,606.98,25,455.23,2023-07-21,UAE,Ajman,Cafe,Male,3.0
SL-03863,Arabic coffee,11.09,9,99.81,15,84.84,2022-09-25,UAE,Umm Al Quwain,Online,Male,1.1
SL-03864,Soft drinks,2.9,74,214.6,25,160.95,2023-11-07,UAE,Dubai,Cafe,Female,3.6
SL-03865,Soft drinks,5.15,69,355.35,5,337.58,2021-12-17,UAE,Fujairah,Online,Female,4.6
SL-03866,Juice,9.33,31,289.23,15,245.85,2023-08-07,UAE,Ras Al Khaimah,Convenience Store,Female,3.5
SL-03867,Arabic tea,6.3,24,151.2,10,136.08,2023-05-19,UAE,Abu Dhabi,Cafe,Male,2.0
SL-03868,Arabic coffee,10.2,98,999.6,5,949.62,2024-11-16,UAE,Umm Al Quwain,Online,Female,3.9
SL-03869,Laban,3.45,15,51.75,0,51.75,2020-04-09,UAE,Sharjah,Hypermarket,Male,2.7
SL-03870,Laban,5.83,4,23.32,10,20.99,2023-07-23,UAE,Ras Al Khaimah,Online,Male,4.4
SL-03871,Arabic coffee,8.48,87,737.76,25,553.32,2021-11-14,UAE,Umm Al Quwain,Supermarket,Female,4.6
SL-03872,Arabic tea,4.41,62,273.42,20,218.74,2021-09-14,UAE,Dubai,Hypermarket,Female,3.3
SL-03873,Camel milk,16.56,35,579.6,15,492.66,2024-06-13,UAE,Abu Dhabi,Online,Male,2.6
SL-03874,Juice,8.35,28,233.8,5,222.11,2020-01-28,UAE,Abu Dhabi,Convenience Store,Female,1.3
SL-03875,Soft drinks,4.49,45,202.05,25,151.54,2022-07-20,UAE,Ras Al Khaimah,Cafe,Female,3.0
SL-03876,Arabic coffee,9.55,74,706.7,5,671.36,2023-07-17,UAE,Ras Al Khaimah,Convenience Store,Female,4.4
SL-03877,Arabic tea,3.73,73,272.29,25,204.22,2020-12-15,UAE,Umm Al Quwain,Hypermarket,Male,2.8
SL-03878,Camel milk,8.77,87,762.99,5,724.84,2024-10-09,UAE,Ajman,Online,Male,3.8
SL-03879,Soft drinks,5.85,51,298.35,25,223.76,2023-04-09,UAE,Ajman,Online,Male,1.6
SL-03880,Arabic coffee,13.5,27,364.5,5,346.27,2022-10-17,UAE,Dubai,Supermarket,Female,2.4
SL-03881,Camel milk,16.92,66,1116.72,25,837.54,2021-07-24,UAE,Abu Dhabi,Cafe,Female,3.5
SL-03882,Laban,4.87,22,107.14,30,75.0,2025-11-06,UAE,Dubai,Supermarket,Female,3.7
SL-03883,Laban,3.81,22,83.82,25,62.87,2023-04-05,UAE,Ajman,Hypermarket,Female,4.9
SL-03884,Laban,4.4,24,105.6,0,105.6,2020-04-02,UAE,Ajman,Hypermarket,Male,3.5
SL-03885,Laban,4.18,70,292.6,15,248.71,2025-06-30,UAE,Sharjah,Supermarket,Male,3.9
SL-03886,Laban,5.79,98,567.42,5,539.05,2023-09-02,UAE,Fujairah,Online,Male,1.6
SL-03887,Masala chai,4.66,88,410.08,25,307.56,2020-05-12,UAE,Dubai,Supermarket,Female,4.5
SL-03888,Laban,3.46,39,134.94,25,101.21,2021-12-09,UAE,Ras Al Khaimah,Convenience Store,Female,1.5
SL-03889,Soft drinks,4.76,2,9.52,5,9.04,2022-09-12,UAE,Ajman,Supermarket,Other,1.5
SL-03890,Masala chai,3.19,96,306.24,25,229.68,2023-01-17,UAE,Ras Al Khaimah,Hypermarket,Male,4.6
SL-03891,Arabic coffee,6.42,82,526.44,10,473.8,2021-04-14,UAE,Abu Dhabi,Online,Male,1.8
SL-03892,Juice,8.61,19,163.59,30,114.51,2024-08-29,UAE,Ras Al Khaimah,Supermarket,Female,1.4
SL-03893,Arabic coffee,8.96,16,143.36,15,121.86,2025-04-14,UAE,Umm Al Quwain,Online,Female,4.3
SL-03894,Arabic coffee,11.76,2,23.52,5,22.34,2022-11-01,UAE,Abu Dhabi,Supermarket,Male,2.1
SL-03895,Camel milk,19.31,50,965.5,0,965.5,2020-05-05,UAE,Ajman,Online,Male,2.9
SL-03896,Arabic coffee,10.47,38,397.86,30,278.5,2021-01-24,UAE,Fujairah,Convenience Store,Female,1.4
SL-03897,Juice,6.44,19,122.36,20,97.89,2023-04-26,UAE,Ajman,Hypermarket,Female,3.3
SL-03898,Camel milk,9.43,1,9.43,10,8.49,2024-07-28,UAE,Umm Al Quwain,Supermarket,Female,4.9
SL-03899,Laban,5.29,91,481.39,15,409.18,2023-09-19,UAE,Dubai,Hypermarket,Male,4.3
SL-03900,Masala chai,3.8,32,121.6,25,91.2,2020-07-15,UAE,Abu Dhabi,Hypermarket,Female,4.9
SL-03901,Masala chai,5.52,71,391.92,5,372.32,2023-01-15,UAE,Ajman,Online,Female,1.9
SL-03902,Arabic coffee,5.57,90,501.3,30,350.91,2023-10-24,UAE,Fujairah,Convenience Store,Female,2.6
SL-03903,Arabic coffee,13.7,26,356.2,20,284.96,2023-09-12,UAE,Sharjah,Supermarket,Female,1.3
SL-03904,Arabic tea,2.8,42,117.6,10,105.84,2021-12-26,UAE,Ras Al Khaimah,Online,Female,2.9
SL-03905,Juice,4.24,11,46.64,15,39.64,2020-03-22,UAE,Sharjah,Cafe,Female,4.9
SL-03906,Masala chai,7.54,46,346.84,30,242.79,2025-04-12,UAE,Ras Al Khaimah,Cafe,Male,4.0
SL-03907,Camel milk,18.04,56,1010.24,0,1010.24,2022-06-20,UAE,Umm Al Quwain,Convenience Store,Female,1.5
SL-03908,Masala chai,7.79,43,334.97,25,251.23,2022-01-11,UAE,Umm Al Quwain,Convenience Store,Female,2.5
SL-03909,Camel milk,11.91,46,547.86,20,438.29,2020-12-27,UAE,Ajman,Online,Male,3.0
SL-03910,Camel milk,16.17,58,937.86,20,750.29,2023-09-19,UAE,Umm Al Quwain,Cafe,Male,3.8
SL-03911,Juice,6.47,19,122.93,15,104.49,2021-03-02,UAE,Umm Al Quwain,Convenience Store,Male,4.5
SL-03912,Camel milk,19.97,1,19.97,20,15.98,2020-06-08,UAE,Ras Al Khaimah,Convenience Store,Female,3.3
SL-03913,Arabic tea,5.78,45,260.1,25,195.07,2024-04-01,UAE,Abu Dhabi,Hypermarket,Male,1.8
SL-03914,Arabic coffee,10.22,100,1022.0,15,868.7,2025-02-21,UAE,Dubai,Supermarket,Female,1.8
SL-03915,Juice,8.08,10,80.8,5,76.76,2022-07-19,UAE,Fujairah,Cafe,Female,4.6
SL-03916,Camel milk,16.24,64,1039.36,10,935.42,2025-05-16,UAE,Ajman,Supermarket,Female,4.0
SL-03917,Laban,6.54,77,503.58,5,478.4,2024-06-01,UAE,Ajman,Supermarket,Female,4.7
SL-03918,Camel milk,18.95,29,549.55,5,522.07,2023-12-15,UAE,Ras Al Khaimah,Online,Female,4.5
SL-03919,Arabic tea,2.73,47,128.31,25,96.23,2025-09-30,UAE,Fujairah,Cafe,Female,3.0
SL-03920,Arabic coffee,6.05,99,598.95,30,419.26,2022-09-21,UAE,Sharjah,Hypermarket,Female,2.9
SL-03921,Camel milk,16.54,73,1207.42,0,1207.42,2023-03-11,UAE,Fujairah,Supermarket,Male,3.0
SL-03922,Laban,5.33,79,421.07,30,294.75,2022-10-31,UAE,Umm Al Quwain,Convenience Store,Female,2.3
SL-03923,Arabic tea,6.0,36,216.0,0,216.0,2021-11-28,UAE,Umm Al Quwain,Supermarket,Male,3.3
SL-03924,Arabic coffee,9.26,50,463.0,25,347.25,2025-01-25,UAE,Umm Al Quwain,Convenience Store,Male,1.9
SL-03925,Arabic tea,3.77,73,275.21,0,275.21,2022-11-27,UAE,Fujairah,Online,Male,4.2
SL-03926,Soft drinks,3.36,84,282.24,20,225.79,2020-08-09,UAE,Abu Dhabi,Cafe,Female,4.8
SL-03927,Juice,8.87,91,807.17,30,565.02,2025-01-19,UAE,Ras Al Khaimah,Online,Male,4.4
SL-03928,Laban,6.03,87,524.61,15,445.92,2020-10-22,UAE,Sharjah,Online,Female,4.2
SL-03929,Juice,6.86,40,274.4,30,192.08,2022-05-12,UAE,Abu Dhabi,Convenience Store,Female,3.0
SL-03930,Camel milk,19.95,84,1675.8,25,1256.85,2022-03-02,UAE,Dubai,Online,Male,2.6
SL-03931,Masala chai,6.29,83,522.07,25,391.55,2021-10-03,UAE,Dubai,Online,Female,1.9
SL-03932,Soft drinks,2.76,92,253.92,25,190.44,2022-02-13,UAE,Ras Al Khaimah,Convenience Store,Male,1.9
SL-03933,Juice,7.49,78,584.22,10,525.8,2022-02-06,UAE,Abu Dhabi,Cafe,Male,4.1
SL-03934,Soft drinks,2.35,18,42.3,30,29.61,2022-09-01,UAE,Fujairah,Online,Male,1.6
SL-03935,Masala chai,6.47,91,588.77,10,529.89,2022-12-11,UAE,Umm Al Quwain,Supermarket,Male,2.8
SL-03936,Laban,5.76,25,144.0,5,136.8,2023-04-11,UAE,Abu Dhabi,Hypermarket,Male,2.9
SL-03937,Juice,8.75,43,376.25,0,376.25,2023-11-12,UAE,Ras Al Khaimah,Hypermarket,Female,2.3
SL-03938,Arabic coffee,9.51,6,57.06,5,54.21,2020-10-28,UAE,Dubai,Supermarket,Male,2.9
SL-03939,Soft drinks,3.67,40,146.8,10,132.12,2024-05-23,UAE,Umm Al Quwain,Convenience Store,Female,4.2
SL-03940,Camel milk,17.19,14,240.66,20,192.53,2021-08-27,UAE,Ras Al Khaimah,Hypermarket,Female,3.4
SL-03941,Juice,8.06,97,781.82,30,547.27,2024-07-17,UAE,Dubai,Online,Male,2.8
SL-03942,Camel milk,18.87,22,415.14,30,290.6,2020-04-18,UAE,Abu Dhabi,Cafe,Female,3.6
SL-03943,Masala chai,4.93,37,182.41,15,155.05,2022-11-17,UAE,Ras Al Khaimah,Convenience Store,Male,1.0
SL-03944,Masala chai,4.85,44,213.4,20,170.72,2023-09-25,UAE,Sharjah,Supermarket,Male,2.6
SL-03945,Juice,4.04,64,258.56,15,219.78,2022-06-05,UAE,Umm Al Quwain,Cafe,Female,3.7
SL-03946,Soft drinks,4.58,63,288.54,15,245.26,2022-12-12,UAE,Umm Al Quwain,Hypermarket,Female,3.4
SL-03947,Arabic coffee,13.23,5,66.15,0,66.15,2024-06-27,UAE,Ras Al Khaimah,Hypermarket,Female,4.3
SL-03948,Laban,4.51,85,383.35,30,268.35,2020-03-12,UAE,Umm Al Quwain,Hypermarket,Female,2.7
SL-03949,Soft drinks,5.79,24,138.96,5,132.01,2020-04-05,UAE,Dubai,Cafe,Male,4.8
SL-03950,Juice,4.63,99,458.37,20,366.7,2020-04-07,UAE,Dubai,Online,Female,4.7
SL-03951,Arabic coffee,5.67,44,249.48,25,187.11,2022-05-05,UAE,Dubai,Hypermarket,Male,1.8
SL-03952,Masala chai,4.55,5,22.75,15,19.34,2021-04-14,UAE,Ajman,Cafe,Male,1.7
SL-03953,Juice,5.09,10,50.9,20,40.72,2022-08-05,UAE,Fujairah,Hypermarket,Female,4.0
SL-03954,Laban,5.94,10,59.4,25,44.55,2021-08-23,UAE,Ras Al Khaimah,Hypermarket,Female,2.5
SL-03955,Camel milk,8.03,44,353.32,5,335.65,2024-09-07,UAE,Dubai,Online,Male,1.7
SL-03956,Camel milk,18.39,72,1324.08,5,1257.88,2023-02-19,UAE,Abu Dhabi,Cafe,Male,2.9
SL-03957,Soft drinks,3.82,7,26.74,10,24.07,2024-12-27,UAE,Sharjah,Cafe,Female,3.0
SL-03958,Arabic tea,2.83,71,200.93,5,190.88,2025-10-24,UAE,Dubai,Online,Male,1.6
SL-03959,Arabic tea,5.47,96,525.12,0,525.12,2020-08-05,UAE,Dubai,Hypermarket,Male,3.3
SL-03960,Masala chai,4.29,91,390.39,15,331.83,2023-01-13,UAE,Sharjah,Cafe,Female,1.5
SL-03961,Juice,6.45,73,470.85,15,400.22,2022-12-22,UAE,Umm Al Quwain,Supermarket,Female,4.5
SL-03962,Juice,4.93,81,399.33,10,359.4,2025-01-29,UAE,Umm Al Quwain,Convenience Store,Male,2.8
SL-03963,Laban,4.86,33,160.38,15,136.32,2024-12-13,UAE,Ajman,Cafe,Female,2.0
SL-03964,Camel milk,17.73,90,1595.7,20,1276.56,2020-08-04,UAE,Sharjah,Online,Male,2.9
SL-03965,Juice,4.52,79,357.08,20,285.66,2023-06-08,UAE,Ras Al Khaimah,Cafe,Male,4.7
SL-03966,Soft drinks,3.6,8,28.8,30,20.16,2024-06-30,UAE,Ras Al Khaimah,Hypermarket,Female,5.0
SL-03967,Arabic coffee,12.2,91,1110.2,25,832.65,2020-01-06,UAE,Umm Al Quwain,Online,Male,2.8
SL-03968,Masala chai,3.98,64,254.72,0,254.72,2024-05-04,UAE,Fujairah,Cafe,Female,1.1
SL-03969,Arabic coffee,12.17,70,851.9,20,681.52,2024-07-02,UAE,Dubai,Hypermarket,Male,4.4
SL-03970,Juice,5.83,61,355.63,30,248.94,2025-11-15,UAE,Ras Al Khaimah,Convenience Store,Female,1.6
SL-03971,Soft drinks,5.59,23,128.57,30,90.0,2022-09-02,UAE,Umm Al Quwain,Convenience Store,Male,3.7
SL-03972,Masala chai,6.36,35,222.6,0,222.6,2020-12-16,UAE,Umm Al Quwain,Online,Female,1.3
SL-03973,Laban,5.23,34,177.82,20,142.26,2021-04-30,UAE,Dubai,Cafe,Male,4.7
SL-03974,Juice,4.01,66,264.66,30,185.26,2024-02-12,UAE,Fujairah,Online,Male,4.6
SL-03975,Soft drinks,2.16,60,129.6,25,97.2,2023-03-13,UAE,Dubai,Supermarket,Male,2.1
SL-03976,Soft drinks,2.9,71,205.9,20,164.72,2021-09-13,UAE,Sharjah,Online,Female,2.8
SL-03977,Arabic coffee,14.12,53,748.36,0,748.36,2020-05-23,UAE,Fujairah,Supermarket,Male,1.3
SL-03978,Arabic tea,4.85,1,4.85,0,4.85,2024-01-23,UAE,Fujairah,Online,Male,1.4
SL-03979,Camel milk,16.72,2,33.44,10,30.1,2025-04-23,UAE,Dubai,Hypermarket,Male,2.2
SL-03980,Soft drinks,4.74,81,383.94,5,364.74,2021-12-06,UAE,Fujairah,Cafe,Male,1.3
SL-03981,Laban,6.6,61,402.6,10,362.34,2023-09-29,UAE,Ras Al Khaimah,Cafe,Male,3.6
SL-03982,Arabic coffee,7.3,77,562.1,15,477.79,2023-06-20,UAE,Sharjah,Cafe,Female,5.0
SL-03983,Masala chai,7.16,22,157.52,10,141.77,2022-11-22,UAE,Abu Dhabi,Online,Female,3.7
SL-03984,Arabic coffee,11.48,8,91.84,10,82.66,2022-05-15,UAE,Dubai,Online,Male,2.4
SL-03985,Juice,5.75,88,506.0,30,354.2,2022-09-03,UAE,Sharjah,Supermarket,Female,5.0
SL-03986,Juice,9.62,79,759.98,30,531.99,2024-06-07,UAE,Abu Dhabi,Online,Female,4.2
SL-03987,Arabic coffee,10.73,88,944.24,20,755.39,2024-03-23,UAE,Ajman,Online,Female,4.0
SL-03988,Arabic tea,6.59,68,448.12,10,403.31,2025-02-18,UAE,Sharjah,Online,Female,4.2
SL-03989,Masala chai,5.99,6,35.94,30,25.16,2025-10-15,UAE,Sharjah,Cafe,Male,3.9
SL-03990,Laban,3.32,35,116.2,20,92.96,2023-10-14,UAE,Ras Al Khaimah,Supermarket,Female,1.8
SL-03991,Laban,4.6,37,170.2,25,127.65,2020-04-19,UAE,Dubai,Convenience Store,Male,2.1
SL-03992,Laban,5.47,72,393.84,15,334.76,2023-07-23,UAE,Abu Dhabi,Hypermarket,Male,4.1
SL-03993,Soft drinks,5.9,95,560.5,20,448.4,2020-08-20,UAE,Dubai,Supermarket,Female,1.4
SL-03994,Arabic coffee,10.18,89,906.02,30,634.21,2025-09-26,UAE,Dubai,Cafe,Male,3.7
SL-03995,Laban,5.22,94,490.68,10,441.61,2024-01-02,UAE,Ras Al Khaimah,Hypermarket,Female,1.3
SL-03996,Arabic tea,4.88,16,78.08,20,62.46,2022-03-24,UAE,Fujairah,Hypermarket,Male,3.6
SL-03997,Arabic coffee,7.75,69,534.75,0,534.75,2024-09-10,UAE,Umm Al Quwain,Supermarket,Female,1.6
SL-03998,Masala chai,3.77,79,297.83,15,253.16,2023-04-29,UAE,Fujairah,Hypermarket,Male,4.4
SL-03999,Laban,6.3,74,466.2,20,372.96,2021-02-21,UAE,Umm Al Quwain,Online,Female,3.2
SL-04000,Arabic coffee,11.1,9,99.9,30,69.93,2023-02-21,UAE,Umm Al Quwain,Convenience Store,Male,3.7
SL-04001,Juice,5.83,1,5.83,10,5.25,2021-02-28,UAE,Abu Dhabi,Cafe,Male,2.8
SL-04002,Juice,8.33,33,274.89,25,206.17,2025-02-19,UAE,Ajman,Hypermarket,Male,2.7
SL-04003,Soft drinks,4.0,69,276.0,0,276.0,2022-01-11,UAE,Umm Al Quwain,Convenience Store,Male,1.6
SL-04004,Juice,6.68,55,367.4,20,293.92,2025-11-19,UAE,Ras Al Khaimah,Cafe,Female,2.8
SL-04005,Juice,9.64,43,414.52,10,373.07,2023-04-22,UAE,Sharjah,Convenience Store,Female,4.5
SL-04006,Camel milk,10.83,1,10.83,0,10.83,2022-05-22,UAE,Ras Al Khaimah,Hypermarket,Female,3.3
SL-04007,Juice,9.97,1,9.97,25,7.48,2023-09-25,UAE,Sharjah,Cafe,Male,3.8
SL-04008,Arabic coffee,14.91,90,1341.9,20,1073.52,2020-04-21,UAE,Abu Dhabi,Convenience Store,Male,2.0
SL-04009,Camel milk,9.84,36,354.24,30,247.97,2022-09-19,UAE,Ras Al Khaimah,Convenience Store,Female,2.9
SL-04010,Juice,8.31,86,714.66,10,643.19,2024-01-15,UAE,Ajman,Supermarket,Female,1.3
SL-04011,Juice,7.33,52,381.16,5,362.1,2020-09-11,UAE,Fujairah,Hypermarket,Female,2.0
SL-04012,Arabic tea,4.33,85,368.05,15,312.84,2023-07-18,UAE,Sharjah,Cafe,Male,1.1
SL-04013,Soft drinks,2.41,5,12.05,5,11.45,2022-09-15,UAE,Fujairah,Hypermarket,Male,4.7
SL-04014,Soft drinks,2.21,57,125.97,25,94.48,2021-10-25,UAE,Abu Dhabi,Online,Male,2.7
SL-04015,Masala chai,4.49,46,206.54,15,175.56,2020-11-09,UAE,Abu Dhabi,Supermarket,Female,1.4
SL-04016,Soft drinks,4.17,2,8.34,15,7.09,2020-07-13,UAE,Ras Al Khaimah,Hypermarket,Female,3.0
SL-04017,Juice,6.5,41,266.5,25,199.88,2025-10-04,UAE,Sharjah,Convenience Store,Female,3.0
SL-04018,Juice,6.26,46,287.96,15,244.77,2021-11-07,UAE,Sharjah,Convenience Store,Male,4.7
SL-04019,Arabic coffee,13.55,88,1192.4,20,953.92,2025-11-13,UAE,Abu Dhabi,Convenience Store,Male,4.8
SL-04020,Arabic coffee,10.4,56,582.4,20,465.92,2024-05-16,UAE,Dubai,Convenience Store,Female,3.5
SL-04021,Laban,6.69,78,521.82,20,417.46,2021-10-02,UAE,Umm Al Quwain,Convenience Store,Male,3.0
SL-04022,Arabic coffee,13.41,37,496.17,15,421.74,2022-06-21,UAE,Dubai,Convenience Store,Male,2.0
SL-04023,Arabic tea,5.37,79,424.23,20,339.38,2021-11-17,UAE,Ras Al Khaimah,Online,Male,3.9
SL-04024,Soft drinks,4.98,3,14.94,5,14.19,2023-04-15,UAE,Umm Al Quwain,Online,Female,3.1
SL-04025,Soft drinks,5.15,96,494.4,15,420.24,2023-10-16,UAE,Ras Al Khaimah,Online,Male,4.8
SL-04026,Soft drinks,3.88,68,263.84,15,224.26,2021-09-04,UAE,Fujairah,Online,Other,3.9
SL-04027,Camel milk,14.07,62,872.34,15,741.49,2020-11-23,UAE,Ras Al Khaimah,Hypermarket,Female,2.8
SL-04028,Arabic coffee,5.07,24,121.68,25,91.26,2023-11-22,UAE,Ras Al Khaimah,Hypermarket,Female,2.1
SL-04029,Arabic tea,6.35,97,615.95,25,461.96,2024-10-07,UAE,Fujairah,Convenience Store,Male,2.4
SL-04030,Soft drinks,2.77,84,232.68,5,221.05,2020-05-29,UAE,Umm Al Quwain,Online,Female,3.9
SL-04031,Camel milk,11.06,28,309.68,10,278.71,2020-09-06,UAE,Ras Al Khaimah,Convenience Store,Female,2.9
SL-04032,Soft drinks,5.1,29,147.9,25,110.92,2025-01-09,UAE,Fujairah,Hypermarket,Male,2.4
SL-04033,Camel milk,11.75,21,246.75,30,172.72,2023-09-18,UAE,Sharjah,Supermarket,Female,4.9
SL-04034,Masala chai,4.69,53,248.57,20,198.86,2025-02-19,UAE,Ras Al Khaimah,Hypermarket,Other,4.2
SL-04035,Arabic coffee,5.39,14,75.46,0,75.46,2020-10-10,UAE,Ajman,Online,Female,3.1
SL-04036,Masala chai,6.94,54,374.76,25,281.07,2022-08-11,UAE,Umm Al Quwain,Convenience Store,Male,3.6
SL-04037,Laban,4.56,44,200.64,15,170.54,2025-10-10,UAE,Ras Al Khaimah,Supermarket,Male,4.9
SL-04038,Arabic coffee,14.27,34,485.18,25,363.88,2022-02-06,UAE,Fujairah,Online,Female,1.9
SL-04039,Arabic coffee,6.78,10,67.8,25,50.85,2025-12-29,UAE,Abu Dhabi,Convenience Store,Female,2.3
SL-04040,Juice,9.51,57,542.07,0,542.07,2022-12-08,UAE,Dubai,Online,Female,2.0
SL-04041,Masala chai,5.91,76,449.16,25,336.87,2020-05-10,UAE,Umm Al Quwain,Convenience Store,Female,2.7
SL-04042,Juice,6.48,82,531.36,20,425.09,2020-07-12,UAE,Ras Al Khaimah,Convenience Store,Male,1.3
SL-04043,Soft drinks,5.44,32,174.08,20,139.26,2025-08-28,UAE,Ras Al Khaimah,Supermarket,Female,2.0
SL-04044,Juice,4.55,98,445.9,15,379.01,2020-08-06,UAE,Abu Dhabi,Cafe,Male,2.4
SL-04045,Masala chai,7.46,71,529.66,30,370.76,2021-04-24,UAE,Dubai,Supermarket,Female,1.1
SL-04046,Masala chai,7.09,27,191.43,15,162.72,2021-06-13,UAE,Sharjah,Hypermarket,Male,2.8
SL-04047,Arabic coffee,11.56,63,728.28,5,691.87,2024-04-09,UAE,Ras Al Khaimah,Online,Male,2.3
SL-04048,Masala chai,6.04,85,513.4,20,410.72,2023-04-26,UAE,Sharjah,Online,Female,3.3
SL-04049,Masala chai,7.8,44,343.2,20,274.56,2020-04-14,UAE,Sharjah,Cafe,Female,4.9
SL-04050,Masala chai,4.62,84,388.08,5,368.68,2020-12-05,UAE,Fujairah,Online,Male,3.8
SL-04051,Juice,4.69,66,309.54,10,278.59,2023-11-14,UAE,Umm Al Quwain,Convenience Store,Female,3.2
SL-04052,Soft drinks,4.76,17,80.92,25,60.69,2025-01-30,UAE,Umm Al Quwain,Convenience Store,Male,4.7
SL-04053,Arabic coffee,12.74,83,1057.42,20,845.94,2020-10-01,UAE,Abu Dhabi,Supermarket,Male,2.3
SL-04054,Laban,5.52,24,132.48,0,132.48,2023-08-02,UAE,Sharjah,Convenience Store,Female,3.8
SL-04055,Soft drinks,2.24,27,60.48,0,60.48,2022-12-09,UAE,Umm Al Quwain,Hypermarket,Male,2.5
SL-04056,Juice,5.21,66,343.86,25,257.89,2022-02-11,UAE,Umm Al Quwain,Cafe,Male,4.8
SL-04057,Arabic tea,5.64,88,496.32,30,347.42,2021-11-21,UAE,Abu Dhabi,Hypermarket,Female,1.4
SL-04058,Arabic coffee,14.92,37,552.04,0,552.04,2024-11-22,UAE,Fujairah,Hypermarket,Female,5.0
SL-04059,Soft drinks,3.16,3,9.48,20,7.58,2020-06-07,UAE,Sharjah,Supermarket,Male,3.9
SL-04060,Masala chai,6.59,85,560.15,5,532.14,2020-09-07,UAE,Sharjah,Online,Female,3.3
SL-04061,Arabic coffee,5.27,62,326.74,20,261.39,2022-08-27,UAE,Sharjah,Supermarket,Male,4.6
SL-04062,Soft drinks,3.3,53,174.9,0,174.9,2021-04-11,UAE,Dubai,Cafe,Female,1.3
SL-04063,Soft drinks,5.2,95,494.0,25,370.5,2025-04-21,UAE,Abu Dhabi,Convenience Store,Female,3.8
SL-04064,Camel milk,10.43,77,803.11,30,562.18,2025-03-06,UAE,Fujairah,Cafe,Male,1.7
SL-04065,Juice,7.28,12,87.36,5,82.99,2021-04-22,UAE,Ajman,Hypermarket,Male,1.5
SL-04066,Soft drinks,2.1,22,46.2,20,36.96,2020-06-10,UAE,Dubai,Hypermarket,Female,5.0
SL-04067,Camel milk,11.48,40,459.2,20,367.36,2020-07-26,UAE,Dubai,Hypermarket,Female,4.8
SL-04068,Laban,5.18,68,352.24,25,264.18,2024-01-16,UAE,Dubai,Cafe,Male,2.6
SL-04069,Soft drinks,2.75,74,203.5,0,203.5,2021-09-23,UAE,Fujairah,Cafe,Female,1.1
SL-04070,Camel milk,16.05,25,401.25,10,361.13,2021-01-20,UAE,Ajman,Cafe,Female,3.8
SL-04071,Juice,9.75,30,292.5,30,204.75,2020-10-10,UAE,Ajman,Online,Male,5.0
SL-04072,Juice,4.51,84,378.84,5,359.9,2021-04-16,UAE,Fujairah,Cafe,Female,1.4
SL-04073,Laban,6.17,62,382.54,10,344.29,2022-09-06,UAE,Dubai,Convenience Store,Female,1.1
SL-04074,Arabic coffee,7.06,21,148.26,0,148.26,2024-02-15,UAE,Umm Al Quwain,Hypermarket,Male,4.2
SL-04075,Juice,4.17,64,266.88,0,266.88,2020-08-25,UAE,Sharjah,Cafe,Male,2.6
SL-04076,Arabic tea,5.58,59,329.22,10,296.3,2025-02-24,UAE,Umm Al Quwain,Hypermarket,Male,4.4
SL-04077,Soft drinks,2.9,49,142.1,30,99.47,2022-03-13,UAE,Fujairah,Hypermarket,Male,1.1
SL-04078,Arabic coffee,9.97,83,827.51,20,662.01,2020-08-12,UAE,Fujairah,Supermarket,Male,4.9
SL-04079,Masala chai,6.85,89,609.65,30,426.75,2024-04-01,UAE,Ajman,Supermarket,Female,4.0
SL-04080,Arabic tea,5.86,8,46.88,15,39.85,2023-02-24,UAE,Ajman,Online,Male,2.4
SL-04081,Juice,9.48,51,483.48,15,410.96,2022-10-12,UAE,Fujairah,Cafe,Male,3.9
SL-04082,Soft drinks,4.76,8,38.08,0,38.08,2020-02-06,UAE,Ajman,Supermarket,Female,2.3
SL-04083,Arabic tea,2.13,64,136.32,30,95.42,2022-03-21,UAE,Dubai,Convenience Store,Female,3.2
SL-04084,Soft drinks,2.73,39,106.47,5,101.15,2025-12-29,UAE,Umm Al Quwain,Supermarket,Female,2.6
SL-04085,Arabic tea,4.45,37,164.65,25,123.49,2021-12-01,UAE,Ras Al Khaimah,Cafe,Female,3.5
SL-04086,Soft drinks,3.87,77,297.99,25,223.49,2023-08-24,UAE,Dubai,Cafe,Female,1.6
SL-04087,Laban,6.35,19,120.65,25,90.49,2023-12-29,UAE,Sharjah,Cafe,Female,4.0
SL-04088,Masala chai,7.99,15,119.85,5,113.86,2020-04-08,UAE,Ras Al Khaimah,Supermarket,Female,4.8
SL-04089,Soft drinks,5.68,67,380.56,30,266.39,2022-04-24,UAE,Abu Dhabi,Hypermarket,Male,3.2
SL-04090,Laban,5.84,26,151.84,15,129.06,2020-03-10,UAE,Ras Al Khaimah,Hypermarket,Male,2.0
SL-04091,Camel milk,11.1,31,344.1,15,292.48,2024-09-20,UAE,Sharjah,Online,Male,2.2
SL-04092,Arabic tea,3.37,56,188.72,25,141.54,2020-12-27,UAE,Ajman,Convenience Store,Male,1.9
SL-04093,Soft drinks,2.15,30,64.5,0,64.5,2024-12-16,UAE,Ajman,Convenience Store,Male,1.7
SL-04094,Juice,6.4,16,102.4,10,92.16,2021-03-30,UAE,Sharjah,Cafe,Male,3.1
SL-04095,Arabic coffee,12.76,33,421.08,30,294.76,2023-06-30,UAE,Dubai,Convenience Store,Male,3.2
SL-04096,Arabic coffee,7.14,49,349.86,0,349.86,2023-06-11,UAE,Dubai,Online,Female,1.5
SL-04097,Juice,9.5,26,247.0,15,209.95,2020-03-31,UAE,Dubai,Supermarket,Female,1.7
SL-04098,Arabic tea,3.66,44,161.04,25,120.78,2022-11-23,UAE,Fujairah,Convenience Store,Male,2.4
SL-04099,Soft drinks,4.97,65,323.05,5,306.9,2022-08-06,UAE,Ajman,Cafe,Female,4.7
SL-04100,Juice,6.71,35,234.85,30,164.4,2023-01-21,UAE,Dubai,Hypermarket,Male,4.2
SL-04101,Arabic coffee,11.86,36,426.96,10,384.26,2024-10-02,UAE,Umm Al Quwain,Cafe,Male,2.6
SL-04102,Camel milk,8.11,1,8.11,30,5.68,2021-07-17,UAE,Dubai,Supermarket,Female,2.7
SL-04103,Soft drinks,3.99,20,79.8,5,75.81,2022-12-29,UAE,Ras Al Khaimah,Online,Female,2.9
SL-04104,Arabic coffee,6.26,13,81.38,25,61.04,2024-05-18,UAE,Umm Al Quwain,Online,Female,4.2
SL-04105,Arabic tea,4.65,69,320.85,10,288.76,2025-01-21,UAE,Fujairah,Supermarket,Female,2.3
SL-04106,Camel milk,19.76,75,1482.0,5,1407.9,2020-12-14,UAE,Sharjah,Supermarket,Female,3.4
SL-04107,Juice,8.1,47,380.7,0,380.7,2022-11-29,UAE,Ras Al Khaimah,Supermarket,Male,2.6
SL-04108,Arabic tea,6.46,100,646.0,0,646.0,2023-01-19,UAE,Abu Dhabi,Convenience Store,Female,3.5
SL-04109,Soft drinks,5.49,61,334.89,30,234.42,2025-06-17,UAE,Ajman,Supermarket,Male,2.7
SL-04110,Laban,4.32,85,367.2,20,293.76,2023-12-26,UAE,Sharjah,Supermarket,Male,1.7
SL-04111,Masala chai,4.43,96,425.28,15,361.49,2020-12-12,UAE,Ajman,Cafe,Male,1.6
SL-04112,Arabic coffee,12.52,61,763.72,30,534.6,2023-11-05,UAE,Fujairah,Convenience Store,Female,1.5
SL-04113,Soft drinks,4.0,2,8.0,0,8.0,2023-01-14,UAE,Ajman,Supermarket,Female,2.8
SL-04114,Masala chai,5.3,85,450.5,30,315.35,2021-04-26,UAE,Sharjah,Convenience Store,Female,1.9
SL-04115,Arabic tea,4.05,28,113.4,20,90.72,2025-10-07,UAE,Abu Dhabi,Hypermarket,Male,4.6
SL-04116,Laban,4.95,12,59.4,25,44.55,2025-03-20,UAE,Fujairah,Supermarket,Male,2.8
SL-04117,Laban,6.86,14,96.04,5,91.24,2025-01-10,UAE,Fujairah,Cafe,Male,3.6
SL-04118,Juice,9.71,95,922.45,25,691.84,2023-05-20,UAE,Abu Dhabi,Supermarket,Female,4.5
SL-04119,Laban,4.13,90,371.7,30,260.19,2022-10-01,UAE,Sharjah,Hypermarket,Female,4.6
SL-04120,Masala chai,6.57,100,657.0,5,624.15,2021-11-23,UAE,Umm Al Quwain,Cafe,Male,1.9
SL-04121,Arabic coffee,10.35,61,631.35,25,473.51,2021-05-25,UAE,Sharjah,Online,Female,3.3
SL-04122,Arabic coffee,7.08,18,127.44,15,108.32,2025-04-18,UAE,Sharjah,Online,Male,2.8
SL-04123,Camel milk,17.94,44,789.36,20,631.49,2020-09-22,UAE,Ras Al Khaimah,Hypermarket,Female,3.9
SL-04124,Arabic tea,4.62,60,277.2,0,277.2,2020-01-09,UAE,Fujairah,Cafe,Female,2.1
SL-04125,Juice,8.37,16,133.92,0,133.92,2022-11-21,UAE,Ajman,Supermarket,Male,4.7
SL-04126,Masala chai,4.91,84,412.44,0,412.44,2025-02-16,UAE,Dubai,Cafe,Female,2.0
SL-04127,Masala chai,7.0,23,161.0,25,120.75,2025-10-15,UAE,Umm Al Quwain,Convenience Store,Female,3.0
SL-04128,Laban,6.43,98,630.14,10,567.13,2025-05-31,UAE,Fujairah,Hypermarket,Male,5.0
SL-04129,Masala chai,5.8,94,545.2,15,463.42,2021-05-10,UAE,Ajman,Supermarket,Male,3.2
SL-04130,Arabic coffee,6.47,32,207.04,5,196.69,2020-05-06,UAE,Sharjah,Supermarket,Male,4.0
SL-04131,Laban,6.88,97,667.36,5,633.99,2024-08-02,UAE,Ajman,Online,Female,3.3
SL-04132,Arabic coffee,9.06,94,851.64,0,851.64,2022-04-12,UAE,Abu Dhabi,Cafe,Male,4.6
SL-04133,Laban,6.97,74,515.78,25,386.84,2025-12-09,UAE,Sharjah,Online,Male,2.2
SL-04134,Soft drinks,5.9,99,584.1,25,438.07,2025-04-18,UAE,Dubai,Supermarket,Male,5.0
SL-04135,Camel milk,17.98,96,1726.08,20,1380.86,2025-06-19,UAE,Umm Al Quwain,Supermarket,Male,4.2
SL-04136,Laban,6.11,68,415.48,25,311.61,2024-11-15,UAE,Ras Al Khaimah,Online,Female,3.8
SL-04137,Arabic tea,6.04,75,453.0,5,430.35,2020-05-23,UAE,Abu Dhabi,Supermarket,Female,4.4
SL-04138,Laban,6.86,66,452.76,5,430.12,2024-11-17,UAE,Sharjah,Cafe,Male,1.6
SL-04139,Juice,8.34,70,583.8,15,496.23,2024-08-05,UAE,Umm Al Quwain,Online,Female,1.7
SL-04140,Masala chai,3.3,61,201.3,30,140.91,2024-12-13,UAE,Sharjah,Convenience Store,Female,2.6
SL-04141,Soft drinks,3.71,51,189.21,10,170.29,2021-10-18,UAE,Fujairah,Convenience Store,Male,3.4
SL-04142,Laban,3.41,76,259.16,10,233.24,2020-06-14,UAE,Ajman,Online,Female,1.0
SL-04143,Soft drinks,3.23,98,316.54,5,300.71,2022-01-05,UAE,Umm Al Quwain,Hypermarket,Male,2.7
SL-04144,Juice,7.67,29,222.43,0,222.43,2022-11-13,UAE,Abu Dhabi,Hypermarket,Female,2.6
SL-04145,Masala chai,3.86,48,185.28,15,157.49,2020-05-15,UAE,Abu Dhabi,Hypermarket,Male,4.6
SL-04146,Juice,8.52,34,289.68,30,202.78,2020-12-20,UAE,Umm Al Quwain,Supermarket,Female,1.9
SL-04147,Juice,7.09,19,134.71,25,101.03,2024-02-16,UAE,Abu Dhabi,Convenience Store,Male,4.0
SL-04148,Camel milk,9.5,91,864.5,20,691.6,2020-04-11,UAE,Abu Dhabi,Online,Female,3.3
SL-04149,Camel milk,16.64,46,765.44,30,535.81,2024-07-29,UAE,Umm Al Quwain,Hypermarket,Male,4.7
SL-04150,Laban,6.72,25,168.0,5,159.6,2021-06-14,UAE,Ajman,Online,Male,5.0
SL-04151,Soft drinks,4.13,46,189.98,25,142.49,2022-08-03,UAE,Ajman,Hypermarket,Female,4.1
SL-04152,Juice,4.84,29,140.36,15,119.31,2022-05-01,UAE,Fujairah,Hypermarket,Male,4.0
SL-04153,Camel milk,8.42,30,252.6,25,189.45,2023-07-02,UAE,Ajman,Supermarket,Male,3.8
SL-04154,Soft drinks,4.62,33,152.46,0,152.46,2022-08-13,UAE,Abu Dhabi,Online,Male,1.8
SL-04155,Arabic tea,2.98,16,47.68,25,35.76,2025-12-24,UAE,Fujairah,Cafe,Female,3.1
SL-04156,Masala chai,4.84,82,396.88,30,277.82,2020-02-21,UAE,Dubai,Hypermarket,Male,2.9
SL-04157,Masala chai,5.32,57,303.24,0,303.24,2024-03-02,UAE,Ras Al Khaimah,Cafe,Female,3.6
SL-04158,Arabic tea,6.68,87,581.16,0,581.16,2020-03-08,UAE,Ajman,Online,Female,2.5
SL-04159,Arabic coffee,11.28,38,428.64,10,385.78,2021-08-13,UAE,Umm Al Quwain,Convenience Store,Male,3.9
SL-04160,Camel milk,12.41,86,1067.26,25,800.45,2024-11-17,UAE,Ras Al Khaimah,Hypermarket,Male,3.7
SL-04161,Masala chai,3.15,27,85.05,25,63.79,2024-10-21,UAE,Abu Dhabi,Online,Male,4.9
SL-04162,Laban,5.12,79,404.48,5,384.26,2020-06-04,UAE,Sharjah,Hypermarket,Female,3.2
SL-04163,Soft drinks,4.41,79,348.39,20,278.71,2020-11-24,UAE,Ajman,Cafe,Female,3.7
SL-04164,Arabic coffee,8.72,31,270.32,5,256.8,2024-09-18,UAE,Dubai,Cafe,Female,4.0
SL-04165,Masala chai,6.99,100,699.0,0,699.0,2024-11-20,UAE,Fujairah,Supermarket,Male,1.0
SL-04166,Juice,9.26,95,879.7,25,659.77,2024-07-09,UAE,Ras Al Khaimah,Online,Female,4.1
SL-04167,Arabic coffee,9.58,39,373.62,15,317.58,2025-12-18,UAE,Ajman,Online,Male,2.2
SL-04168,Juice,5.48,72,394.56,20,315.65,2022-08-04,UAE,Sharjah,Cafe,Male,3.9
SL-04169,Laban,4.34,40,173.6,5,164.92,2023-08-25,UAE,Umm Al Quwain,Online,Male,1.6
SL-04170,Masala chai,5.83,52,303.16,5,288.0,2024-08-25,UAE,Fujairah,Online,Male,3.3
SL-04171,Soft drinks,4.39,33,144.87,20,115.9,2023-11-25,UAE,Sharjah,Cafe,Male,1.8
SL-04172,Masala chai,6.94,37,256.78,15,218.26,2022-03-23,UAE,Sharjah,Online,Female,3.6
SL-04173,Camel milk,13.64,66,900.24,15,765.2,2021-01-07,UAE,Abu Dhabi,Supermarket,Male,4.0
SL-04174,Camel milk,15.95,95,1515.25,30,1060.68,2021-11-18,UAE,Ajman,Hypermarket,Male,2.5
SL-04175,Masala chai,6.68,85,567.8,30,397.46,2021-11-27,UAE,Ajman,Hypermarket,Female,4.3
SL-04176,Arabic coffee,7.05,65,458.25,15,389.51,2024-10-11,UAE,Sharjah,Cafe,Male,4.9
SL-04177,Arabic coffee,8.91,13,115.83,20,92.66,2025-10-28,UAE,Dubai,Supermarket,Female,2.2
SL-04178,Juice,6.38,94,599.72,0,599.72,2021-09-23,UAE,Fujairah,Online,Male,4.4
SL-04179,Juice,5.86,97,568.42,15,483.16,2022-03-20,UAE,Umm Al Quwain,Cafe,Female,3.5
SL-04180,Arabic coffee,9.69,46,445.74,20,356.59,2020-08-26,UAE,Sharjah,Convenience Store,Male,5.0
SL-04181,Arabic tea,6.08,86,522.88,0,522.88,2023-04-13,UAE,Ras Al Khaimah,Hypermarket,Female,4.7
SL-04182,Arabic tea,5.54,85,470.9,10,423.81,2025-07-03,UAE,Fujairah,Cafe,Male,2.1
SL-04183,Arabic tea,3.23,35,113.05,15,96.09,2025-07-15,UAE,Ajman,Cafe,Female,2.0
SL-04184,Arabic tea,3.07,30,92.1,20,73.68,2023-08-26,UAE,Ajman,Cafe,Female,4.0
SL-04185,Soft drinks,4.0,74,296.0,0,296.0,2020-12-25,UAE,Fujairah,Convenience Store,Male,2.4
SL-04186,Laban,3.77,70,263.9,30,184.73,2025-08-20,UAE,Sharjah,Online,Male,3.4
SL-04187,Soft drinks,5.91,36,212.76,5,202.12,2024-07-09,UAE,Umm Al Quwain,Convenience Store,Male,3.4
SL-04188,Laban,4.28,28,119.84,20,95.87,2021-09-05,UAE,Dubai,Online,Male,2.3
SL-04189,Soft drinks,2.18,74,161.32,25,120.99,2021-11-08,UAE,Ras Al Khaimah,Online,Male,4.2
SL-04190,Masala chai,7.65,39,298.35,30,208.85,2023-09-13,UAE,Umm Al Quwain,Hypermarket,Male,3.1
SL-04191,Soft drinks,5.99,24,143.76,30,100.63,2025-08-28,UAE,Dubai,Convenience Store,Male,4.3
SL-04192,Juice,4.38,67,293.46,20,234.77,2023-04-05,UAE,Dubai,Hypermarket,Male,2.2
SL-04193,Juice,6.56,39,255.84,20,204.67,2024-12-12,UAE,Umm Al Quwain,Supermarket,Male,2.6
SL-04194,Masala chai,5.3,95,503.5,20,402.8,2021-04-19,UAE,Dubai,Supermarket,Male,1.7
SL-04195,Arabic tea,3.69,97,357.93,5,340.03,2023-07-06,UAE,Fujairah,Cafe,Female,2.6
SL-04196,Masala chai,5.76,53,305.28,25,228.96,2020-06-30,UAE,Ras Al Khaimah,Supermarket,Female,4.6
SL-04197,Camel milk,17.45,39,680.55,0,680.55,2024-03-07,UAE,Sharjah,Cafe,Female,1.9
SL-04198,Soft drinks,5.38,54,290.52,25,217.89,2025-10-12,UAE,Fujairah,Online,Male,4.3
SL-04199,Masala chai,4.58,1,4.58,30,3.21,2025-05-27,UAE,Umm Al Quwain,Supermarket,Male,2.4
SL-04200,Soft drinks,5.16,2,10.32,0,10.32,2023-12-20,UAE,Dubai,Supermarket,Male,2.2
SL-04201,Arabic tea,4.33,70,303.1,0,303.1,2021-01-06,UAE,Sharjah,Cafe,Male,4.0
SL-04202,Laban,4.18,73,305.14,30,213.6,2024-03-10,UAE,Ras Al Khaimah,Supermarket,Male,2.6
SL-04203,Camel milk,18.53,44,815.32,0,815.32,2022-06-30,UAE,Ras Al Khaimah,Supermarket,Female,4.0
SL-04204,Arabic tea,6.64,53,351.92,20,281.54,2025-07-10,UAE,Ajman,Supermarket,Female,4.2
SL-04205,Camel milk,13.8,69,952.2,0,952.2,2022-04-15,UAE,Fujairah,Convenience Store,Female,1.6
SL-04206,Arabic coffee,6.63,72,477.36,25,358.02,2021-02-19,UAE,Umm Al Quwain,Convenience Store,Male,4.7
SL-04207,Laban,4.69,20,93.8,20,75.04,2022-03-08,UAE,Abu Dhabi,Hypermarket,Female,1.3
SL-04208,Masala chai,5.88,21,123.48,5,117.31,2022-12-22,UAE,Dubai,Cafe,Female,4.4
SL-04209,Camel milk,15.99,28,447.72,15,380.56,2024-01-27,UAE,Umm Al Quwain,Supermarket,Female,2.9
SL-04210,Laban,5.22,50,261.0,5,247.95,2024-06-24,UAE,Fujairah,Online,Male,1.0
SL-04211,Camel milk,8.82,24,211.68,15,179.93,2020-08-31,UAE,Umm Al Quwain,Hypermarket,Female,3.6
SL-04212,Juice,7.55,48,362.4,0,362.4,2021-03-27,UAE,Ajman,Convenience Store,Female,1.4
SL-04213,Camel milk,14.65,7,102.55,30,71.78,2021-06-23,UAE,Fujairah,Supermarket,Female,4.6
SL-04214,Arabic tea,5.34,83,443.22,30,310.25,2022-03-12,UAE,Abu Dhabi,Cafe,Female,4.7
SL-04215,Camel milk,10.19,46,468.74,20,374.99,2021-07-09,UAE,Umm Al Quwain,Cafe,Female,3.3
SL-04216,Camel milk,13.15,20,263.0,5,249.85,2024-10-29,UAE,Dubai,Convenience Store,Female,2.4
SL-04217,Laban,5.63,65,365.95,25,274.46,2024-05-03,UAE,Ras Al Khaimah,Supermarket,Female,4.5
SL-04218,Arabic coffee,6.08,98,595.84,15,506.46,2020-05-06,UAE,Umm Al Quwain,Cafe,Male,2.2
SL-04219,Masala chai,3.82,9,34.38,5,32.66,2020-01-25,UAE,Umm Al Quwain,Supermarket,Female,4.2
SL-04220,Laban,3.49,36,125.64,30,87.95,2024-07-25,UAE,Dubai,Cafe,Female,2.0
SL-04221,Arabic tea,2.21,70,154.7,25,116.03,2020-06-05,UAE,Dubai,Cafe,Female,1.4
SL-04222,Arabic tea,5.87,31,181.97,10,163.77,2023-12-14,UAE,Ajman,Cafe,Male,2.1
SL-04223,Camel milk,17.84,2,35.68,20,28.54,2020-05-22,UAE,Fujairah,Convenience Store,Female,4.6
SL-04224,Juice,8.97,89,798.33,15,678.58,2022-06-21,UAE,Sharjah,Convenience Store,Male,3.4
SL-04225,Arabic coffee,11.18,70,782.6,30,547.82,2021-08-03,UAE,Sharjah,Cafe,Female,2.9
SL-04226,Laban,6.93,11,76.23,10,68.61,2024-01-10,UAE,Abu Dhabi,Cafe,Female,2.2
SL-04227,Juice,9.58,84,804.72,15,684.01,2025-12-25,UAE,Ajman,Hypermarket,Male,1.8
SL-04228,Masala chai,5.27,97,511.19,15,434.51,2022-03-10,UAE,Ras Al Khaimah,Supermarket,Female,4.2
SL-04229,Camel milk,9.15,37,338.55,15,287.77,2025-04-06,UAE,Abu Dhabi,Cafe,Other,2.6
SL-04230,Masala chai,6.36,49,311.64,20,249.31,2024-05-05,UAE,Sharjah,Cafe,Female,1.5
SL-04231,Soft drinks,4.44,58,257.52,15,218.89,2024-06-22,UAE,Dubai,Supermarket,Female,2.5
SL-04232,Juice,4.05,25,101.25,10,91.13,2024-06-26,UAE,Ras Al Khaimah,Cafe,Male,4.2
SL-04233,Laban,5.38,81,435.78,30,305.05,2024-06-09,UAE,Fujairah,Online,Male,1.2
SL-04234,Masala chai,4.89,64,312.96,25,234.72,2024-01-30,UAE,Ajman,Convenience Store,Male,1.3
SL-04235,Arabic tea,6.67,17,113.39,5,107.72,2022-04-11,UAE,Dubai,Hypermarket,Male,2.1
SL-04236,Masala chai,3.76,96,360.96,15,306.82,2025-11-10,UAE,Umm Al Quwain,Supermarket,Male,2.3
SL-04237,Arabic tea,5.1,77,392.7,15,333.79,2020-08-19,UAE,Dubai,Online,Male,2.4
SL-04238,Masala chai,6.86,2,13.72,25,10.29,2022-02-10,UAE,Sharjah,Hypermarket,Male,4.1
SL-04239,Arabic coffee,6.19,35,216.65,10,194.99,2022-07-30,UAE,Ajman,Supermarket,Male,4.8
SL-04240,Masala chai,6.32,32,202.24,5,192.13,2021-08-24,UAE,Abu Dhabi,Supermarket,Male,1.3
SL-04241,Laban,4.08,34,138.72,25,104.04,2020-11-03,UAE,Abu Dhabi,Supermarket,Female,2.1
SL-04242,Masala chai,7.31,69,504.39,30,353.07,2022-03-17,UAE,Ajman,Cafe,Male,3.8
SL-04243,Arabic coffee,13.43,60,805.8,30,564.06,2023-05-29,UAE,Ajman,Cafe,Female,1.6
SL-04244,Camel milk,17.08,13,222.04,0,222.04,2025-07-08,UAE,Ajman,Cafe,Male,1.4
SL-04245,Laban,6.76,88,594.88,25,446.16,2020-06-23,UAE,Ras Al Khaimah,Supermarket,Female,3.6
SL-04246,Arabic tea,5.41,50,270.5,5,256.97,2025-03-12,UAE,Umm Al Quwain,Convenience Store,Male,2.6
SL-04247,Laban,6.09,97,590.73,30,413.51,2025-04-23,UAE,Ajman,Hypermarket,Female,2.4
SL-04248,Juice,9.83,100,983.0,30,688.1,2023-05-15,UAE,Sharjah,Hypermarket,Male,4.1
SL-04249,Laban,5.09,69,351.21,5,333.65,2023-06-27,UAE,Abu Dhabi,Online,Female,1.6
SL-04250,Masala chai,6.74,17,114.58,25,85.94,2025-03-23,UAE,Sharjah,Hypermarket,Male,1.3
SL-04251,Laban,5.72,97,554.84,5,527.1,2022-10-28,UAE,Ras Al Khaimah,Supermarket,Male,4.9
SL-04252,Masala chai,4.83,71,342.93,25,257.2,2020-01-30,UAE,Ras Al Khaimah,Hypermarket,Female,2.9
SL-04253,Masala chai,5.21,61,317.81,15,270.14,2025-07-21,UAE,Ajman,Online,Female,3.1
SL-04254,Masala chai,4.6,90,414.0,30,289.8,2020-08-15,UAE,Ras Al Khaimah,Online,Male,3.7
SL-04255,Arabic coffee,9.73,27,262.71,0,262.71,2024-01-14,UAE,Fujairah,Hypermarket,Female,2.6
SL-04256,Laban,3.76,48,180.48,30,126.34,2020-05-21,UAE,Umm Al Quwain,Hypermarket,Male,1.4
SL-04257,Juice,9.05,92,832.6,0,832.6,2021-05-13,UAE,Sharjah,Convenience Store,Male,3.5
SL-04258,Camel milk,17.66,11,194.26,10,174.83,2024-04-13,UAE,Sharjah,Convenience Store,Male,4.2
SL-04259,Masala chai,4.76,60,285.6,10,257.04,2025-05-15,UAE,Sharjah,Hypermarket,Male,3.4
SL-04260,Camel milk,17.73,88,1560.24,30,1092.17,2023-02-07,UAE,Sharjah,Hypermarket,Male,2.0
SL-04261,Arabic tea,4.9,58,284.2,5,269.99,2021-01-12,UAE,Ras Al Khaimah,Online,Female,2.9
SL-04262,Camel milk,17.0,96,1632.0,5,1550.4,2025-07-25,UAE,Umm Al Quwain,Convenience Store,Male,2.2
SL-04263,Masala chai,6.69,70,468.3,25,351.22,2025-12-13,UAE,Sharjah,Cafe,Female,3.5
SL-04264,Laban,5.03,61,306.83,20,245.46,2021-06-19,UAE,Ajman,Supermarket,Female,5.0
SL-04265,Camel milk,12.4,76,942.4,5,895.28,2022-06-18,UAE,Ajman,Cafe,Male,2.8
SL-04266,Laban,3.51,37,129.87,20,103.9,2021-04-26,UAE,Umm Al Quwain,Supermarket,Female,1.8
SL-04267,Soft drinks,2.67,30,80.1,30,56.07,2024-12-03,UAE,Ras Al Khaimah,Convenience Store,Male,1.2
SL-04268,Camel milk,11.48,27,309.96,25,232.47,2025-11-21,UAE,Dubai,Convenience Store,Female,4.5
SL-04269,Soft drinks,5.19,72,373.68,15,317.63,2022-11-13,UAE,Sharjah,Online,Male,4.4
SL-04270,Camel milk,13.51,29,391.79,15,333.02,2023-12-17,UAE,Ajman,Online,Female,4.9
SL-04271,Juice,4.08,87,354.96,15,301.72,2021-09-25,UAE,Ajman,Hypermarket,Male,5.0
SL-04272,Camel milk,18.39,24,441.36,30,308.95,2022-05-20,UAE,Fujairah,Cafe,Male,3.3
SL-04273,Arabic tea,6.28,54,339.12,30,237.38,2024-12-08,UAE,Ras Al Khaimah,Hypermarket,Male,4.2
SL-04274,Soft drinks,3.71,91,337.61,30,236.33,2023-05-11,UAE,Abu Dhabi,Cafe,Male,4.4
SL-04275,Arabic coffee,12.79,83,1061.57,20,849.26,2020-05-30,UAE,Umm Al Quwain,Online,Female,3.6
SL-04276,Juice,6.41,51,326.91,0,326.91,2022-01-14,UAE,Sharjah,Cafe,Male,1.9
SL-04277,Soft drinks,3.01,34,102.34,5,97.22,2021-01-10,UAE,Sharjah,Cafe,Female,2.1
SL-04278,Camel milk,19.6,85,1666.0,10,1499.4,2022-12-06,UAE,Umm Al Quwain,Online,Male,1.6
SL-04279,Soft drinks,2.47,50,123.5,25,92.62,2020-03-18,UAE,Abu Dhabi,Online,Female,1.4
SL-04280,Masala chai,5.8,93,539.4,5,512.43,2021-01-23,UAE,Umm Al Quwain,Online,Male,4.8
SL-04281,Camel milk,16.27,94,1529.38,10,1376.44,2024-03-04,UAE,Ras Al Khaimah,Convenience Store,Female,4.0
SL-04282,Laban,6.73,22,148.06,0,148.06,2021-03-03,UAE,Ras Al Khaimah,Hypermarket,Female,4.0
SL-04283,Soft drinks,5.05,53,267.65,5,254.27,2025-06-25,UAE,Fujairah,Online,Male,3.0
SL-04284,Juice,6.77,67,453.59,15,385.55,2024-10-07,UAE,Ajman,Online,Male,1.8
SL-04285,Camel milk,10.5,100,1050.0,10,945.0,2023-11-18,UAE,Dubai,Online,Male,3.4
SL-04286,Soft drinks,5.1,72,367.2,0,367.2,2025-07-05,UAE,Ras Al Khaimah,Cafe,Female,1.7
SL-04287,Arabic tea,2.65,26,68.9,20,55.12,2024-07-21,UAE,Ras Al Khaimah,Supermarket,Female,3.0
SL-04288,Camel milk,12.36,4,49.44,0,49.44,2023-10-01,UAE,Dubai,Supermarket,Male,3.4
SL-04289,Masala chai,5.63,1,5.63,10,5.07,2022-10-25,UAE,Sharjah,Hypermarket,Female,2.7
SL-04290,Juice,7.71,98,755.58,0,755.58,2025-11-18,UAE,Sharjah,Cafe,Female,1.3
SL-04291,Juice,4.58,50,229.0,30,160.3,2020-03-16,UAE,Umm Al Quwain,Convenience Store,Female,3.8
SL-04292,Masala chai,7.2,85,612.0,20,489.6,2022-07-07,UAE,Ras Al Khaimah,Supermarket,Male,4.6
SL-04293,Laban,5.65,4,22.6,15,19.21,2022-08-04,UAE,Ajman,Cafe,Female,2.5
SL-04294,Juice,6.71,5,33.55,20,26.84,2022-03-04,UAE,Fujairah,Online,Male,4.2
SL-04295,Juice,5.09,40,203.6,5,193.42,2024-05-03,UAE,Fujairah,Hypermarket,Male,3.0
SL-04296,Laban,5.26,21,110.46,10,99.41,2024-01-31,UAE,Sharjah,Cafe,Other,1.4
SL-04297,Masala chai,7.58,57,432.06,20,345.65,2020-01-30,UAE,Abu Dhabi,Hypermarket,Female,3.0
SL-04298,Camel milk,9.39,43,403.77,10,363.39,2025-08-06,UAE,Fujairah,Cafe,Male,4.9
SL-04299,Soft drinks,4.5,24,108.0,25,81.0,2024-10-02,UAE,Umm Al Quwain,Online,Male,4.9
SL-04300,Laban,4.36,66,287.76,20,230.21,2024-09-16,UAE,Fujairah,Cafe,Female,3.7
SL-04301,Arabic tea,2.31,97,224.07,20,179.26,2025-08-13,UAE,Sharjah,Cafe,Male,4.8
SL-04302,Juice,9.92,62,615.04,30,430.53,2022-03-07,UAE,Umm Al Quwain,Cafe,Male,1.9
SL-04303,Arabic tea,4.05,35,141.75,15,120.49,2024-06-08,UAE,Dubai,Hypermarket,Male,1.6
SL-04304,Arabic tea,4.46,55,245.3,30,171.71,2022-12-16,UAE,Umm Al Quwain,Convenience Store,Female,4.2
SL-04305,Arabic coffee,8.35,57,475.95,25,356.96,2022-12-21,UAE,Fujairah,Online,Male,2.0
SL-04306,Juice,8.47,45,381.15,10,343.03,2022-11-01,UAE,Umm Al Quwain,Hypermarket,Male,2.8
SL-04307,Arabic tea,3.6,5,18.0,25,13.5,2022-09-15,UAE,Fujairah,Hypermarket,Male,4.1
SL-04308,Juice,6.97,77,536.69,25,402.52,2025-11-17,UAE,Dubai,Cafe,Female,3.7
SL-04309,Laban,4.59,30,137.7,25,103.28,2024-12-11,UAE,Ras Al Khaimah,Convenience Store,Male,1.1
SL-04310,Arabic tea,6.07,36,218.52,20,174.82,2020-01-30,UAE,Umm Al Quwain,Supermarket,Female,2.9
SL-04311,Masala chai,4.15,28,116.2,5,110.39,2022-02-11,UAE,Fujairah,Cafe,Male,2.6
SL-04312,Soft drinks,4.89,16,78.24,5,74.33,2025-11-19,UAE,Ajman,Cafe,Male,4.9
SL-04313,Camel milk,16.36,36,588.96,30,412.27,2020-08-14,UAE,Umm Al Quwain,Supermarket,Male,2.8
SL-04314,Arabic tea,6.38,12,76.56,10,68.9,2022-11-20,UAE,Dubai,Online,Male,4.2
SL-04315,Arabic tea,2.15,14,30.1,0,30.1,2025-12-23,UAE,Umm Al Quwain,Hypermarket,Male,3.1
SL-04316,Juice,7.79,56,436.24,5,414.43,2024-10-15,UAE,Abu Dhabi,Convenience Store,Female,2.9
SL-04317,Masala chai,6.46,51,329.46,30,230.62,2021-07-13,UAE,Ajman,Supermarket,Male,4.4
SL-04318,Juice,5.18,74,383.32,20,306.66,2020-08-07,UAE,Ajman,Convenience Store,Male,3.4
SL-04319,Arabic coffee,14.55,74,1076.7,10,969.03,2022-01-03,UAE,Umm Al Quwain,Supermarket,Male,1.4
SL-04320,Arabic coffee,9.89,6,59.34,15,50.44,2023-09-05,UAE,Umm Al Quwain,Cafe,Male,4.5
SL-04321,Camel milk,12.7,67,850.9,10,765.81,2022-04-08,UAE,Ras Al Khaimah,Online,Male,3.5
SL-04322,Laban,3.79,31,117.49,30,82.24,2022-05-30,UAE,Umm Al Quwain,Supermarket,Male,2.1
SL-04323,Masala chai,5.24,84,440.16,10,396.14,2023-10-30,UAE,Sharjah,Online,Female,1.8
SL-04324,Camel milk,19.35,45,870.75,25,653.06,2025-03-29,UAE,Umm Al Quwain,Hypermarket,Male,1.7
SL-04325,Camel milk,16.71,68,1136.28,15,965.84,2020-12-14,UAE,Sharjah,Online,Female,1.2
SL-04326,Arabic coffee,13.46,90,1211.4,20,969.12,2022-09-06,UAE,Fujairah,Supermarket,Female,3.4
SL-04327,Arabic coffee,8.99,13,116.87,30,81.81,2025-03-06,UAE,Abu Dhabi,Cafe,Male,1.8
SL-04328,Masala chai,4.82,83,400.06,20,320.05,2022-04-28,UAE,Ras Al Khaimah,Convenience Store,Female,1.4
SL-04329,Soft drinks,3.99,65,259.35,15,220.45,2020-02-17,UAE,Dubai,Convenience Store,Female,3.0
SL-04330,Juice,7.47,98,732.06,0,732.06,2020-05-02,UAE,Fujairah,Online,Female,2.5
SL-04331,Arabic tea,4.14,6,24.84,15,21.11,2023-05-19,UAE,Dubai,Online,Female,4.0
SL-04332,Juice,7.19,35,251.65,20,201.32,2023-12-09,UAE,Abu Dhabi,Supermarket,Male,3.1
SL-04333,Juice,5.28,43,227.04,25,170.28,2021-06-13,UAE,Sharjah,Supermarket,Female,4.5
SL-04334,Juice,5.11,8,40.88,20,32.7,2025-09-03,UAE,Dubai,Hypermarket,Male,2.8
SL-04335,Soft drinks,5.17,50,258.5,30,180.95,2025-07-10,UAE,Sharjah,Hypermarket,Female,1.3
SL-04336,Arabic coffee,10.19,96,978.24,20,782.59,2020-06-19,UAE,Ras Al Khaimah,Convenience Store,Female,5.0
SL-04337,Laban,5.25,74,388.5,10,349.65,2022-02-01,UAE,Fujairah,Cafe,Male,1.8
SL-04338,Arabic coffee,5.34,81,432.54,10,389.29,2021-09-24,UAE,Ajman,Supermarket,Female,4.3
SL-04339,Juice,7.72,100,772.0,0,772.0,2020-06-03,UAE,Dubai,Convenience Store,Male,4.3
SL-04340,Soft drinks,4.43,77,341.11,25,255.83,2021-11-07,UAE,Ras Al Khaimah,Online,Male,1.9
SL-04341,Soft drinks,3.43,52,178.36,10,160.52,2021-04-25,UAE,Sharjah,Supermarket,Female,1.1
SL-04342,Arabic tea,3.77,8,30.16,30,21.11,2021-04-26,UAE,Abu Dhabi,Online,Male,1.7
SL-04343,Soft drinks,5.47,81,443.07,20,354.46,2023-08-29,UAE,Sharjah,Hypermarket,Male,4.9
SL-04344,Camel milk,8.26,17,140.42,5,133.4,2024-04-23,UAE,Dubai,Cafe,Male,1.2
SL-04345,Laban,3.51,8,28.08,10,25.27,2022-08-30,UAE,Ras Al Khaimah,Supermarket,Female,1.1
SL-04346,Camel milk,18.91,45,850.95,10,765.86,2025-10-15,UAE,Ras Al Khaimah,Convenience Store,Female,1.9
SL-04347,Masala chai,5.22,63,328.86,20,263.09,2021-09-07,UAE,Ajman,Hypermarket,Female,3.1
SL-04348,Masala chai,7.16,43,307.88,25,230.91,2024-03-14,UAE,Fujairah,Convenience Store,Male,4.3
SL-04349,Arabic tea,2.42,21,50.82,15,43.2,2024-11-23,UAE,Abu Dhabi,Hypermarket,Female,4.5
SL-04350,Masala chai,7.26,76,551.76,10,496.58,2024-01-24,UAE,Umm Al Quwain,Supermarket,Female,1.7
SL-04351,Masala chai,6.23,88,548.24,15,466.0,2020-11-20,UAE,Umm Al Quwain,Cafe,Female,3.6
SL-04352,Masala chai,7.53,76,572.28,0,572.28,2024-09-29,UAE,Abu Dhabi,Supermarket,Female,1.5
SL-04353,Arabic coffee,12.27,80,981.6,10,883.44,2024-05-06,UAE,Umm Al Quwain,Convenience Store,Male,3.0
SL-04354,Camel milk,16.1,44,708.4,0,708.4,2021-04-16,UAE,Umm Al Quwain,Convenience Store,Female,2.1
SL-04355,Arabic coffee,13.45,95,1277.75,0,1277.75,2024-07-25,UAE,Ras Al Khaimah,Cafe,Male,2.0
SL-04356,Arabic coffee,7.9,31,244.9,10,220.41,2024-01-19,UAE,Dubai,Online,Female,2.7
SL-04357,Masala chai,6.92,77,532.84,25,399.63,2025-09-23,UAE,Umm Al Quwain,Hypermarket,Male,2.3
SL-04358,Camel milk,18.31,65,1190.15,30,833.1,2023-09-12,UAE,Fujairah,Hypermarket,Female,2.8
SL-04359,Masala chai,5.24,58,303.92,25,227.94,2022-01-06,UAE,Ajman,Online,Male,3.3
SL-04360,Masala chai,4.42,91,402.22,0,402.22,2023-03-27,UAE,Abu Dhabi,Hypermarket,Female,1.6
SL-04361,Arabic coffee,10.87,32,347.84,15,295.66,2020-09-11,UAE,Ras Al Khaimah,Online,Female,1.1
SL-04362,Arabic coffee,7.85,43,337.55,10,303.79,2024-08-31,UAE,Ras Al Khaimah,Convenience Store,Female,2.2
SL-04363,Juice,9.38,93,872.34,30,610.64,2023-10-28,UAE,Dubai,Online,Male,1.8
SL-04364,Arabic tea,4.11,63,258.93,0,258.93,2020-05-02,UAE,Abu Dhabi,Convenience Store,Male,1.9
SL-04365,Soft drinks,5.11,56,286.16,15,243.24,2023-05-18,UAE,Sharjah,Cafe,Female,1.1
SL-04366,Camel milk,17.39,100,1739.0,5,1652.05,2022-03-19,UAE,Ajman,Hypermarket,Female,2.6
SL-04367,Arabic tea,2.31,37,85.47,30,59.83,2021-02-26,UAE,Sharjah,Supermarket,Female,1.8
SL-04368,Juice,9.44,82,774.08,30,541.86,2023-10-09,UAE,Dubai,Supermarket,Male,4.8
SL-04369,Laban,3.96,38,150.48,10,135.43,2024-01-29,UAE,Sharjah,Cafe,Female,4.6
SL-04370,Juice,8.81,16,140.96,15,119.82,2025-06-04,UAE,Ras Al Khaimah,Hypermarket,Male,4.2
SL-04371,Arabic coffee,14.71,98,1441.58,15,1225.34,2023-12-29,UAE,Ajman,Cafe,Male,4.3
SL-04372,Arabic tea,2.04,96,195.84,20,156.67,2020-07-27,UAE,Dubai,Supermarket,Female,4.0
SL-04373,Masala chai,4.0,61,244.0,0,244.0,2021-10-11,UAE,Sharjah,Convenience Store,Female,3.2
SL-04374,Camel milk,15.51,75,1163.25,15,988.76,2020-07-08,UAE,Ras Al Khaimah,Hypermarket,Male,3.2
SL-04375,Arabic tea,6.69,88,588.72,5,559.28,2025-11-14,UAE,Umm Al Quwain,Supermarket,Female,2.7
SL-04376,Laban,6.82,67,456.94,20,365.55,2020-12-26,UAE,Ras Al Khaimah,Convenience Store,Female,1.1
SL-04377,Camel milk,12.42,98,1217.16,20,973.73,2022-04-18,UAE,Abu Dhabi,Cafe,Male,1.4
SL-04378,Soft drinks,2.17,52,112.84,10,101.56,2022-08-30,UAE,Dubai,Supermarket,Female,1.8
SL-04379,Arabic coffee,7.17,74,530.58,15,450.99,2020-01-10,UAE,Abu Dhabi,Online,Female,1.7
SL-04380,Arabic coffee,11.69,31,362.39,20,289.91,2020-09-14,UAE,Ras Al Khaimah,Online,Female,4.8
SL-04381,Laban,5.13,28,143.64,20,114.91,2021-02-10,UAE,Sharjah,Convenience Store,Female,2.8
SL-04382,Arabic tea,5.78,99,572.22,15,486.39,2021-07-07,UAE,Ajman,Online,Male,4.5
SL-04383,Arabic coffee,5.08,30,152.4,10,137.16,2024-07-15,UAE,Ras Al Khaimah,Supermarket,Male,1.7
SL-04384,Juice,5.75,36,207.0,5,196.65,2022-11-21,UAE,Fujairah,Online,Male,4.4
SL-04385,Juice,7.89,25,197.25,30,138.08,2024-11-13,UAE,Fujairah,Hypermarket,Female,3.4
SL-04386,Juice,5.44,77,418.88,30,293.22,2025-04-27,UAE,Fujairah,Convenience Store,Female,3.7
SL-04387,Juice,8.95,39,349.05,10,314.14,2024-12-31,UAE,Ras Al Khaimah,Cafe,Male,2.6
SL-04388,Arabic coffee,5.88,33,194.04,15,164.93,2023-10-03,UAE,Umm Al Quwain,Cafe,Male,4.2
SL-04389,Soft drinks,2.37,42,99.54,10,89.59,2022-03-13,UAE,Umm Al Quwain,Online,Male,3.6
SL-04390,Laban,4.12,20,82.4,25,61.8,2024-03-16,UAE,Ajman,Cafe,Female,4.4
SL-04391,Masala chai,6.83,76,519.08,15,441.22,2020-09-18,UAE,Ajman,Online,Female,4.2
SL-04392,Camel milk,15.94,69,1099.86,5,1044.87,2022-09-22,UAE,Umm Al Quwain,Hypermarket,Female,4.2
SL-04393,Arabic coffee,12.72,81,1030.32,25,772.74,2022-01-30,UAE,Abu Dhabi,Convenience Store,Male,3.0
SL-04394,Camel milk,10.72,27,289.44,5,274.97,2024-05-03,UAE,Ajman,Cafe,Female,1.2
SL-04395,Arabic coffee,12.12,27,327.24,20,261.79,2025-11-03,UAE,Ajman,Online,Female,3.8
SL-04396,Masala chai,5.48,32,175.36,0,175.36,2023-08-26,UAE,Sharjah,Convenience Store,Male,2.5
SL-04397,Arabic coffee,12.76,85,1084.6,15,921.91,2024-04-27,UAE,Fujairah,Convenience Store,Female,2.8
SL-04398,Laban,5.71,7,39.97,10,35.97,2024-06-08,UAE,Sharjah,Supermarket,Female,1.5
SL-04399,Arabic coffee,12.49,84,1049.16,15,891.79,2024-08-23,UAE,Sharjah,Convenience Store,Female,2.1
SL-04400,Soft drinks,2.66,5,13.3,10,11.97,2022-03-01,UAE,Ajman,Supermarket,Male,2.7
SL-04401,Masala chai,7.0,23,161.0,0,161.0,2025-09-20,UAE,Dubai,Convenience Store,Male,4.9
SL-04402,Juice,6.66,59,392.94,25,294.71,2020-12-05,UAE,Dubai,Convenience Store,Male,2.0
SL-04403,Arabic coffee,10.74,74,794.76,20,635.81,2021-02-18,UAE,Sharjah,Supermarket,Female,2.6
SL-04404,Soft drinks,2.9,71,205.9,10,185.31,2022-02-07,UAE,Dubai,Cafe,Male,2.1
SL-04405,Soft drinks,5.33,91,485.03,20,388.02,2022-04-18,UAE,Ras Al Khaimah,Online,Female,2.6
SL-04406,Soft drinks,5.42,86,466.12,20,372.9,2022-04-17,UAE,Fujairah,Supermarket,Female,1.5
SL-04407,Laban,3.38,52,175.76,0,175.76,2025-07-04,UAE,Fujairah,Cafe,Female,1.3
SL-04408,Camel milk,8.46,20,169.2,5,160.74,2023-04-25,UAE,Ras Al Khaimah,Supermarket,Female,2.4
SL-04409,Laban,6.33,53,335.49,10,301.94,2025-04-21,UAE,Ras Al Khaimah,Cafe,Male,4.4
SL-04410,Camel milk,16.44,45,739.8,20,591.84,2023-04-02,UAE,Ras Al Khaimah,Online,Male,1.5
SL-04411,Soft drinks,3.27,65,212.55,30,148.78,2025-06-05,UAE,Abu Dhabi,Supermarket,Male,4.5
SL-04412,Juice,8.39,95,797.05,25,597.79,2020-02-14,UAE,Sharjah,Supermarket,Male,2.7
SL-04413,Laban,6.0,18,108.0,0,108.0,2022-04-03,UAE,Ajman,Cafe,Female,2.2
SL-04414,Arabic tea,4.3,37,159.1,15,135.24,2021-06-01,UAE,Abu Dhabi,Hypermarket,Male,2.0
SL-04415,Juice,5.69,12,68.28,5,64.87,2020-06-26,UAE,Ajman,Online,Male,2.6
SL-04416,Soft drinks,2.89,52,150.28,0,150.28,2021-08-19,UAE,Ajman,Convenience Store,Male,1.1
SL-04417,Masala chai,5.27,43,226.61,10,203.95,2020-08-09,UAE,Abu Dhabi,Online,Male,1.6
SL-04418,Arabic coffee,7.42,81,601.02,15,510.87,2021-04-06,UAE,Fujairah,Supermarket,Male,3.9
SL-04419,Camel milk,8.09,46,372.14,25,279.11,2020-01-12,UAE,Umm Al Quwain,Online,Female,1.2
SL-04420,Masala chai,5.31,10,53.1,30,37.17,2024-04-18,UAE,Dubai,Hypermarket,Male,3.1
SL-04421,Juice,9.22,77,709.94,5,674.44,2022-02-07,UAE,Umm Al Quwain,Hypermarket,Female,2.5
SL-04422,Laban,6.21,98,608.58,25,456.43,2025-12-09,UAE,Abu Dhabi,Supermarket,Female,2.5
SL-04423,Masala chai,6.67,90,600.3,10,540.27,2024-12-16,UAE,Dubai,Online,Male,4.3
SL-04424,Laban,4.19,19,79.61,30,55.73,2021-12-24,UAE,Dubai,Cafe,Male,1.6
SL-04425,Juice,8.1,53,429.3,25,321.97,2021-03-28,UAE,Ras Al Khaimah,Convenience Store,Female,3.7
SL-04426,Laban,3.1,93,288.3,0,288.3,2020-09-22,UAE,Sharjah,Supermarket,Female,3.6
SL-04427,Masala chai,6.55,70,458.5,20,366.8,2022-02-18,UAE,Dubai,Convenience Store,Male,3.4
SL-04428,Masala chai,4.96,47,233.12,25,174.84,2022-09-02,UAE,Abu Dhabi,Hypermarket,Other,1.8
SL-04429,Camel milk,11.79,91,1072.89,30,751.02,2020-08-04,UAE,Sharjah,Convenience Store,Male,3.8
SL-04430,Camel milk,14.93,70,1045.1,10,940.59,2025-01-20,UAE,Dubai,Online,Female,2.1
SL-04431,Juice,4.2,83,348.6,5,331.17,2023-01-09,UAE,Dubai,Online,Male,4.9
SL-04432,Juice,4.37,24,104.88,10,94.39,2022-07-06,UAE,Fujairah,Cafe,Male,4.6
SL-04433,Arabic tea,3.06,81,247.86,30,173.5,2024-03-12,UAE,Ras Al Khaimah,Online,Male,3.6
SL-04434,Juice,7.18,59,423.62,15,360.08,2021-01-21,UAE,Ras Al Khaimah,Online,Male,2.4
SL-04435,Juice,9.71,31,301.01,25,225.76,2020-10-10,UAE,Umm Al Quwain,Cafe,Male,4.1
SL-04436,Camel milk,16.23,93,1509.39,10,1358.45,2022-02-13,UAE,Umm Al Quwain,Cafe,Male,2.5
SL-04437,Soft drinks,4.87,10,48.7,15,41.4,2025-08-08,UAE,Ras Al Khaimah,Hypermarket,Other,2.5
SL-04438,Camel milk,14.23,92,1309.16,30,916.41,2023-04-27,UAE,Sharjah,Convenience Store,Male,2.4
SL-04439,Arabic tea,3.77,20,75.4,25,56.55,2025-03-28,UAE,Sharjah,Cafe,Male,4.4
SL-04440,Camel milk,15.97,49,782.53,30,547.77,2020-02-20,UAE,Sharjah,Supermarket,Female,2.6
SL-04441,Juice,7.23,83,600.09,10,540.08,2025-01-17,UAE,Ajman,Hypermarket,Female,3.9
SL-04442,Camel milk,14.97,21,314.37,15,267.21,2024-04-17,UAE,Dubai,Hypermarket,Female,4.3
SL-04443,Arabic tea,5.7,9,51.3,0,51.3,2021-04-26,UAE,Ras Al Khaimah,Online,Female,4.5
SL-04444,Camel milk,19.88,29,576.52,15,490.04,2023-02-14,UAE,Umm Al Quwain,Supermarket,Female,1.3
SL-04445,Arabic tea,4.86,72,349.92,0,349.92,2021-07-10,UAE,Fujairah,Online,Male,4.5
SL-04446,Juice,8.14,86,700.04,5,665.04,2025-11-15,UAE,Ras Al Khaimah,Supermarket,Male,4.4
SL-04447,Juice,6.79,63,427.77,30,299.44,2025-03-16,UAE,Ajman,Supermarket,Male,3.7
SL-04448,Soft drinks,4.79,65,311.35,5,295.78,2024-07-01,UAE,Dubai,Supermarket,Female,2.7
SL-04449,Masala chai,5.17,63,325.71,15,276.85,2021-04-04,UAE,Abu Dhabi,Convenience Store,Female,2.4
SL-04450,Laban,6.27,20,125.4,0,125.4,2022-09-10,UAE,Sharjah,Supermarket,Female,2.5
SL-04451,Arabic tea,6.64,73,484.72,25,363.54,2021-12-16,UAE,Fujairah,Online,Female,3.9
SL-04452,Masala chai,3.22,64,206.08,10,185.47,2025-11-20,UAE,Dubai,Online,Male,2.1
SL-04453,Juice,7.83,25,195.75,10,176.18,2025-06-30,UAE,Ras Al Khaimah,Supermarket,Female,3.9
SL-04454,Arabic coffee,9.97,66,658.02,15,559.32,2023-09-26,UAE,Sharjah,Online,Male,2.0
SL-04455,Arabic coffee,10.5,28,294.0,20,235.2,2025-04-07,UAE,Abu Dhabi,Convenience Store,Male,3.3
SL-04456,Arabic tea,2.62,45,117.9,5,112.01,2020-09-09,UAE,Umm Al Quwain,Supermarket,Female,3.4
SL-04457,Arabic coffee,8.8,33,290.4,15,246.84,2025-07-03,UAE,Fujairah,Cafe,Male,2.5
SL-04458,Camel milk,14.93,73,1089.89,15,926.41,2020-06-02,UAE,Ras Al Khaimah,Cafe,Male,2.5
SL-04459,Soft drinks,4.51,32,144.32,30,101.02,2024-05-30,UAE,Ras Al Khaimah,Online,Female,1.2
SL-04460,Laban,3.53,95,335.35,25,251.51,2023-09-19,UAE,Umm Al Quwain,Online,Male,1.9
SL-04461,Soft drinks,3.69,22,81.18,0,81.18,2025-07-03,UAE,Abu Dhabi,Cafe,Female,4.1
SL-04462,Masala chai,5.4,16,86.4,0,86.4,2022-03-17,UAE,Abu Dhabi,Cafe,Male,3.4
SL-04463,Masala chai,6.73,16,107.68,15,91.53,2021-07-16,UAE,Abu Dhabi,Cafe,Female,4.2
SL-04464,Laban,3.88,57,221.16,25,165.87,2020-02-03,UAE,Ajman,Cafe,Male,4.6
SL-04465,Arabic tea,3.22,84,270.48,10,243.43,2020-08-15,UAE,Fujairah,Online,Male,4.0
SL-04466,Masala chai,4.63,62,287.06,25,215.29,2020-11-19,UAE,Fujairah,Online,Female,4.1
SL-04467,Juice,5.8,10,58.0,5,55.1,2022-04-25,UAE,Fujairah,Convenience Store,Male,3.6
SL-04468,Masala chai,4.24,90,381.6,0,381.6,2021-07-30,UAE,Dubai,Convenience Store,Female,1.1
SL-04469,Juice,4.95,80,396.0,10,356.4,2024-03-08,UAE,Ras Al Khaimah,Supermarket,Female,1.8
SL-04470,Juice,7.86,54,424.44,5,403.22,2024-07-24,UAE,Ras Al Khaimah,Convenience Store,Male,3.3
SL-04471,Laban,4.51,59,266.09,0,266.09,2024-06-25,UAE,Umm Al Quwain,Cafe,Female,2.3
SL-04472,Laban,6.04,30,181.2,30,126.84,2020-10-03,UAE,Ras Al Khaimah,Convenience Store,Male,1.4
SL-04473,Camel milk,11.6,63,730.8,30,511.56,2023-11-29,UAE,Fujairah,Cafe,Male,3.5
SL-04474,Masala chai,7.21,20,144.2,0,144.2,2025-08-30,UAE,Dubai,Supermarket,Female,4.2
SL-04475,Laban,6.51,79,514.29,15,437.15,2021-09-29,UAE,Ras Al Khaimah,Cafe,Female,1.9
SL-04476,Arabic tea,6.24,81,505.44,20,404.35,2022-05-10,UAE,Abu Dhabi,Convenience Store,Male,4.8
SL-04477,Laban,4.23,65,274.95,25,206.21,2020-06-02,UAE,Dubai,Supermarket,Male,3.9
SL-04478,Arabic tea,2.94,59,173.46,10,156.11,2024-08-14,UAE,Ajman,Supermarket,Female,4.5
SL-04479,Masala chai,7.21,88,634.48,5,602.76,2023-08-17,UAE,Ajman,Hypermarket,Male,4.8
SL-04480,Masala chai,5.08,21,106.68,0,106.68,2022-10-23,UAE,Abu Dhabi,Supermarket,Female,2.4
SL-04481,Arabic tea,3.95,91,359.45,25,269.59,2020-01-17,UAE,Abu Dhabi,Hypermarket,Female,3.3
SL-04482,Juice,9.02,11,99.22,30,69.45,2024-04-25,UAE,Ajman,Hypermarket,Female,1.9
SL-04483,Juice,9.48,80,758.4,10,682.56,2020-07-26,UAE,Umm Al Quwain,Convenience Store,Male,1.2
SL-04484,Juice,4.3,32,137.6,20,110.08,2024-01-04,UAE,Ras Al Khaimah,Supermarket,Male,3.3
SL-04485,Camel milk,12.69,44,558.36,5,530.44,2021-12-27,UAE,Dubai,Convenience Store,Female,4.0
SL-04486,Camel milk,18.95,22,416.9,10,375.21,2024-04-17,UAE,Fujairah,Supermarket,Male,2.6
SL-04487,Laban,3.17,78,247.26,10,222.53,2023-10-07,UAE,Ajman,Convenience Store,Female,1.3
SL-04488,Masala chai,3.61,28,101.08,25,75.81,2020-02-20,UAE,Abu Dhabi,Online,Male,3.9
SL-04489,Soft drinks,4.07,77,313.39,30,219.37,2023-08-01,UAE,Dubai,Convenience Store,Female,3.8
SL-04490,Laban,3.47,83,288.01,20,230.41,2020-08-31,UAE,Dubai,Convenience Store,Female,3.2
SL-04491,Arabic coffee,8.29,95,787.55,30,551.29,2021-04-20,UAE,Sharjah,Cafe,Male,1.3
SL-04492,Arabic coffee,11.86,84,996.24,10,896.62,2025-08-25,UAE,Abu Dhabi,Cafe,Female,3.4
SL-04493,Camel milk,11.48,37,424.76,0,424.76,2024-01-22,UAE,Umm Al Quwain,Supermarket,Male,3.1
SL-04494,Arabic coffee,12.03,74,890.22,20,712.18,2024-08-15,UAE,Abu Dhabi,Cafe,Male,4.4
SL-04495,Masala chai,3.77,16,60.32,30,42.22,2020-06-24,UAE,Abu Dhabi,Supermarket,Male,2.2
SL-04496,Soft drinks,2.21,65,143.65,25,107.74,2025-10-04,UAE,Sharjah,Convenience Store,Male,4.9
SL-04497,Laban,4.56,47,214.32,20,171.46,2025-03-12,UAE,Sharjah,Cafe,Male,3.2
SL-04498,Soft drinks,5.76,77,443.52,0,443.52,2021-02-20,UAE,Abu Dhabi,Online,Male,3.7
SL-04499,Juice,5.87,35,205.45,25,154.09,2023-07-07,UAE,Fujairah,Cafe,Male,4.6
SL-04500,Soft drinks,5.18,93,481.74,0,481.74,2020-09-09,UAE,Ras Al Khaimah,Supermarket,Female,1.4
SL-04501,Laban,4.26,18,76.68,5,72.85,2021-11-30,UAE,Dubai,Convenience Store,Male,4.5
SL-04502,Soft drinks,3.16,70,221.2,10,199.08,2022-10-28,UAE,Fujairah,Supermarket,Female,1.6
SL-04503,Juice,5.04,51,257.04,15,218.48,2021-10-09,UAE,Umm Al Quwain,Supermarket,Female,5.0
SL-04504,Camel milk,19.94,41,817.54,5,776.66,2024-12-11,UAE,Umm Al Quwain,Convenience Store,Male,3.1
SL-04505,Arabic tea,2.2,58,127.6,15,108.46,2022-03-21,UAE,Ajman,Supermarket,Male,1.5
SL-04506,Arabic coffee,14.93,85,1269.05,25,951.79,2024-10-13,UAE,Ras Al Khaimah,Cafe,Female,3.8
SL-04507,Arabic coffee,8.95,61,545.95,10,491.36,2025-08-06,UAE,Dubai,Cafe,Female,4.6
SL-04508,Juice,9.18,10,91.8,0,91.8,2020-07-31,UAE,Ajman,Convenience Store,Male,2.2
SL-04509,Camel milk,10.89,28,304.92,25,228.69,2025-07-12,UAE,Dubai,Convenience Store,Female,1.1
SL-04510,Soft drinks,3.13,60,187.8,30,131.46,2023-03-31,UAE,Abu Dhabi,Convenience Store,Male,2.7
SL-04511,Camel milk,13.24,86,1138.64,20,910.91,2024-11-14,UAE,Ras Al Khaimah,Hypermarket,Female,2.9
SL-04512,Arabic tea,5.62,97,545.14,25,408.86,2022-01-28,UAE,Fujairah,Hypermarket,Female,2.3
SL-04513,Soft drinks,4.22,14,59.08,30,41.36,2022-02-20,UAE,Ras Al Khaimah,Hypermarket,Female,3.0
SL-04514,Juice,7.89,86,678.54,25,508.91,2020-03-28,UAE,Abu Dhabi,Online,Female,2.7
SL-04515,Juice,9.31,95,884.45,0,884.45,2025-02-13,UAE,Sharjah,Hypermarket,Female,1.9
SL-04516,Arabic tea,5.25,11,57.75,20,46.2,2020-11-26,UAE,Ras Al Khaimah,Cafe,Male,1.9
SL-04517,Arabic coffee,9.26,75,694.5,20,555.6,2023-07-03,UAE,Abu Dhabi,Supermarket,Female,2.3
SL-04518,Arabic coffee,9.68,8,77.44,10,69.7,2020-01-14,UAE,Dubai,Online,Other,5.0
SL-04519,Juice,6.88,1,6.88,25,5.16,2023-03-03,UAE,Ras Al Khaimah,Cafe,Female,4.6
SL-04520,Arabic coffee,10.78,79,851.62,30,596.13,2025-08-28,UAE,Ajman,Hypermarket,Female,2.8
SL-04521,Juice,8.23,54,444.42,5,422.2,2023-08-25,UAE,Umm Al Quwain,Supermarket,Male,4.7
SL-04522,Laban,4.43,79,349.97,30,244.98,2023-02-12,UAE,Umm Al Quwain,Convenience Store,Female,4.0
SL-04523,Arabic coffee,6.71,48,322.08,20,257.66,2022-02-12,UAE,Sharjah,Convenience Store,Male,4.3
SL-04524,Arabic coffee,5.35,42,224.7,20,179.76,2022-05-02,UAE,Dubai,Convenience Store,Male,3.3
SL-04525,Arabic coffee,11.89,15,178.35,25,133.76,2023-06-18,UAE,Fujairah,Supermarket,Male,2.6
SL-04526,Masala chai,3.54,30,106.2,30,74.34,2020-02-10,UAE,Umm Al Quwain,Online,Male,4.0
SL-04527,Arabic tea,3.68,4,14.72,10,13.25,2021-08-06,UAE,Dubai,Online,Male,4.5
SL-04528,Soft drinks,2.95,18,53.1,15,45.14,2025-03-24,UAE,Umm Al Quwain,Online,Female,4.1
SL-04529,Arabic tea,6.8,6,40.8,25,30.6,2021-04-03,UAE,Abu Dhabi,Hypermarket,Male,4.3
SL-04530,Soft drinks,4.06,57,231.42,0,231.42,2022-07-31,UAE,Umm Al Quwain,Cafe,Female,3.6
SL-04531,Masala chai,7.72,40,308.8,25,231.6,2021-05-06,UAE,Ajman,Convenience Store,Female,4.8
SL-04532,Camel milk,18.84,57,1073.88,25,805.41,2025-08-01,UAE,Sharjah,Cafe,Male,4.0
SL-04533,Arabic tea,3.09,12,37.08,10,33.37,2020-03-07,UAE,Ras Al Khaimah,Hypermarket,Male,5.0
SL-04534,Laban,5.02,21,105.42,5,100.15,2022-11-28,UAE,Dubai,Online,Female,2.3
SL-04535,Arabic coffee,13.31,4,53.24,5,50.58,2022-09-24,UAE,Umm Al Quwain,Cafe,Male,4.2
SL-04536,Arabic coffee,9.17,71,651.07,10,585.96,2021-06-12,UAE,Fujairah,Supermarket,Female,4.7
SL-04537,Camel milk,14.01,39,546.39,0,546.39,2020-07-05,UAE,Fujairah,Convenience Store,Male,1.3
SL-04538,Soft drinks,4.07,55,223.85,0,223.85,2022-02-23,UAE,Ajman,Cafe,Male,2.8
SL-04539,Soft drinks,5.04,37,186.48,20,149.18,2020-02-14,UAE,Ras Al Khaimah,Cafe,Male,4.7
SL-04540,Soft drinks,4.66,3,13.98,10,12.58,2022-04-19,UAE,Abu Dhabi,Convenience Store,Female,2.0
SL-04541,Masala chai,4.53,14,63.42,0,63.42,2020-03-26,UAE,Ajman,Convenience Store,Male,1.2
SL-04542,Masala chai,7.22,1,7.22,0,7.22,2023-10-09,UAE,Dubai,Convenience Store,Male,1.5
SL-04543,Masala chai,4.67,96,448.32,15,381.07,2021-08-24,UAE,Ras Al Khaimah,Convenience Store,Male,3.9
SL-04544,Arabic coffee,11.81,87,1027.47,5,976.1,2025-03-16,UAE,Ras Al Khaimah,Convenience Store,Male,4.4
SL-04545,Soft drinks,4.63,63,291.69,15,247.94,2025-07-27,UAE,Umm Al Quwain,Supermarket,Female,4.2
SL-04546,Arabic coffee,10.54,59,621.86,15,528.58,2020-09-17,UAE,Ajman,Online,Female,4.7
SL-04547,Soft drinks,4.0,60,240.0,25,180.0,2020-12-10,UAE,Dubai,Hypermarket,Female,3.4
SL-04548,Laban,6.88,29,199.52,20,159.62,2022-07-09,UAE,Ajman,Hypermarket,Male,3.0
SL-04549,Camel milk,11.3,15,169.5,20,135.6,2025-09-19,UAE,Sharjah,Convenience Store,Male,3.0
SL-04550,Arabic tea,6.15,83,510.45,25,382.84,2021-04-09,UAE,Umm Al Quwain,Online,Female,1.9
SL-04551,Laban,5.22,88,459.36,0,459.36,2020-06-13,UAE,Ajman,Cafe,Female,4.1
SL-04552,Soft drinks,4.51,14,63.14,10,56.83,2021-03-10,UAE,Ajman,Convenience Store,Female,3.5
SL-04553,Arabic tea,6.92,82,567.44,10,510.7,2023-02-16,UAE,Abu Dhabi,Online,Female,1.1
SL-04554,Arabic tea,3.53,25,88.25,30,61.77,2023-07-19,UAE,Abu Dhabi,Cafe,Male,1.3
SL-04555,Masala chai,3.16,53,167.48,5,159.11,2020-02-04,UAE,Ras Al Khaimah,Convenience Store,Female,4.6
SL-04556,Soft drinks,5.91,95,561.45,15,477.23,2023-02-17,UAE,Fujairah,Supermarket,Female,1.8
SL-04557,Soft drinks,2.22,45,99.9,10,89.91,2023-08-02,UAE,Fujairah,Convenience Store,Female,4.0
SL-04558,Masala chai,4.41,98,432.18,30,302.53,2024-08-19,UAE,Dubai,Online,Female,4.7
SL-04559,Juice,6.81,65,442.65,30,309.86,2021-11-05,UAE,Ras Al Khaimah,Cafe,Female,3.4
SL-04560,Arabic coffee,12.16,94,1143.04,5,1085.89,2020-06-07,UAE,Umm Al Quwain,Supermarket,Female,1.1
SL-04561,Juice,8.68,87,755.16,25,566.37,2023-06-25,UAE,Dubai,Convenience Store,Male,4.0
SL-04562,Juice,8.56,9,77.04,0,77.04,2024-12-21,UAE,Umm Al Quwain,Hypermarket,Male,1.4
SL-04563,Masala chai,6.34,69,437.46,25,328.1,2023-06-26,UAE,Dubai,Convenience Store,Male,4.6
SL-04564,Laban,4.71,62,292.02,0,292.02,2024-11-10,UAE,Ras Al Khaimah,Online,Male,2.1
SL-04565,Soft drinks,5.08,39,198.12,30,138.68,2024-08-24,UAE,Ajman,Supermarket,Female,3.3
SL-04566,Juice,4.49,3,13.47,0,13.47,2022-09-19,UAE,Ras Al Khaimah,Online,Male,1.1
SL-04567,Soft drinks,3.31,100,331.0,0,331.0,2020-04-29,UAE,Fujairah,Convenience Store,Female,1.9
SL-04568,Juice,5.47,40,218.8,30,153.16,2025-05-31,UAE,Ajman,Online,Female,3.3
SL-04569,Arabic coffee,13.92,77,1071.84,30,750.29,2020-08-21,UAE,Umm Al Quwain,Supermarket,Female,3.6
SL-04570,Masala chai,6.99,30,209.7,20,167.76,2025-08-10,UAE,Dubai,Online,Male,3.4
SL-04571,Laban,5.29,34,179.86,15,152.88,2023-03-03,UAE,Umm Al Quwain,Cafe,Male,2.9
SL-04572,Arabic tea,4.64,14,64.96,25,48.72,2023-03-27,UAE,Abu Dhabi,Supermarket,Male,2.7
SL-04573,Soft drinks,2.54,11,27.94,30,19.56,2021-01-31,UAE,Sharjah,Convenience Store,Female,4.3
SL-04574,Laban,6.15,22,135.3,15,115.0,2020-08-20,UAE,Sharjah,Cafe,Male,4.3
SL-04575,Camel milk,10.95,31,339.45,30,237.62,2023-12-21,UAE,Ajman,Convenience Store,Male,4.4
SL-04576,Juice,8.84,61,539.24,10,485.32,2021-01-09,UAE,Dubai,Convenience Store,Male,1.6
SL-04577,Arabic coffee,11.72,27,316.44,0,316.44,2021-04-10,UAE,Dubai,Convenience Store,Male,3.5
SL-04578,Laban,6.34,4,25.36,25,19.02,2022-10-12,UAE,Abu Dhabi,Supermarket,Male,3.0
SL-04579,Arabic coffee,9.02,75,676.5,5,642.67,2020-11-04,UAE,Dubai,Supermarket,Male,1.5
SL-04580,Arabic coffee,8.09,21,169.89,25,127.42,2022-09-27,UAE,Umm Al Quwain,Online,Female,2.8
SL-04581,Arabic coffee,12.54,26,326.04,20,260.83,2021-05-21,UAE,Sharjah,Hypermarket,Male,2.7
SL-04582,Arabic tea,4.05,88,356.4,10,320.76,2023-01-11,UAE,Fujairah,Cafe,Female,3.4
SL-04583,Arabic coffee,6.42,90,577.8,0,577.8,2022-05-08,UAE,Ras Al Khaimah,Convenience Store,Female,2.3
SL-04584,Juice,8.58,41,351.78,20,281.42,2024-02-19,UAE,Abu Dhabi,Online,Female,3.9
SL-04585,Camel milk,14.41,35,504.35,30,353.04,2020-05-08,UAE,Ras Al Khaimah,Cafe,Female,3.6
SL-04586,Soft drinks,5.2,18,93.6,5,88.92,2023-11-25,UAE,Sharjah,Cafe,Male,1.9
SL-04587,Laban,3.22,27,86.94,25,65.21,2025-10-22,UAE,Fujairah,Convenience Store,Female,1.7
SL-04588,Camel milk,12.03,64,769.92,10,692.93,2025-01-21,UAE,Dubai,Online,Female,3.0
SL-04589,Arabic tea,3.06,34,104.04,30,72.83,2023-02-22,UAE,Umm Al Quwain,Convenience Store,Female,2.4
SL-04590,Arabic coffee,12.01,64,768.64,15,653.34,2024-05-18,UAE,Ajman,Convenience Store,Male,4.6
SL-04591,Masala chai,6.97,32,223.04,0,223.04,2024-11-15,UAE,Sharjah,Online,Male,1.2
SL-04592,Camel milk,12.64,69,872.16,30,610.51,2021-05-30,UAE,Ras Al Khaimah,Hypermarket,Male,3.2
SL-04593,Arabic coffee,11.72,47,550.84,30,385.59,2023-12-11,UAE,Sharjah,Hypermarket,Female,3.4
SL-04594,Arabic coffee,13.65,84,1146.6,30,802.62,2020-03-31,UAE,Ajman,Supermarket,Female,1.6
SL-04595,Arabic tea,3.27,60,196.2,5,186.39,2022-03-22,UAE,Umm Al Quwain,Convenience Store,Male,4.9
SL-04596,Laban,4.74,12,56.88,30,39.82,2022-06-30,UAE,Ajman,Supermarket,Female,5.0
SL-04597,Soft drinks,5.37,96,515.52,10,463.97,2021-07-11,UAE,Ajman,Supermarket,Male,1.6
SL-04598,Masala chai,6.34,14,88.76,25,66.57,2020-08-20,UAE,Ajman,Convenience Store,Male,3.7
SL-04599,Soft drinks,2.53,8,20.24,25,15.18,2023-05-02,UAE,Umm Al Quwain,Hypermarket,Female,4.9
SL-04600,Soft drinks,4.7,77,361.9,20,289.52,2025-02-26,UAE,Ras Al Khaimah,Convenience Store,Female,4.8
SL-04601,Laban,5.29,20,105.8,25,79.35,2022-12-19,UAE,Abu Dhabi,Online,Male,4.4
SL-04602,Laban,4.66,34,158.44,10,142.6,2023-12-22,UAE,Umm Al Quwain,Convenience Store,Female,4.0
SL-04603,Arabic coffee,11.23,59,662.57,25,496.93,2021-03-23,UAE,Ras Al Khaimah,Supermarket,Male,3.9
SL-04604,Juice,8.26,37,305.62,25,229.21,2022-07-25,UAE,Fujairah,Hypermarket,Male,1.4
SL-04605,Soft drinks,5.4,88,475.2,10,427.68,2024-06-02,UAE,Dubai,Hypermarket,Male,4.9
SL-04606,Arabic tea,5.33,17,90.61,15,77.02,2023-01-13,UAE,Ajman,Supermarket,Male,4.7
SL-04607,Arabic coffee,5.3,86,455.8,10,410.22,2024-02-10,UAE,Dubai,Convenience Store,Female,2.6
SL-04608,Camel milk,8.97,71,636.87,15,541.34,2020-03-06,UAE,Abu Dhabi,Cafe,Male,1.5
SL-04609,Masala chai,3.03,18,54.54,25,40.91,2020-06-04,UAE,Umm Al Quwain,Hypermarket,Female,3.4
SL-04610,Juice,8.65,38,328.7,25,246.53,2025-11-24,UAE,Fujairah,Convenience Store,Female,1.7
SL-04611,Arabic coffee,14.47,57,824.79,30,577.35,2022-04-24,UAE,Ajman,Online,Male,2.1
SL-04612,Laban,3.84,90,345.6,10,311.04,2025-02-14,UAE,Abu Dhabi,Hypermarket,Female,5.0
SL-04613,Soft drinks,4.93,18,88.74,25,66.56,2022-02-05,UAE,Ajman,Cafe,Female,3.4
SL-04614,Camel milk,17.9,45,805.5,0,805.5,2024-12-11,UAE,Dubai,Supermarket,Male,1.0
SL-04615,Arabic tea,2.83,33,93.39,5,88.72,2024-04-27,UAE,Fujairah,Convenience Store,Female,3.8
SL-04616,Laban,5.67,49,277.83,30,194.48,2024-01-19,UAE,Umm Al Quwain,Convenience Store,Male,3.0
SL-04617,Masala chai,5.38,15,80.7,0,80.7,2022-03-07,UAE,Sharjah,Hypermarket,Male,3.3
SL-04618,Camel milk,14.67,29,425.43,0,425.43,2022-05-08,UAE,Fujairah,Cafe,Other,1.2
SL-04619,Arabic tea,3.16,58,183.28,30,128.3,2025-05-05,UAE,Umm Al Quwain,Hypermarket,Male,1.5
SL-04620,Soft drinks,5.56,36,200.16,0,200.16,2021-10-16,UAE,Fujairah,Convenience Store,Female,1.2
SL-04621,Arabic coffee,11.9,86,1023.4,10,921.06,2020-03-16,UAE,Ras Al Khaimah,Supermarket,Female,2.6
SL-04622,Camel milk,15.29,61,932.69,5,886.06,2020-12-15,UAE,Abu Dhabi,Supermarket,Female,3.5
SL-04623,Arabic tea,2.78,97,269.66,0,269.66,2023-11-23,UAE,Ras Al Khaimah,Cafe,Female,4.9
SL-04624,Soft drinks,2.98,83,247.34,25,185.5,2022-08-18,UAE,Sharjah,Cafe,Male,1.2
SL-04625,Soft drinks,2.3,42,96.6,30,67.62,2023-12-07,UAE,Ras Al Khaimah,Cafe,Female,2.9
SL-04626,Camel milk,13.52,58,784.16,30,548.91,2025-11-23,UAE,Ras Al Khaimah,Supermarket,Male,1.8
SL-04627,Laban,3.23,56,180.88,30,126.62,2023-10-09,UAE,Dubai,Cafe,Male,1.3
SL-04628,Camel milk,10.03,94,942.82,10,848.54,2025-10-03,UAE,Dubai,Hypermarket,Female,1.2
SL-04629,Arabic coffee,10.46,64,669.44,25,502.08,2023-10-27,UAE,Sharjah,Cafe,Female,2.9
SL-04630,Arabic coffee,10.41,1,10.41,20,8.33,2020-06-25,UAE,Sharjah,Cafe,Female,2.2
SL-04631,Masala chai,6.09,57,347.13,5,329.77,2024-05-30,UAE,Abu Dhabi,Online,Male,2.2
SL-04632,Soft drinks,3.78,65,245.7,15,208.85,2021-07-04,UAE,Sharjah,Supermarket,Female,1.5
SL-04633,Camel milk,11.7,29,339.3,25,254.47,2020-07-07,UAE,Ras Al Khaimah,Convenience Store,Female,2.3
SL-04634,Arabic coffee,14.54,34,494.36,15,420.21,2022-03-03,UAE,Abu Dhabi,Supermarket,Male,2.5
SL-04635,Masala chai,6.02,26,156.52,30,109.56,2024-03-26,UAE,Ras Al Khaimah,Convenience Store,Male,4.1
SL-04636,Juice,5.54,5,27.7,15,23.54,2025-09-23,UAE,Ras Al Khaimah,Cafe,Female,3.8
SL-04637,Arabic coffee,13.34,90,1200.6,30,840.42,2020-11-04,UAE,Sharjah,Cafe,Male,2.1
SL-04638,Arabic tea,2.43,51,123.93,25,92.95,2024-10-22,UAE,Umm Al Quwain,Online,Male,1.6
SL-04639,Masala chai,7.75,65,503.75,15,428.19,2023-07-22,UAE,Ras Al Khaimah,Hypermarket,Female,2.8
SL-04640,Soft drinks,3.82,7,26.74,0,26.74,2021-03-24,UAE,Abu Dhabi,Convenience Store,Female,4.5
SL-04641,Juice,8.44,46,388.24,25,291.18,2022-11-25,UAE,Fujairah,Cafe,Female,1.6
SL-04642,Soft drinks,5.95,57,339.15,20,271.32,2025-05-30,UAE,Dubai,Convenience Store,Male,2.2
SL-04643,Arabic coffee,10.89,50,544.5,10,490.05,2021-12-31,UAE,Dubai,Cafe,Female,2.5
SL-04644,Juice,9.4,76,714.4,5,678.68,2022-06-22,UAE,Umm Al Quwain,Supermarket,Female,4.1
SL-04645,Arabic coffee,14.69,93,1366.17,5,1297.86,2021-04-27,UAE,Ajman,Hypermarket,Female,4.1
SL-04646,Soft drinks,3.46,62,214.52,5,203.79,2023-10-30,UAE,Dubai,Hypermarket,Female,1.0
SL-04647,Juice,7.96,74,589.04,10,530.14,2023-06-03,UAE,Umm Al Quwain,Cafe,Male,1.9
SL-04648,Soft drinks,3.36,50,168.0,15,142.8,2020-01-04,UAE,Dubai,Supermarket,Female,4.1
SL-04649,Arabic tea,3.67,63,231.21,30,161.85,2022-04-21,UAE,Ras Al Khaimah,Hypermarket,Male,3.4
SL-04650,Camel milk,10.43,35,365.05,0,365.05,2022-02-13,UAE,Umm Al Quwain,Hypermarket,Female,2.6
SL-04651,Soft drinks,4.35,42,182.7,15,155.29,2024-12-22,UAE,Fujairah,Cafe,Male,4.6
SL-04652,Arabic tea,5.6,57,319.2,30,223.44,2020-04-11,UAE,Dubai,Online,Female,2.7
SL-04653,Juice,5.63,49,275.87,0,275.87,2024-12-28,UAE,Umm Al Quwain,Convenience Store,Female,2.0
SL-04654,Camel milk,19.91,36,716.76,25,537.57,2023-06-19,UAE,Ras Al Khaimah,Supermarket,Female,3.6
SL-04655,Masala chai,3.98,72,286.56,15,243.58,2025-02-20,UAE,Dubai,Online,Male,4.6
SL-04656,Juice,5.12,11,56.32,10,50.69,2023-08-24,UAE,Ajman,Online,Female,4.3
SL-04657,Masala chai,7.86,65,510.9,15,434.26,2025-08-07,UAE,Ajman,Supermarket,Female,2.2
SL-04658,Masala chai,3.34,22,73.48,15,62.46,2022-10-23,UAE,Ras Al Khaimah,Convenience Store,Female,3.5
SL-04659,Camel milk,16.71,78,1303.38,20,1042.7,2022-11-23,UAE,Ras Al Khaimah,Online,Male,1.8
SL-04660,Arabic coffee,10.72,11,117.92,25,88.44,2025-11-16,UAE,Abu Dhabi,Hypermarket,Male,1.9
SL-04661,Arabic tea,6.09,21,127.89,0,127.89,2021-05-18,UAE,Sharjah,Cafe,Female,1.1
SL-04662,Soft drinks,5.44,18,97.92,25,73.44,2025-09-25,UAE,Fujairah,Supermarket,Male,2.1
SL-04663,Masala chai,7.61,45,342.45,15,291.08,2022-12-25,UAE,Ajman,Online,Male,4.3
SL-04664,Camel milk,16.81,60,1008.6,25,756.45,2024-09-06,UAE,Fujairah,Online,Male,2.2
SL-04665,Laban,5.36,30,160.8,20,128.64,2023-06-24,UAE,Dubai,Supermarket,Male,4.3
SL-04666,Masala chai,5.2,52,270.4,15,229.84,2024-03-05,UAE,Umm Al Quwain,Online,Female,2.6
SL-04667,Arabic tea,4.37,56,244.72,15,208.01,2023-12-16,UAE,Ajman,Convenience Store,Male,2.6
SL-04668,Soft drinks,2.03,86,174.58,25,130.93,2023-08-06,UAE,Sharjah,Hypermarket,Female,2.2
SL-04669,Soft drinks,2.28,47,107.16,0,107.16,2025-12-07,UAE,Sharjah,Cafe,Female,3.1
SL-04670,Soft drinks,4.37,65,284.05,15,241.44,2021-08-03,UAE,Abu Dhabi,Online,Male,4.0
SL-04671,Soft drinks,2.02,10,20.2,25,15.15,2021-11-28,UAE,Fujairah,Cafe,Male,1.2
SL-04672,Laban,6.31,60,378.6,30,265.02,2023-02-02,UAE,Fujairah,Hypermarket,Female,2.7
SL-04673,Camel milk,8.74,62,541.88,5,514.79,2020-06-02,UAE,Sharjah,Online,Female,2.7
SL-04674,Soft drinks,2.65,12,31.8,10,28.62,2022-02-16,UAE,Abu Dhabi,Supermarket,Male,3.2
SL-04675,Laban,6.28,31,194.68,5,184.95,2021-04-03,UAE,Umm Al Quwain,Supermarket,Female,1.4
SL-04676,Arabic tea,6.34,34,215.56,25,161.67,2023-08-17,UAE,Dubai,Online,Male,3.0
SL-04677,Masala chai,5.62,41,230.42,10,207.38,2021-03-03,UAE,Abu Dhabi,Convenience Store,Male,3.3
SL-04678,Masala chai,3.37,25,84.25,15,71.61,2025-11-13,UAE,Ras Al Khaimah,Online,Female,2.4
SL-04679,Soft drinks,3.27,58,189.66,20,151.73,2020-12-30,UAE,Ras Al Khaimah,Hypermarket,Female,2.8
SL-04680,Arabic coffee,7.42,45,333.9,15,283.81,2022-04-12,UAE,Ajman,Cafe,Male,4.5
SL-04681,Arabic tea,6.2,92,570.4,30,399.28,2024-11-26,UAE,Ras Al Khaimah,Convenience Store,Female,4.0
SL-04682,Arabic coffee,7.5,60,450.0,25,337.5,2020-07-07,UAE,Ras Al Khaimah,Hypermarket,Male,3.7
SL-04683,Arabic coffee,6.23,79,492.17,25,369.13,2024-11-05,UAE,Ras Al Khaimah,Supermarket,Female,4.7
SL-04684,Soft drinks,3.05,55,167.75,20,134.2,2022-03-13,UAE,Sharjah,Online,Male,4.8
SL-04685,Juice,8.81,88,775.28,20,620.22,2021-04-23,UAE,Sharjah,Hypermarket,Male,4.4
SL-04686,Juice,9.8,59,578.2,5,549.29,2020-07-18,UAE,Ajman,Online,Female,4.4
SL-04687,Camel milk,17.75,1,17.75,5,16.86,2020-08-26,UAE,Fujairah,Online,Female,3.4
SL-04688,Arabic coffee,12.87,80,1029.6,10,926.64,2025-02-03,UAE,Umm Al Quwain,Hypermarket,Female,1.8
SL-04689,Soft drinks,2.4,17,40.8,0,40.8,2023-01-27,UAE,Umm Al Quwain,Convenience Store,Female,3.3
SL-04690,Masala chai,6.66,49,326.34,5,310.02,2024-09-04,UAE,Umm Al Quwain,Convenience Store,Female,3.9
SL-04691,Arabic coffee,6.83,5,34.15,0,34.15,2022-08-23,UAE,Ajman,Convenience Store,Male,1.9
SL-04692,Laban,3.85,87,334.95,10,301.46,2021-06-22,UAE,Dubai,Cafe,Male,1.8
SL-04693,Juice,4.77,31,147.87,25,110.9,2020-08-07,UAE,Ras Al Khaimah,Supermarket,Female,1.1
SL-04694,Arabic coffee,9.95,41,407.95,30,285.56,2023-01-25,UAE,Ras Al Khaimah,Cafe,Female,1.3
SL-04695,Soft drinks,2.25,37,83.25,20,66.6,2025-06-21,UAE,Sharjah,Hypermarket,Female,2.4
SL-04696,Masala chai,4.85,98,475.3,25,356.47,2022-01-24,UAE,Ras Al Khaimah,Hypermarket,Female,2.0
SL-04697,Laban,3.22,75,241.5,25,181.12,2022-12-21,UAE,Ras Al Khaimah,Cafe,Female,1.1
SL-04698,Masala chai,3.02,26,78.52,0,78.52,2021-12-13,UAE,Dubai,Cafe,Male,2.9
SL-04699,Soft drinks,4.71,90,423.9,25,317.93,2022-06-22,UAE,Abu Dhabi,Hypermarket,Female,3.0
SL-04700,Juice,6.62,44,291.28,10,262.15,2024-01-02,UAE,Ajman,Online,Male,1.5
SL-04701,Juice,9.68,44,425.92,10,383.33,2021-02-02,UAE,Sharjah,Cafe,Female,2.2
SL-04702,Soft drinks,5.64,53,298.92,15,254.08,2022-06-08,UAE,Dubai,Convenience Store,Female,2.0
SL-04703,Arabic tea,5.86,96,562.56,30,393.79,2020-07-27,UAE,Abu Dhabi,Cafe,Male,2.9
SL-04704,Arabic tea,2.69,9,24.21,10,21.79,2022-06-30,UAE,Dubai,Supermarket,Male,2.0
SL-04705,Arabic coffee,7.5,7,52.5,15,44.62,2023-09-15,UAE,Abu Dhabi,Online,Female,4.0
SL-04706,Laban,3.72,37,137.64,30,96.35,2020-10-13,UAE,Ajman,Online,Male,3.8
SL-04707,Arabic tea,2.66,78,207.48,30,145.24,2021-03-25,UAE,Dubai,Hypermarket,Male,1.4
SL-04708,Soft drinks,5.95,45,267.75,20,214.2,2025-03-07,UAE,Abu Dhabi,Cafe,Female,2.5
SL-04709,Arabic coffee,14.2,37,525.4,30,367.78,2022-02-04,UAE,Abu Dhabi,Supermarket,Female,1.4
SL-04710,Soft drinks,2.13,91,193.83,15,164.76,2023-02-04,UAE,Umm Al Quwain,Convenience Store,Female,1.2
SL-04711,Arabic tea,3.26,51,166.26,10,149.63,2021-10-18,UAE,Abu Dhabi,Online,Male,2.0
SL-04712,Arabic coffee,12.78,54,690.12,20,552.1,2020-01-31,UAE,Dubai,Convenience Store,Male,3.8
SL-04713,Arabic coffee,5.56,81,450.36,5,427.84,2023-07-31,UAE,Abu Dhabi,Online,Male,3.0
SL-04714,Soft drinks,3.85,7,26.95,30,18.86,2023-08-02,UAE,Fujairah,Cafe,Female,4.7
SL-04715,Arabic coffee,9.82,8,78.56,20,62.85,2020-06-10,UAE,Abu Dhabi,Hypermarket,Female,2.5
SL-04716,Camel milk,8.52,6,51.12,0,51.12,2023-11-02,UAE,Fujairah,Online,Male,4.9
SL-04717,Laban,5.92,55,325.6,25,244.2,2024-02-23,UAE,Ajman,Online,Female,2.1
SL-04718,Laban,4.65,62,288.3,5,273.89,2022-09-15,UAE,Ras Al Khaimah,Convenience Store,Female,3.6
SL-04719,Masala chai,4.37,54,235.98,25,176.99,2024-03-30,UAE,Abu Dhabi,Hypermarket,Male,2.1
SL-04720,Masala chai,6.24,98,611.52,25,458.64,2020-09-23,UAE,Ajman,Cafe,Male,4.3
SL-04721,Masala chai,4.48,53,237.44,25,178.08,2022-04-15,UAE,Abu Dhabi,Convenience Store,Male,2.3
SL-04722,Masala chai,7.86,97,762.42,0,762.42,2025-08-08,UAE,Umm Al Quwain,Cafe,Male,4.2
SL-04723,Juice,7.41,50,370.5,10,333.45,2023-09-02,UAE,Fujairah,Cafe,Male,3.3
SL-04724,Arabic tea,4.06,6,24.36,30,17.05,2023-07-13,UAE,Fujairah,Hypermarket,Female,2.8
SL-04725,Soft drinks,2.73,51,139.23,25,104.42,2020-02-05,UAE,Sharjah,Cafe,Male,1.6
SL-04726,Laban,3.64,17,61.88,10,55.69,2024-02-17,UAE,Dubai,Convenience Store,Male,2.9
SL-04727,Arabic tea,5.6,59,330.4,25,247.8,2023-01-23,UAE,Abu Dhabi,Hypermarket,Male,2.7
SL-04728,Camel milk,11.42,55,628.1,10,565.29,2020-07-08,UAE,Abu Dhabi,Supermarket,Male,4.4
SL-04729,Laban,3.31,63,208.53,5,198.1,2022-03-31,UAE,Abu Dhabi,Cafe,Female,1.5
SL-04730,Masala chai,6.19,20,123.8,10,111.42,2024-02-21,UAE,Fujairah,Hypermarket,Female,1.7
SL-04731,Camel milk,9.04,87,786.48,25,589.86,2022-12-02,UAE,Sharjah,Cafe,Male,1.5
SL-04732,Camel milk,13.53,56,757.68,25,568.26,2020-08-10,UAE,Fujairah,Cafe,Female,1.8
SL-04733,Laban,4.87,28,136.36,25,102.27,2020-04-08,UAE,Fujairah,Convenience Store,Female,2.6
SL-04734,Camel milk,19.41,57,1106.37,20,885.1,2024-05-25,UAE,Abu Dhabi,Convenience Store,Male,2.7
SL-04735,Juice,7.65,89,680.85,20,544.68,2023-06-20,UAE,Abu Dhabi,Online,Female,4.3
SL-04736,Soft drinks,4.07,65,264.55,5,251.32,2023-09-01,UAE,Fujairah,Convenience Store,Female,1.1
SL-04737,Masala chai,5.9,43,253.7,30,177.59,2022-01-25,UAE,Fujairah,Online,Male,2.9
SL-04738,Juice,6.28,97,609.16,30,426.41,2023-09-03,UAE,Abu Dhabi,Hypermarket,Female,4.1
SL-04739,Juice,8.41,21,176.61,15,150.12,2021-11-09,UAE,Abu Dhabi,Convenience Store,Female,4.5
SL-04740,Juice,9.77,94,918.38,25,688.79,2022-09-13,UAE,Sharjah,Online,Male,4.1
SL-04741,Masala chai,6.19,56,346.64,15,294.64,2023-05-06,UAE,Ajman,Supermarket,Male,1.4
SL-04742,Laban,5.92,50,296.0,0,296.0,2024-06-09,UAE,Ras Al Khaimah,Supermarket,Other,4.5
SL-04743,Soft drinks,4.01,71,284.71,15,242.0,2021-11-24,UAE,Umm Al Quwain,Cafe,Female,4.8
SL-04744,Masala chai,7.86,78,613.08,10,551.77,2024-01-15,UAE,Dubai,Hypermarket,Female,4.2
SL-04745,Camel milk,14.24,55,783.2,20,626.56,2023-05-12,UAE,Fujairah,Convenience Store,Male,1.3
SL-04746,Masala chai,3.24,72,233.28,20,186.62,2020-04-23,UAE,Abu Dhabi,Hypermarket,Female,3.2
SL-04747,Camel milk,12.74,95,1210.3,5,1149.78,2021-07-07,UAE,Sharjah,Online,Male,1.3
SL-04748,Arabic coffee,13.33,27,359.91,15,305.92,2020-01-10,UAE,Ajman,Cafe,Female,2.0
SL-04749,Camel milk,17.31,21,363.51,5,345.33,2025-08-14,UAE,Umm Al Quwain,Supermarket,Male,1.9
SL-04750,Arabic tea,3.84,4,15.36,0,15.36,2021-09-14,UAE,Fujairah,Hypermarket,Male,1.4
SL-04751,Soft drinks,2.29,25,57.25,5,54.39,2020-09-29,UAE,Umm Al Quwain,Online,Female,3.7
SL-04752,Masala chai,6.84,76,519.84,20,415.87,2022-09-28,UAE,Abu Dhabi,Supermarket,Male,1.2
SL-04753,Camel milk,14.59,55,802.45,15,682.08,2023-11-25,UAE,Abu Dhabi,Supermarket,Female,1.7
SL-04754,Laban,3.07,32,98.24,0,98.24,2020-02-26,UAE,Fujairah,Online,Male,2.3
SL-04755,Camel milk,16.39,89,1458.71,0,1458.71,2020-11-20,UAE,Fujairah,Cafe,Female,4.0
SL-04756,Juice,6.26,44,275.44,30,192.81,2025-12-09,UAE,Abu Dhabi,Hypermarket,Female,4.4
SL-04757,Soft drinks,3.03,28,84.84,30,59.39,2024-03-06,UAE,Umm Al Quwain,Cafe,Female,2.9
SL-04758,Camel milk,11.75,93,1092.75,15,928.84,2020-08-27,UAE,Sharjah,Online,Female,1.5
SL-04759,Arabic coffee,11.9,58,690.2,0,690.2,2020-05-15,UAE,Abu Dhabi,Online,Male,4.9
SL-04760,Arabic tea,3.27,6,19.62,20,15.7,2022-04-07,UAE,Abu Dhabi,Cafe,Male,4.5
SL-04761,Masala chai,6.14,73,448.22,25,336.16,2024-04-07,UAE,Dubai,Hypermarket,Female,1.7
SL-04762,Arabic coffee,11.81,4,47.24,10,42.52,2022-12-22,UAE,Umm Al Quwain,Cafe,Female,1.9
SL-04763,Arabic coffee,5.76,30,172.8,5,164.16,2021-10-18,UAE,Fujairah,Convenience Store,Male,2.8
SL-04764,Masala chai,3.74,6,22.44,5,21.32,2023-11-19,UAE,Dubai,Hypermarket,Male,2.7
SL-04765,Arabic coffee,7.9,68,537.2,25,402.9,2020-04-18,UAE,Abu Dhabi,Hypermarket,Female,3.0
SL-04766,Camel milk,16.99,11,186.89,15,158.86,2025-04-02,UAE,Ajman,Cafe,Male,4.2
SL-04767,Arabic tea,6.15,69,424.35,15,360.7,2023-08-03,UAE,Fujairah,Hypermarket,Female,1.0
SL-04768,Camel milk,12.0,65,780.0,15,663.0,2022-08-15,UAE,Umm Al Quwain,Convenience Store,Female,2.7
SL-04769,Arabic tea,2.08,22,45.76,0,45.76,2023-10-16,UAE,Ras Al Khaimah,Cafe,Male,2.9
SL-04770,Soft drinks,4.56,3,13.68,10,12.31,2025-11-07,UAE,Fujairah,Supermarket,Male,1.8
SL-04771,Masala chai,6.9,8,55.2,25,41.4,2020-01-11,UAE,Sharjah,Supermarket,Male,4.2
SL-04772,Laban,4.04,41,165.64,5,157.36,2020-09-12,UAE,Ras Al Khaimah,Convenience Store,Male,3.0
SL-04773,Soft drinks,5.13,65,333.45,10,300.11,2020-01-29,UAE,Ajman,Online,Female,1.2
SL-04774,Laban,5.62,30,168.6,0,168.6,2020-06-14,UAE,Fujairah,Online,Male,3.6
SL-04775,Masala chai,7.67,30,230.1,10,207.09,2024-12-14,UAE,Sharjah,Supermarket,Male,4.6
SL-04776,Soft drinks,3.82,77,294.14,15,250.02,2021-04-27,UAE,Abu Dhabi,Hypermarket,Female,3.3
SL-04777,Arabic tea,5.45,31,168.95,5,160.5,2020-09-15,UAE,Dubai,Convenience Store,Male,4.0
SL-04778,Arabic tea,2.97,4,11.88,15,10.1,2020-06-10,UAE,Abu Dhabi,Online,Female,1.3
SL-04779,Masala chai,3.15,39,122.85,0,122.85,2023-01-23,UAE,Ajman,Convenience Store,Male,3.7
SL-04780,Arabic tea,6.75,10,67.5,25,50.62,2023-12-11,UAE,Dubai,Online,Male,2.6
SL-04781,Arabic tea,6.29,73,459.17,15,390.29,2021-01-01,UAE,Ras Al Khaimah,Cafe,Male,1.8
SL-04782,Soft drinks,5.58,33,184.14,30,128.9,2023-06-15,UAE,Dubai,Online,Female,3.4
SL-04783,Arabic coffee,7.98,88,702.24,0,702.24,2020-09-12,UAE,Abu Dhabi,Cafe,Other,3.1
SL-04784,Camel milk,9.2,97,892.4,30,624.68,2024-07-05,UAE,Sharjah,Convenience Store,Female,3.0
SL-04785,Juice,6.63,10,66.3,20,53.04,2020-04-28,UAE,Umm Al Quwain,Convenience Store,Male,3.3
SL-04786,Camel milk,13.81,73,1008.13,5,957.72,2020-11-03,UAE,Umm Al Quwain,Supermarket,Male,2.2
SL-04787,Juice,9.22,60,553.2,30,387.24,2022-04-22,UAE,Umm Al Quwain,Supermarket,Male,1.6
SL-04788,Laban,3.02,91,274.82,10,247.34,2024-12-08,UAE,Abu Dhabi,Convenience Store,Male,4.5
SL-04789,Juice,7.94,42,333.48,30,233.44,2022-01-17,UAE,Abu Dhabi,Hypermarket,Male,4.7
SL-04790,Laban,4.07,73,297.11,20,237.69,2021-12-16,UAE,Ajman,Hypermarket,Male,3.0
SL-04791,Juice,9.74,80,779.2,20,623.36,2025-04-19,UAE,Abu Dhabi,Hypermarket,Female,2.4
SL-04792,Arabic coffee,11.27,21,236.67,25,177.5,2025-08-22,UAE,Sharjah,Supermarket,Female,3.4
SL-04793,Juice,8.0,26,208.0,25,156.0,2025-12-26,UAE,Ras Al Khaimah,Cafe,Male,2.5
SL-04794,Masala chai,4.33,87,376.71,15,320.2,2024-05-28,UAE,Abu Dhabi,Cafe,Female,2.3
SL-04795,Arabic tea,5.39,17,91.63,25,68.72,2024-09-01,UAE,Abu Dhabi,Cafe,Male,3.9
SL-04796,Arabic coffee,9.54,22,209.88,30,146.92,2022-07-13,UAE,Abu Dhabi,Online,Male,4.9
SL-04797,Arabic tea,3.17,40,126.8,0,126.8,2024-10-03,UAE,Ajman,Hypermarket,Male,1.4
SL-04798,Soft drinks,2.98,100,298.0,0,298.0,2024-03-13,UAE,Dubai,Convenience Store,Female,1.5
SL-04799,Juice,8.14,33,268.62,25,201.46,2024-07-01,UAE,Sharjah,Hypermarket,Female,2.7
SL-04800,Soft drinks,5.2,68,353.6,20,282.88,2025-02-24,UAE,Ajman,Hypermarket,Female,1.8
SL-04801,Camel milk,11.4,35,399.0,10,359.1,2023-06-09,UAE,Sharjah,Supermarket,Female,4.5
SL-04802,Soft drinks,3.08,38,117.04,5,111.19,2022-12-21,UAE,Dubai,Supermarket,Male,2.4
SL-04803,Masala chai,7.96,43,342.28,15,290.94,2025-12-16,UAE,Fujairah,Convenience Store,Male,4.3
SL-04804,Arabic coffee,7.99,81,647.19,30,453.03,2024-02-12,UAE,Sharjah,Online,Male,1.4
SL-04805,Camel milk,9.94,15,149.1,0,149.1,2021-12-12,UAE,Ajman,Convenience Store,Female,3.6
SL-04806,Masala chai,6.3,37,233.1,5,221.45,2021-12-11,UAE,Ras Al Khaimah,Cafe,Female,5.0
SL-04807,Masala chai,5.2,27,140.4,10,126.36,2024-03-14,UAE,Abu Dhabi,Cafe,Female,4.5
SL-04808,Arabic tea,5.23,16,83.68,10,75.31,2021-05-03,UAE,Abu Dhabi,Supermarket,Male,2.3
SL-04809,Masala chai,4.84,84,406.56,0,406.56,2021-12-27,UAE,Umm Al Quwain,Cafe,Male,2.1
SL-04810,Arabic coffee,13.98,7,97.86,10,88.07,2022-03-16,UAE,Ajman,Cafe,Male,2.3
SL-04811,Camel milk,8.31,65,540.15,0,540.15,2022-09-04,UAE,Abu Dhabi,Convenience Store,Male,2.2
SL-04812,Arabic coffee,9.78,82,801.96,25,601.47,2020-07-13,UAE,Umm Al Quwain,Online,Female,2.2
SL-04813,Arabic tea,5.18,35,181.3,25,135.97,2024-05-13,UAE,Ajman,Supermarket,Male,3.9
SL-04814,Camel milk,16.7,49,818.3,30,572.81,2024-12-31,UAE,Umm Al Quwain,Cafe,Female,2.0
SL-04815,Masala chai,6.04,19,114.76,30,80.33,2020-05-31,UAE,Umm Al Quwain,Supermarket,Female,3.0
SL-04816,Juice,6.03,55,331.65,0,331.65,2020-02-06,UAE,Umm Al Quwain,Convenience Store,Male,2.4
SL-04817,Camel milk,9.29,22,204.38,10,183.94,2024-08-28,UAE,Dubai,Hypermarket,Female,1.8
SL-04818,Camel milk,8.02,33,264.66,30,185.26,2024-08-29,UAE,Dubai,Hypermarket,Female,2.9
SL-04819,Arabic tea,6.98,66,460.68,5,437.65,2024-05-20,UAE,Fujairah,Hypermarket,Male,1.7
SL-04820,Camel milk,11.17,90,1005.3,20,804.24,2025-03-07,UAE,Ras Al Khaimah,Convenience Store,Male,1.1
SL-04821,Laban,4.58,49,224.42,20,179.54,2020-05-12,UAE,Ras Al Khaimah,Online,Female,2.0
SL-04822,Camel milk,15.77,37,583.49,0,583.49,2025-05-02,UAE,Sharjah,Convenience Store,Male,2.6
SL-04823,Soft drinks,5.37,22,118.14,5,112.23,2023-12-20,UAE,Fujairah,Cafe,Female,1.3
SL-04824,Laban,4.47,67,299.49,25,224.62,2023-01-24,UAE,Umm Al Quwain,Convenience Store,Female,3.8
SL-04825,Juice,9.85,85,837.25,15,711.66,2025-06-29,UAE,Fujairah,Online,Male,4.0
SL-04826,Arabic coffee,12.65,65,822.25,5,781.14,2025-05-11,UAE,Ras Al Khaimah,Hypermarket,Male,2.3
SL-04827,Laban,4.88,77,375.76,25,281.82,2025-04-05,UAE,Ras Al Khaimah,Hypermarket,Male,2.7
SL-04828,Masala chai,6.6,13,85.8,0,85.8,2021-02-27,UAE,Sharjah,Cafe,Male,2.1
SL-04829,Masala chai,3.02,36,108.72,30,76.1,2023-10-28,UAE,Umm Al Quwain,Hypermarket,Female,4.9
SL-04830,Arabic tea,4.17,4,16.68,30,11.68,2024-08-05,UAE,Abu Dhabi,Cafe,Male,3.2
SL-04831,Laban,5.53,50,276.5,15,235.02,2024-01-03,UAE,Fujairah,Supermarket,Female,2.7
SL-04832,Masala chai,6.38,51,325.38,0,325.38,2020-12-22,UAE,Ajman,Convenience Store,Female,4.2
SL-04833,Camel milk,9.06,38,344.28,5,327.07,2023-03-16,UAE,Ajman,Hypermarket,Female,2.5
SL-04834,Camel milk,14.32,17,243.44,30,170.41,2023-11-30,UAE,Sharjah,Convenience Store,Female,1.2
SL-04835,Arabic tea,5.03,30,150.9,10,135.81,2023-02-06,UAE,Ajman,Convenience Store,Male,1.6
SL-04836,Arabic coffee,7.44,99,736.56,15,626.08,2024-09-05,UAE,Umm Al Quwain,Cafe,Male,4.3
SL-04837,Arabic coffee,14.27,100,1427.0,30,998.9,2022-10-29,UAE,Sharjah,Online,Female,2.9
SL-04838,Laban,6.25,94,587.5,10,528.75,2023-09-17,UAE,Fujairah,Hypermarket,Male,1.7
SL-04839,Arabic tea,5.72,38,217.36,15,184.76,2025-07-07,UAE,Ajman,Cafe,Female,1.2
SL-04840,Arabic tea,3.62,22,79.64,30,55.75,2021-12-18,UAE,Abu Dhabi,Online,Female,3.5
SL-04841,Laban,4.1,88,360.8,30,252.56,2024-06-15,UAE,Umm Al Quwain,Online,Male,1.6
SL-04842,Juice,5.53,75,414.75,20,331.8,2025-10-18,UAE,Ras Al Khaimah,Supermarket,Male,4.3
SL-04843,Masala chai,4.35,57,247.95,0,247.95,2020-12-02,UAE,Dubai,Cafe,Male,1.4
SL-04844,Soft drinks,3.13,54,169.02,20,135.22,2023-10-27,UAE,Fujairah,Convenience Store,Male,2.3
SL-04845,Camel milk,16.49,26,428.74,25,321.55,2021-10-21,UAE,Ras Al Khaimah,Online,Male,2.0
SL-04846,Laban,4.14,10,41.4,10,37.26,2020-08-31,UAE,Abu Dhabi,Online,Female,1.1
SL-04847,Laban,4.42,3,13.26,15,11.27,2020-11-08,UAE,Umm Al Quwain,Hypermarket,Male,4.5
SL-04848,Camel milk,14.33,64,917.12,20,733.7,2024-04-15,UAE,Ajman,Hypermarket,Male,3.1
SL-04849,Masala chai,7.98,25,199.5,25,149.62,2020-09-27,UAE,Abu Dhabi,Cafe,Male,1.4
SL-04850,Juice,4.51,50,225.5,0,225.5,2022-08-05,UAE,Abu Dhabi,Hypermarket,Other,4.0
SL-04851,Camel milk,14.06,48,674.88,10,607.39,2024-09-14,UAE,Sharjah,Supermarket,Female,2.2
SL-04852,Arabic coffee,13.04,56,730.24,0,730.24,2022-03-26,UAE,Fujairah,Hypermarket,Female,3.5
SL-04853,Camel milk,10.67,71,757.57,20,606.06,2022-09-11,UAE,Dubai,Hypermarket,Female,1.3
SL-04854,Juice,6.91,93,642.63,15,546.24,2024-08-31,UAE,Ajman,Online,Female,2.8
SL-04855,Masala chai,6.83,59,402.97,15,342.52,2020-08-26,UAE,Sharjah,Convenience Store,Male,2.3
SL-04856,Soft drinks,3.0,65,195.0,0,195.0,2022-04-07,UAE,Ras Al Khaimah,Convenience Store,Female,3.8
SL-04857,Masala chai,6.86,93,637.98,0,637.98,2023-07-14,UAE,Dubai,Supermarket,Male,3.5
SL-04858,Masala chai,4.03,7,28.21,20,22.57,2020-12-02,UAE,Ras Al Khaimah,Hypermarket,Male,2.0
SL-04859,Soft drinks,3.46,96,332.16,0,332.16,2020-04-26,UAE,Sharjah,Cafe,Male,4.0
SL-04860,Juice,4.14,49,202.86,10,182.57,2020-02-28,UAE,Dubai,Online,Male,4.2
SL-04861,Juice,6.64,92,610.88,0,610.88,2025-09-07,UAE,Sharjah,Supermarket,Female,2.2
SL-04862,Juice,6.62,14,92.68,15,78.78,2022-11-10,UAE,Sharjah,Cafe,Other,3.9
SL-04863,Arabic coffee,6.36,90,572.4,30,400.68,2023-02-28,UAE,Ras Al Khaimah,Online,Male,1.7
SL-04864,Camel milk,13.24,42,556.08,30,389.26,2021-10-07,UAE,Ajman,Hypermarket,Male,3.7
SL-04865,Soft drinks,4.96,100,496.0,10,446.4,2021-04-02,UAE,Ras Al Khaimah,Cafe,Male,2.8
SL-04866,Soft drinks,3.5,24,84.0,20,67.2,2020-12-12,UAE,Sharjah,Cafe,Other,3.2
SL-04867,Laban,5.68,92,522.56,20,418.05,2023-09-29,UAE,Sharjah,Cafe,Male,1.3
SL-04868,Laban,5.33,96,511.68,25,383.76,2024-05-31,UAE,Fujairah,Cafe,Male,4.3
SL-04869,Arabic coffee,15.0,39,585.0,15,497.25,2020-01-25,UAE,Sharjah,Convenience Store,Male,4.3
SL-04870,Camel milk,11.09,48,532.32,5,505.7,2025-11-25,UAE,Sharjah,Hypermarket,Female,4.5
SL-04871,Juice,6.97,47,327.59,10,294.83,2025-08-18,UAE,Sharjah,Online,Female,4.1
SL-04872,Laban,4.88,63,307.44,20,245.95,2023-05-18,UAE,Fujairah,Convenience Store,Female,1.5
SL-04873,Juice,6.71,6,40.26,25,30.2,2023-11-08,UAE,Ras Al Khaimah,Hypermarket,Male,1.6
SL-04874,Camel milk,16.91,65,1099.15,25,824.36,2020-11-10,UAE,Dubai,Supermarket,Female,2.2
SL-04875,Juice,6.9,92,634.8,0,634.8,2024-09-30,UAE,Umm Al Quwain,Online,Male,3.8
SL-04876,Camel milk,16.08,14,225.12,15,191.35,2025-06-19,UAE,Dubai,Hypermarket,Female,1.1
SL-04877,Laban,5.47,88,481.36,25,361.02,2023-08-18,UAE,Dubai,Online,Female,2.4
SL-04878,Arabic tea,2.89,45,130.05,10,117.04,2022-04-04,UAE,Fujairah,Hypermarket,Female,3.8
SL-04879,Arabic tea,2.63,72,189.36,30,132.55,2021-01-04,UAE,Ajman,Online,Female,3.0
SL-04880,Masala chai,6.4,55,352.0,15,299.2,2025-04-01,UAE,Ras Al Khaimah,Cafe,Male,2.4
SL-04881,Camel milk,16.31,47,766.57,30,536.6,2023-05-20,UAE,Ajman,Online,Male,2.7
SL-04882,Camel milk,14.79,54,798.66,25,599.0,2023-10-31,UAE,Abu Dhabi,Online,Male,3.6
SL-04883,Laban,6.53,41,267.73,0,267.73,2022-06-16,UAE,Fujairah,Online,Male,4.6
SL-04884,Soft drinks,4.35,54,234.9,5,223.16,2020-11-01,UAE,Abu Dhabi,Hypermarket,Male,2.5
SL-04885,Laban,3.59,51,183.09,20,146.47,2021-08-18,UAE,Ajman,Supermarket,Female,1.3
SL-04886,Arabic coffee,12.09,73,882.57,15,750.18,2024-05-07,UAE,Umm Al Quwain,Convenience Store,Female,4.0
SL-04887,Laban,4.94,39,192.66,20,154.13,2024-07-30,UAE,Ajman,Cafe,Female,3.0
SL-04888,Arabic coffee,6.98,74,516.52,15,439.04,2020-07-27,UAE,Abu Dhabi,Supermarket,Male,3.0
SL-04889,Masala chai,6.54,50,327.0,20,261.6,2020-11-17,UAE,Umm Al Quwain,Hypermarket,Male,2.4
SL-04890,Juice,5.5,31,170.5,0,170.5,2020-02-10,UAE,Dubai,Hypermarket,Male,2.6
SL-04891,Camel milk,13.85,27,373.95,0,373.95,2024-10-07,UAE,Umm Al Quwain,Cafe,Male,4.3
SL-04892,Soft drinks,3.87,88,340.56,25,255.42,2024-05-09,UAE,Dubai,Cafe,Male,2.4
SL-04893,Camel milk,13.04,20,260.8,5,247.76,2025-04-10,UAE,Abu Dhabi,Supermarket,Male,2.4
SL-04894,Soft drinks,4.56,46,209.76,15,178.3,2021-11-11,UAE,Ajman,Convenience Store,Male,3.9
SL-04895,Arabic tea,5.04,40,201.6,30,141.12,2020-05-24,UAE,Dubai,Supermarket,Female,4.5
SL-04896,Soft drinks,5.42,21,113.82,15,96.75,2025-11-15,UAE,Abu Dhabi,Supermarket,Male,1.5
SL-04897,Soft drinks,4.84,39,188.76,30,132.13,2021-06-05,UAE,Fujairah,Online,Male,4.2
SL-04898,Arabic coffee,12.25,44,539.0,30,377.3,2021-09-11,UAE,Ajman,Supermarket,Male,3.1
SL-04899,Camel milk,19.58,70,1370.6,0,1370.6,2023-09-11,UAE,Fujairah,Online,Female,3.7
SL-04900,Laban,5.66,53,299.98,5,284.98,2020-09-19,UAE,Fujairah,Supermarket,Female,1.8
SL-04901,Arabic coffee,6.03,84,506.52,5,481.19,2020-05-02,UAE,Ras Al Khaimah,Supermarket,Male,4.2
SL-04902,Arabic tea,6.7,82,549.4,15,466.99,2023-05-29,UAE,Ajman,Online,Male,2.6
SL-04903,Juice,5.05,10,50.5,25,37.88,2025-10-12,UAE,Abu Dhabi,Hypermarket,Male,4.4
SL-04904,Masala chai,4.68,25,117.0,5,111.15,2023-02-13,UAE,Fujairah,Online,Female,3.9
SL-04905,Camel milk,17.99,63,1133.37,10,1020.03,2021-03-16,UAE,Abu Dhabi,Convenience Store,Female,1.8
SL-04906,Arabic coffee,7.01,91,637.91,10,574.12,2023-09-13,UAE,Fujairah,Convenience Store,Male,3.8
SL-04907,Juice,6.71,13,87.23,20,69.78,2022-10-19,UAE,Fujairah,Convenience Store,Male,4.2
SL-04908,Camel milk,12.43,65,807.95,15,686.76,2024-06-18,UAE,Ras Al Khaimah,Supermarket,Male,1.3
SL-04909,Masala chai,3.76,80,300.8,10,270.72,2021-10-17,UAE,Umm Al Quwain,Cafe,Female,3.0
SL-04910,Arabic tea,5.62,65,365.3,5,347.03,2020-10-29,UAE,Ras Al Khaimah,Cafe,Female,4.6
SL-04911,Masala chai,3.6,76,273.6,15,232.56,2022-10-04,UAE,Ajman,Online,Male,3.3
SL-04912,Juice,8.36,53,443.08,30,310.16,2025-09-12,UAE,Sharjah,Online,Male,2.4
SL-04913,Soft drinks,5.84,91,531.44,30,372.01,2023-09-04,UAE,Umm Al Quwain,Online,Male,3.3
SL-04914,Arabic coffee,7.69,73,561.37,25,421.03,2023-06-02,UAE,Umm Al Quwain,Supermarket,Female,4.8
SL-04915,Laban,6.42,75,481.5,30,337.05,2022-11-14,UAE,Sharjah,Hypermarket,Female,4.0
SL-04916,Arabic coffee,13.58,59,801.22,15,681.04,2022-08-31,UAE,Umm Al Quwain,Online,Female,1.3
SL-04917,Laban,5.14,56,287.84,10,259.06,2020-05-19,UAE,Fujairah,Convenience Store,Male,3.9
SL-04918,Arabic coffee,13.95,12,167.4,25,125.55,2024-12-21,UAE,Sharjah,Cafe,Male,2.6
SL-04919,Laban,3.75,27,101.25,20,81.0,2022-02-10,UAE,Fujairah,Convenience Store,Female,4.0
SL-04920,Juice,8.84,15,132.6,20,106.08,2020-05-05,UAE,Umm Al Quwain,Convenience Store,Male,3.5
SL-04921,Juice,6.3,72,453.6,30,317.52,2025-07-11,UAE,Sharjah,Hypermarket,Male,3.8
SL-04922,Laban,3.17,57,180.69,5,171.66,2022-07-04,UAE,Dubai,Hypermarket,Male,4.4
SL-04923,Arabic coffee,12.12,71,860.52,20,688.42,2024-10-14,UAE,Dubai,Supermarket,Male,4.0
SL-04924,Juice,9.11,55,501.05,5,476.0,2024-12-22,UAE,Ajman,Hypermarket,Female,1.8
SL-04925,Soft drinks,3.18,33,104.94,20,83.95,2025-02-27,UAE,Abu Dhabi,Online,Male,2.9
SL-04926,Arabic coffee,6.01,81,486.81,25,365.11,2025-07-01,UAE,Dubai,Convenience Store,Male,4.4
SL-04927,Arabic tea,3.44,25,86.0,20,68.8,2024-05-20,UAE,Ajman,Online,Male,2.3
SL-04928,Arabic tea,4.25,77,327.25,5,310.89,2023-10-31,UAE,Dubai,Online,Male,3.4
SL-04929,Masala chai,7.94,71,563.74,25,422.8,2020-07-24,UAE,Ras Al Khaimah,Online,Female,2.0
SL-04930,Arabic tea,3.77,65,245.05,15,208.29,2022-05-19,UAE,Ras Al Khaimah,Supermarket,Male,1.6
SL-04931,Camel milk,9.64,76,732.64,30,512.85,2023-07-19,UAE,Abu Dhabi,Online,Female,2.7
SL-04932,Masala chai,7.92,100,792.0,20,633.6,2023-06-06,UAE,Dubai,Supermarket,Female,3.1
SL-04933,Camel milk,18.19,100,1819.0,10,1637.1,2025-03-27,UAE,Ajman,Supermarket,Female,3.4
SL-04934,Arabic tea,5.67,6,34.02,0,34.02,2020-05-23,UAE,Dubai,Cafe,Female,4.9
SL-04935,Juice,5.26,65,341.9,10,307.71,2022-08-07,UAE,Sharjah,Online,Male,4.0
SL-04936,Arabic coffee,8.09,64,517.76,10,465.98,2020-05-12,UAE,Abu Dhabi,Online,Female,1.9
SL-04937,Laban,5.42,14,75.88,5,72.09,2024-03-28,UAE,Dubai,Cafe,Female,4.8
SL-04938,Juice,4.41,29,127.89,5,121.5,2021-05-30,UAE,Dubai,Hypermarket,Female,2.4
SL-04939,Arabic coffee,10.42,33,343.86,25,257.89,2020-12-20,UAE,Umm Al Quwain,Hypermarket,Male,1.3
SL-04940,Laban,5.62,26,146.12,30,102.28,2023-04-18,UAE,Sharjah,Cafe,Male,4.0
SL-04941,Soft drinks,4.65,37,172.05,0,172.05,2020-05-28,UAE,Umm Al Quwain,Hypermarket,Male,2.8
SL-04942,Arabic coffee,11.83,98,1159.34,30,811.54,2024-09-11,UAE,Abu Dhabi,Hypermarket,Female,3.8
SL-04943,Juice,6.34,56,355.04,0,355.04,2025-11-14,UAE,Fujairah,Online,Female,4.4
SL-04944,Laban,6.75,10,67.5,5,64.12,2025-04-10,UAE,Umm Al Quwain,Convenience Store,Male,1.8
SL-04945,Laban,3.87,60,232.2,10,208.98,2022-03-16,UAE,Sharjah,Hypermarket,Male,1.4
SL-04946,Juice,5.43,89,483.27,30,338.29,2025-01-07,UAE,Ras Al Khaimah,Hypermarket,Female,4.5
SL-04947,Arabic coffee,5.09,50,254.5,30,178.15,2025-04-16,UAE,Ajman,Hypermarket,Female,4.5
SL-04948,Camel milk,12.18,40,487.2,20,389.76,2021-03-07,UAE,Dubai,Cafe,Male,1.9
SL-04949,Camel milk,17.75,66,1171.5,15,995.78,2025-01-26,UAE,Dubai,Convenience Store,Male,2.8
SL-04950,Juice,4.43,18,79.74,25,59.81,2020-05-16,UAE,Umm Al Quwain,Cafe,Female,1.5
SL-04951,Arabic tea,3.14,20,62.8,20,50.24,2024-01-04,UAE,Ajman,Convenience Store,Female,2.1
SL-04952,Laban,5.5,24,132.0,5,125.4,2024-11-28,UAE,Fujairah,Supermarket,Male,1.1
SL-04953,Juice,7.18,15,107.7,20,86.16,2021-12-17,UAE,Umm Al Quwain,Hypermarket,Male,3.4
SL-04954,Juice,5.94,97,576.18,15,489.75,2024-08-23,UAE,Dubai,Hypermarket,Female,2.1
SL-04955,Juice,9.69,90,872.1,10,784.89,2021-12-28,UAE,Dubai,Convenience Store,Male,2.8
SL-04956,Masala chai,5.22,39,203.58,30,142.51,2023-08-16,UAE,Sharjah,Cafe,Female,4.9
SL-04957,Soft drinks,4.88,84,409.92,30,286.94,2025-11-02,UAE,Ras Al Khaimah,Cafe,Female,3.8
SL-04958,Masala chai,7.74,98,758.52,0,758.52,2022-10-19,UAE,Umm Al Quwain,Supermarket,Male,2.7
SL-04959,Arabic tea,3.16,45,142.2,0,142.2,2025-07-18,UAE,Sharjah,Online,Male,3.9
SL-04960,Camel milk,15.79,8,126.32,25,94.74,2022-04-08,UAE,Ajman,Cafe,Male,3.4
SL-04961,Laban,5.94,9,53.46,30,37.42,2020-09-04,UAE,Ras Al Khaimah,Hypermarket,Male,2.3
SL-04962,Soft drinks,5.04,41,206.64,20,165.31,2023-11-10,UAE,Ajman,Supermarket,Male,3.5
SL-04963,Juice,5.22,31,161.82,30,113.27,2024-01-12,UAE,Abu Dhabi,Cafe,Female,2.0
SL-04964,Soft drinks,3.12,42,131.04,15,111.38,2023-10-13,UAE,Dubai,Convenience Store,Male,4.5
SL-04965,Arabic coffee,9.71,68,660.28,25,495.21,2022-04-09,UAE,Abu Dhabi,Online,Male,3.2
SL-04966,Arabic tea,2.83,35,99.05,25,74.29,2025-11-21,UAE,Fujairah,Hypermarket,Male,2.5
SL-04967,Arabic coffee,11.72,99,1160.28,5,1102.27,2025-03-10,UAE,Fujairah,Cafe,Female,2.5
SL-04968,Arabic coffee,7.51,54,405.54,25,304.15,2025-04-06,UAE,Umm Al Quwain,Hypermarket,Female,5.0
SL-04969,Camel milk,10.51,72,756.72,10,681.05,2022-01-29,UAE,Fujairah,Convenience Store,Male,4.0
SL-04970,Juice,7.16,74,529.84,30,370.89,2023-02-23,UAE,Abu Dhabi,Supermarket,Female,1.6
SL-04971,Camel milk,17.26,92,1587.92,5,1508.52,2020-01-04,UAE,Fujairah,Hypermarket,Male,4.0
SL-04972,Arabic tea,6.7,51,341.7,5,324.61,2021-01-23,UAE,Sharjah,Hypermarket,Female,2.0
SL-04973,Laban,4.44,44,195.36,10,175.82,2023-07-27,UAE,Sharjah,Supermarket,Female,3.5
SL-04974,Laban,6.59,31,204.29,0,204.29,2024-07-05,UAE,Sharjah,Supermarket,Male,1.9
SL-04975,Soft drinks,2.11,21,44.31,20,35.45,2023-05-25,UAE,Abu Dhabi,Online,Male,2.3
SL-04976,Arabic tea,5.06,40,202.4,15,172.04,2021-02-14,UAE,Ras Al Khaimah,Cafe,Female,2.4
SL-04977,Juice,8.97,65,583.05,20,466.44,2021-08-28,UAE,Fujairah,Online,Female,1.4
SL-04978,Arabic tea,5.7,47,267.9,0,267.9,2023-07-09,UAE,Ras Al Khaimah,Online,Male,3.2
SL-04979,Juice,5.75,81,465.75,5,442.46,2025-11-15,UAE,Sharjah,Online,Male,3.7
SL-04980,Arabic tea,6.37,69,439.53,5,417.55,2024-12-04,UAE,Abu Dhabi,Supermarket,Female,4.4
SL-04981,Soft drinks,4.08,84,342.72,25,257.04,2022-05-24,UAE,Sharjah,Online,Male,4.5
SL-04982,Juice,5.26,51,268.26,5,254.85,2020-06-20,UAE,Abu Dhabi,Supermarket,Female,2.2
SL-04983,Camel milk,13.63,96,1308.48,15,1112.21,2022-04-29,UAE,Abu Dhabi,Cafe,Female,1.9
SL-04984,Arabic coffee,13.91,40,556.4,20,445.12,2025-08-08,UAE,Dubai,Cafe,Female,2.1
SL-04985,Masala chai,5.85,81,473.85,0,473.85,2022-06-30,UAE,Ajman,Hypermarket,Male,3.6
SL-04986,Arabic tea,6.99,5,34.95,5,33.2,2024-05-09,UAE,Dubai,Supermarket,Female,3.8
SL-04987,Juice,5.41,49,265.09,15,225.33,2023-07-27,UAE,Abu Dhabi,Hypermarket,Female,2.5
SL-04988,Masala chai,3.36,97,325.92,0,325.92,2024-03-29,UAE,Ras Al Khaimah,Convenience Store,Male,4.7
SL-04989,Soft drinks,2.65,74,196.1,10,176.49,2025-11-28,UAE,Dubai,Supermarket,Female,3.0
SL-04990,Juice,4.48,49,219.52,25,164.64,2020-09-03,UAE,Umm Al Quwain,Online,Female,4.0
SL-04991,Soft drinks,5.47,1,5.47,10,4.92,2022-12-08,UAE,Ajman,Cafe,Male,1.4
SL-04992,Laban,5.64,26,146.64,20,117.31,2024-04-04,UAE,Umm Al Quwain,Cafe,Male,4.3
SL-04993,Arabic tea,2.67,40,106.8,10,96.12,2023-03-25,UAE,Dubai,Supermarket,Male,3.5
SL-04994,Masala chai,7.93,29,229.97,30,160.98,2020-08-17,UAE,Umm Al Quwain,Hypermarket,Female,2.7
SL-04995,Arabic tea,2.89,88,254.32,10,228.89,2023-11-20,UAE,Abu Dhabi,Hypermarket,Female,3.3
SL-04996,Masala chai,6.71,2,13.42,15,11.41,2025-03-15,UAE,Dubai,Supermarket,Female,1.1
SL-04997,Arabic tea,2.86,67,191.62,10,172.46,2023-11-18,UAE,Dubai,Hypermarket,Male,3.6
SL-04998,Arabic coffee,14.3,4,57.2,30,40.04,2023-10-23,UAE,Ajman,Online,Male,2.0
SL-04999,Soft drinks,5.72,85,486.2,5,461.89,2025-02-07,UAE,Umm Al Quwain,Supermarket,Female,1.3
SL-05000,Laban,6.04,46,277.84,10,250.06,2021-11-10,UAE,Fujairah,Supermarket,Male,4.7
